{"type":"FeatureCollection","features":[{"type":"Feature","properties":{"geoid":"06001442700","name":"Centerville","city":"Fremont","county":"Alameda","centroid":[-122.00916620000001,37.5371582]},"geometry":{"type":"Polygon","coordinates":[[[-122.017211,37.539323],[-122.013712,37.544194],[-121.998519,37.536371],[-122.00236,37.529774],[-122.014029,37.536129],[-122.017211,37.539323]]]}},{"type":"Feature","properties":{"geoid":"06001442800","name":"Irvington","city":"Fremont","county":"Alameda","centroid":[-121.99290775000001,37.529269]},"geometry":{"type":"Polygon","coordinates":[[[-122.002301,37.529836],[-121.998519,37.536371],[-121.983044,37.528437],[-121.987767,37.522432],[-122.002301,37.529836]]]}},{"type":"Feature","properties":{"geoid":"06001442900","name":"Irvington","city":"Fremont","county":"Alameda","centroid":[-121.97268471428572,37.51848171428571]},"geometry":{"type":"Polygon","coordinates":[[[-121.987733,37.522481],[-121.983044,37.528437],[-121.971309,37.52248],[-121.969001,37.522484],[-121.967367,37.516694],[-121.962883,37.509343],[-121.967456,37.507453],[-121.987733,37.522481]]]}},{"type":"Feature","properties":{"geoid":"06001443001","name":"Snoboy","city":"Fremont","county":"Alameda","centroid":[-121.95142725,37.518427]},"geometry":{"type":"Polygon","coordinates":[[[-121.957596,37.523925],[-121.951627,37.524905],[-121.945316,37.512779],[-121.95117,37.512099],[-121.957596,37.523925]]]}},{"type":"Feature","properties":{"geoid":"06001443002","name":"Irvington","city":"Fremont","county":"Alameda","centroid":[-121.96160339999999,37.516909]},"geometry":{"type":"Polygon","coordinates":[[[-121.969001,37.522484],[-121.957596,37.523925],[-121.95117,37.512099],[-121.962883,37.509343],[-121.967367,37.516694],[-121.969001,37.522484]]]}},{"type":"Feature","properties":{"geoid":"06001443102","name":"Snoboy","city":"Fremont","county":"Alameda","centroid":[-121.926783875,37.506790624999994]},"geometry":{"type":"Polygon","coordinates":[[[-121.939515,37.514759],[-121.933753,37.513908],[-121.925865,37.515071],[-121.919252,37.513607],[-121.919391,37.499466],[-121.920422,37.497502],[-121.923012,37.495572],[-121.933061,37.50444],[-121.939515,37.514759]]]}},{"type":"Feature","properties":{"geoid":"06001443301","name":"Curtner","city":"Fremont","county":"Alameda","centroid":[-121.91266688888888,37.471184666666666]},"geometry":{"type":"Polygon","coordinates":[[[-121.920944,37.475046],[-121.914193,37.478882],[-121.916846,37.482553],[-121.913337,37.482889],[-121.909894,37.47238],[-121.903917,37.46454],[-121.911332,37.462236],[-121.910887,37.461486],[-121.912652,37.46065],[-121.920944,37.475046]]]}},{"type":"Feature","properties":{"geoid":"06001444100","name":"Newark","city":"Newark","county":"Alameda","centroid":[-122.03462944444446,37.549358777777776]},"geometry":{"type":"Polygon","coordinates":[[[-122.05208,37.551742],[-122.043861,37.557219],[-122.038506,37.563408],[-122.028684,37.554125],[-122.022895,37.546533],[-122.026235,37.54225],[-122.028878,37.544635],[-122.034038,37.540445],[-122.036488,37.543872],[-122.05208,37.551742]]]}},{"type":"Feature","properties":{"geoid":"06001444200","name":"Newark","city":"Newark","county":"Alameda","centroid":[-122.0443592857143,37.54260971428572]},"geometry":{"type":"Polygon","coordinates":[[[-122.055142,37.549482],[-122.05208,37.551742],[-122.036488,37.543872],[-122.033659,37.539735],[-122.035399,37.539648],[-122.044662,37.533296],[-122.053085,37.540493],[-122.055142,37.549482]]]}},{"type":"Feature","properties":{"geoid":"06001444400","name":"Newark","city":"Newark","county":"Alameda","centroid":[-122.03490714285714,37.53713414285715]},"geometry":{"type":"Polygon","coordinates":[[[-122.044648,37.533306],[-122.035399,37.539648],[-122.033659,37.539735],[-122.028878,37.544635],[-122.026235,37.54225],[-122.035524,37.530932],[-122.040007,37.529433],[-122.044648,37.533306]]]}},{"type":"Feature","properties":{"geoid":"06001444500","name":"Newark","city":"Newark","county":"Alameda","centroid":[-122.02906279999999,37.534012399999995]},"geometry":{"type":"Polygon","coordinates":[[[-122.039978,37.529443],[-122.035275,37.531105],[-122.022895,37.546533],[-122.017348,37.539133],[-122.029818,37.523848],[-122.039978,37.529443]]]}},{"type":"Feature","properties":{"geoid":"06001450200","name":"Dublin","city":"Dublin","county":"Alameda","centroid":[-121.9139835,37.723112]},"geometry":{"type":"Polygon","coordinates":[[[-121.925823,37.726848],[-121.910407,37.73036],[-121.909471,37.724803],[-121.910233,37.710437],[-121.925823,37.726848]]]}},{"type":"Feature","properties":{"geoid":"06001450300","name":"Dublin","city":"Dublin","county":"Alameda","centroid":[-121.92143577777779,37.71264266666666]},"geometry":{"type":"Polygon","coordinates":[[[-121.929286,37.726084],[-121.925823,37.726848],[-121.914101,37.713864],[-121.898655,37.70188],[-121.922584,37.701134],[-121.925083,37.705506],[-121.923506,37.705893],[-121.927345,37.710905],[-121.926539,37.72167],[-121.929286,37.726084]]]}},{"type":"Feature","properties":{"geoid":"06013345113","name":"Danville","city":"Danville","county":"Contra Costa","centroid":[-121.94049045454545,37.793295318181826]},"geometry":{"type":"Polygon","coordinates":[[[-121.959132,37.801948],[-121.956022,37.807036],[-121.952955,37.806612],[-121.951696,37.808701],[-121.940523,37.803328],[-121.921534,37.799157],[-121.922997,37.792918],[-121.923709,37.791926],[-121.92547,37.792408],[-121.927554,37.789923],[-121.925557,37.786866],[-121.928742,37.78561],[-121.929612,37.787976],[-121.932656,37.787908],[-121.936098,37.78412],[-121.939154,37.783132],[-121.946063,37.788043],[-121.95173,37.786619],[-121.953018,37.787717],[-121.953277,37.790289],[-121.957509,37.792272],[-121.955782,37.797988],[-121.959132,37.801948]]]}},{"type":"Feature","properties":{"geoid":"06013324002","name":"West Sherman Acres","city":"Pleasant Hill","county":"Contra Costa","centroid":[-122.062035,37.950049250000006]},"geometry":{"type":"Polygon","coordinates":[[[-122.073128,37.947932],[-122.060219,37.947964],[-122.060174,37.950168],[-122.062883,37.950205],[-122.06284,37.951683],[-122.060831,37.951692],[-122.061677,37.954906],[-122.060127,37.954811],[-122.06183,37.962346],[-122.055987,37.966181],[-122.052132,37.958127],[-122.059724,37.941435],[-122.060178,37.938032],[-122.063867,37.938333],[-122.063958,37.943487],[-122.073005,37.943486],[-122.073128,37.947932]]]}},{"type":"Feature","properties":{"geoid":"06013320004","name":"Vine Hill","city":"Vine Hill","county":"Contra Costa","centroid":[-122.08516150000001,38.00188858333333]},"geometry":{"type":"Polygon","coordinates":[[[-122.101872,38.00463],[-122.092751,38.006035],[-122.083499,38.004819],[-122.074489,38.00981],[-122.069496,38.015916],[-122.065878,38.009719],[-122.057078,38.000077],[-122.07765,37.992093],[-122.0965,37.99078],[-122.100758,37.992015],[-122.100269,37.997269],[-122.101698,37.9995],[-122.101872,38.00463]]]}},{"type":"Feature","properties":{"geoid":"06013336201","name":"Four Corners","city":"Concord","county":"Contra Costa","centroid":[-122.04713142857145,37.95893685714286]},"geometry":{"type":"Polygon","coordinates":[[[-122.05429,37.953663],[-122.047479,37.971173],[-122.042047,37.966237],[-122.040319,37.961288],[-122.043907,37.957411],[-122.050241,37.95524],[-122.051637,37.947546],[-122.05429,37.953663]]]}},{"type":"Feature","properties":{"geoid":"06013338203","name":"Pleasant Valley","city":"Contra Costa Centre","county":"Contra Costa","centroid":[-122.0535133,37.9263998]},"geometry":{"type":"Polygon","coordinates":[[[-122.063944,37.917394],[-122.060479,37.926458],[-122.054687,37.926536],[-122.052906,37.936689],[-122.049311,37.936733],[-122.04688,37.934066],[-122.047594,37.928028],[-122.050335,37.921139],[-122.053865,37.919805],[-122.055132,37.91715],[-122.063944,37.917394]]]}},{"type":"Feature","properties":{"geoid":"06013338204","name":"Pleasant Valley","city":"Contra Costa Centre","county":"Contra Costa","centroid":[-122.05090270000001,37.9185708]},"geometry":{"type":"Polygon","coordinates":[[[-122.058374,37.910386],[-122.056315,37.917154],[-122.054569,37.917573],[-122.053817,37.919837],[-122.050335,37.921139],[-122.047594,37.928028],[-122.04688,37.934066],[-122.034337,37.920829],[-122.048995,37.909613],[-122.057811,37.907083],[-122.058374,37.910386]]]}},{"type":"Feature","properties":{"geoid":"06013345204","name":"Unincorporated Contra Costa","city":"","county":"Contra Costa","centroid":[-122.03892159999998,37.83303442857142]},"geometry":{"type":"Polygon","coordinates":[[[-122.070819,37.829684],[-122.070669,37.835559],[-122.061419,37.835609],[-122.061569,37.842983],[-122.052357,37.842497],[-122.053009,37.859145],[-122.044876,37.859323],[-122.047344,37.865563],[-122.0447,37.866452],[-122.042832,37.866613],[-122.028746,37.843621],[-122.027326,37.843124],[-122.025087,37.845581],[-122.017612,37.84014],[-122.019343,37.838808],[-122.015694,37.835657],[-122.020353,37.83119],[-122.021557,37.828032],[-122.019726,37.825425],[-122.017553,37.825241],[-122.024058,37.822792],[-122.023646,37.821602],[-122.026035,37.820855],[-122.030382,37.821998],[-122.031382,37.820646],[-122.033187,37.821026],[-122.031326,37.818688],[-122.03386,37.817087],[-122.037084,37.812569],[-122.037575,37.809047],[-122.038924,37.80868],[-122.0531,37.820284],[-122.061524,37.823484],[-122.066806,37.828434],[-122.070776,37.828766],[-122.070819,37.829684]]]}},{"type":"Feature","properties":{"geoid":"06013345203","name":"Unincorporated Contra Costa","city":"","county":"Contra Costa","centroid":[-122.02614592982455,37.80962122807018]},"geometry":{"type":"Polygon","coordinates":[[[-122.074745,37.830091],[-122.066806,37.828434],[-122.061932,37.823711],[-122.0531,37.820284],[-122.038924,37.80868],[-122.037575,37.809047],[-122.037084,37.812569],[-122.03386,37.817087],[-122.031326,37.818688],[-122.033187,37.821026],[-122.031382,37.820646],[-122.030382,37.821998],[-122.026035,37.820855],[-122.023646,37.821602],[-122.024058,37.822792],[-122.017553,37.825241],[-122.019726,37.825425],[-122.021557,37.828032],[-122.020353,37.83119],[-122.015694,37.835657],[-122.019151,37.839032],[-122.017612,37.84014],[-122.008976,37.835005],[-121.996193,37.826657],[-121.99356,37.823026],[-121.992791,37.811391],[-121.99526,37.811362],[-121.994624,37.807591],[-121.992717,37.804646],[-121.990908,37.805657],[-121.988838,37.800956],[-122.000156,37.800576],[-121.993354,37.793647],[-121.993278,37.787544],[-121.991204,37.786435],[-121.994062,37.786357],[-121.994096,37.785275],[-121.988939,37.77837],[-121.994368,37.775738],[-121.997525,37.776401],[-121.995869,37.772654],[-122.000187,37.7723],[-122.004081,37.770147],[-122.0138,37.780128],[-122.030472,37.787727],[-122.045473,37.798126],[-122.062781,37.799853],[-122.067619,37.806309],[-122.069881,37.806447],[-122.069069,37.80804],[-122.073619,37.811334],[-122.073452,37.81397],[-122.069081,37.814534],[-122.069944,37.819484],[-122.066843,37.818298],[-122.070438,37.821701],[-122.071172,37.828497],[-122.074745,37.830091]]]}},{"type":"Feature","properties":{"geoid":"06013345112","name":"Gale Ranch","city":"San Ramon","county":"Contra Costa","centroid":[-121.92661388888891,37.76449651851852]},"geometry":{"type":"Polygon","coordinates":[[[-121.943671,37.782078],[-121.941574,37.783922],[-121.937115,37.783487],[-121.932214,37.788004],[-121.929612,37.787976],[-121.928742,37.78561],[-121.925557,37.786866],[-121.924467,37.785103],[-121.92266,37.77978],[-121.924984,37.77371],[-121.918156,37.773469],[-121.920314,37.765959],[-121.914254,37.756506],[-121.915606,37.753845],[-121.913927,37.749444],[-121.915117,37.744247],[-121.913997,37.739724],[-121.916489,37.738989],[-121.918498,37.736028],[-121.92045,37.73594],[-121.923067,37.738028],[-121.925308,37.737597],[-121.940148,37.755562],[-121.94086,37.757941],[-121.936197,37.767015],[-121.934736,37.772953],[-121.940855,37.781623],[-121.943671,37.782078]]]}},{"type":"Feature","properties":{"geoid":"06001441402","name":"Fremont","city":"Fremont","county":"Alameda","centroid":[-122.03758639999998,37.581607]},"geometry":{"type":"Polygon","coordinates":[[[-122.050346,37.583491],[-122.044863,37.587466],[-122.037973,37.587657],[-122.032657,37.585529],[-122.02536,37.578493],[-122.0268,37.576923],[-122.032919,37.58125],[-122.035394,37.581569],[-122.041198,37.575093],[-122.048354,37.578599],[-122.050346,37.583491]]]}},{"type":"Feature","properties":{"geoid":"06001441501","name":"Contempo","city":"Union","county":"Alameda","centroid":[-122.08141584615383,37.56781461538462]},"geometry":{"type":"Polygon","coordinates":[[[-122.095548,37.566073],[-122.091714,37.567386],[-122.090786,37.564662],[-122.089358,37.564521],[-122.080174,37.569825],[-122.077973,37.57066],[-122.076109,37.569809],[-122.062894,37.5849],[-122.060222,37.573995],[-122.06973,37.563639],[-122.080263,37.561391],[-122.090599,37.562092],[-122.093036,37.562637],[-122.095548,37.566073]]]}},{"type":"Feature","properties":{"geoid":"06001441521","name":"Contempo","city":"Fremont","county":"Alameda","centroid":[-122.052097,37.57258585714286]},"geometry":{"type":"Polygon","coordinates":[[[-122.060428,37.574893],[-122.054663,37.581737],[-122.048354,37.578599],[-122.045846,37.571496],[-122.043128,37.56773],[-122.053752,37.566287],[-122.058508,37.567359],[-122.060428,37.574893]]]}},{"type":"Feature","properties":{"geoid":"06001441522","name":"Contempo","city":"Fremont","county":"Alameda","centroid":[-122.057221,37.584503500000004]},"geometry":{"type":"Polygon","coordinates":[[[-122.064284,37.586786],[-122.060459,37.591797],[-122.056731,37.59263],[-122.050673,37.584062],[-122.048354,37.578599],[-122.054663,37.581737],[-122.060428,37.574893],[-122.062176,37.585524],[-122.064284,37.586786]]]}},{"type":"Feature","properties":{"geoid":"06001441601","name":"Fremont","city":"Fremont","county":"Alameda","centroid":[-122.02897474999999,37.5616935]},"geometry":{"type":"Polygon","coordinates":[[[-122.038596,37.563483],[-122.032429,37.570799],[-122.022784,37.566055],[-122.024944,37.563224],[-122.024721,37.560419],[-122.027608,37.556687],[-122.029497,37.556289],[-122.031219,37.556592],[-122.038596,37.563483]]]}},{"type":"Feature","properties":{"geoid":"06001441602","name":"Centerville","city":"Fremont","county":"Alameda","centroid":[-122.02368642857144,37.55860114285714]},"geometry":{"type":"Polygon","coordinates":[[[-122.031219,37.556592],[-122.027608,37.556687],[-122.024662,37.560527],[-122.024944,37.563224],[-122.022784,37.566055],[-122.011693,37.56059],[-122.022895,37.546533],[-122.031219,37.556592]]]}},{"type":"Feature","properties":{"geoid":"06001441800","name":"Centerville","city":"Fremont","county":"Alameda","centroid":[-121.98930307692306,37.55987007692307]},"geometry":{"type":"Polygon","coordinates":[[[-122.004553,37.55703],[-122.003066,37.559626],[-122.001229,37.559969],[-122.001764,37.561422],[-121.983531,37.566463],[-121.982641,37.563769],[-121.979422,37.564199],[-121.978624,37.561646],[-121.980294,37.558635],[-121.982475,37.559728],[-121.984084,37.557873],[-121.986725,37.557289],[-121.992532,37.550662],[-122.004553,37.55703]]]}},{"type":"Feature","properties":{"geoid":"06001441921","name":"Irvington","city":"Fremont","county":"Alameda","centroid":[-121.96784425,37.542002]},"geometry":{"type":"Polygon","coordinates":[[[-121.973055,37.540845],[-121.972262,37.549115],[-121.960601,37.541672],[-121.965459,37.536376],[-121.973055,37.540845]]]}},{"type":"Feature","properties":{"geoid":"06001441923","name":"Centerville","city":"Fremont","county":"Alameda","centroid":[-121.98544133333333,37.552963000000005]},"geometry":{"type":"Polygon","coordinates":[[[-121.993373,37.546882],[-121.990833,37.549815],[-121.992466,37.550808],[-121.986865,37.557176],[-121.982475,37.559728],[-121.980294,37.558635],[-121.98152,37.556859],[-121.976036,37.554114],[-121.98511,37.54265],[-121.993373,37.546882]]]}},{"type":"Feature","properties":{"geoid":"06001442100","name":"Fremont","city":"Fremont","county":"Alameda","centroid":[-121.95044625,37.54491025]},"geometry":{"type":"Polygon","coordinates":[[[-121.955638,37.55985],[-121.939854,37.54988],[-121.952298,37.536805],[-121.953995,37.533106],[-121.955638,37.55985]]]}},{"type":"Feature","properties":{"geoid":"06001442400","name":"Irvington","city":"Fremont","county":"Alameda","centroid":[-121.97199583333334,37.53017416666666]},"geometry":{"type":"Polygon","coordinates":[[[-121.982958,37.528542],[-121.973146,37.540693],[-121.965459,37.536376],[-121.970102,37.53047],[-121.969001,37.522484],[-121.971309,37.52248],[-121.982958,37.528542]]]}},{"type":"Feature","properties":{"geoid":"06001441525","name":"Snoboy","city":"Fremont","county":"Alameda","centroid":[-121.94038042857143,37.501908428571426]},"geometry":{"type":"Polygon","coordinates":[[[-121.95117,37.512099],[-121.939515,37.514759],[-121.933868,37.505236],[-121.923012,37.495572],[-121.936783,37.483954],[-121.948597,37.492799],[-121.949718,37.50894],[-121.95117,37.512099]]]}},{"type":"Feature","properties":{"geoid":"06001440337","name":"Decoto","city":"Union","county":"Alameda","centroid":[-122.01155120000001,37.593497]},"geometry":{"type":"Polygon","coordinates":[[[-122.018451,37.595817],[-122.015637,37.602313],[-122.001284,37.589523],[-122.005712,37.586398],[-122.016672,37.593434],[-122.018451,37.595817]]]}},{"type":"Feature","properties":{"geoid":"06001440338","name":"Decoto","city":"Union","county":"Alameda","centroid":[-122.01324875,37.587966249999994]},"geometry":{"type":"Polygon","coordinates":[[[-122.021467,37.587316],[-122.018634,37.595312],[-122.005866,37.586484],[-122.007028,37.582753],[-122.021467,37.587316]]]}},{"type":"Feature","properties":{"geoid":"06001451103","name":"Unincorporated Alameda","city":"","county":"Alameda","centroid":[-121.72474783333334,37.624557666666675]},"geometry":{"type":"Polygon","coordinates":[[[-121.803108,37.628644],[-121.801514,37.635452],[-121.783194,37.648693],[-121.782653,37.64519],[-121.768075,37.645195],[-121.768068,37.65663],[-121.74978,37.656642],[-121.749722,37.670019],[-121.741976,37.665176],[-121.718943,37.665],[-121.71807,37.696943],[-121.70136,37.699255],[-121.696914,37.703182],[-121.696608,37.646964],[-121.686739,37.64183],[-121.685175,37.63777],[-121.682107,37.634662],[-121.682278,37.63324],[-121.669728,37.626799],[-121.661768,37.625983],[-121.659696,37.624974],[-121.659454,37.623467],[-121.654076,37.621178],[-121.65488,37.619896],[-121.66233,37.621264],[-121.667682,37.618471],[-121.674668,37.620175],[-121.676709,37.617861],[-121.680528,37.616305],[-121.683609,37.612108],[-121.686996,37.611858],[-121.696782,37.617057],[-121.702824,37.622094],[-121.700114,37.61384],[-121.696591,37.61251],[-121.693785,37.608085],[-121.686888,37.603718],[-121.689859,37.598907],[-121.701419,37.595824],[-121.703118,37.598479],[-121.707321,37.597509],[-121.707325,37.600179],[-121.715612,37.601091],[-121.718584,37.606618],[-121.722973,37.607036],[-121.726096,37.617419],[-121.73237,37.621923],[-121.742046,37.621934],[-121.742081,37.624938],[-121.747465,37.624932],[-121.748787,37.621406],[-121.746603,37.620619],[-121.746631,37.61912],[-121.749228,37.6182],[-121.749157,37.615239],[-121.750486,37.613745],[-121.748686,37.60895],[-121.747049,37.608892],[-121.746938,37.607336],[-121.744983,37.606537],[-121.749324,37.605387],[-121.749439,37.604119],[-121.751958,37.605866],[-121.751233,37.601213],[-121.766945,37.604969],[-121.77684,37.609796],[-121.779163,37.612621],[-121.77993,37.616857],[-121.785064,37.623131],[-121.785864,37.626031],[-121.787891,37.627251],[-121.797984,37.625948],[-121.803108,37.628644]]]}},{"type":"Feature","properties":{"geoid":"06001432602","name":"San Leandro","city":"San Leandro","county":"Alameda","centroid":[-122.15127179999999,37.724958599999994]},"geometry":{"type":"Polygon","coordinates":[[[-122.157524,37.726871],[-122.156383,37.728407],[-122.148736,37.729135],[-122.14508,37.720682],[-122.148636,37.719698],[-122.157524,37.726871]]]}},{"type":"Feature","properties":{"geoid":"06001451104","name":"Unincorporated Alameda","city":"","county":"Alameda","centroid":[-121.6719056615384,37.58892499230769]},"geometry":{"type":"Polygon","coordinates":[[[-121.756589,37.600449],[-121.751219,37.601222],[-121.751958,37.605866],[-121.749439,37.604119],[-121.749324,37.605387],[-121.744983,37.606537],[-121.746938,37.607336],[-121.747049,37.608892],[-121.748686,37.60895],[-121.750486,37.613745],[-121.749157,37.615239],[-121.749228,37.6182],[-121.746631,37.61912],[-121.746603,37.620619],[-121.748787,37.621406],[-121.747465,37.624932],[-121.742081,37.624938],[-121.742046,37.621934],[-121.73237,37.621923],[-121.726096,37.617419],[-121.722973,37.607036],[-121.718584,37.606618],[-121.715612,37.601091],[-121.707325,37.600179],[-121.707321,37.597509],[-121.703118,37.598479],[-121.701419,37.595824],[-121.689859,37.598907],[-121.686888,37.603718],[-121.693785,37.608085],[-121.696591,37.61251],[-121.700114,37.61384],[-121.702824,37.622094],[-121.696782,37.617057],[-121.686996,37.611858],[-121.683609,37.612108],[-121.680528,37.616305],[-121.676709,37.617861],[-121.674668,37.620175],[-121.667682,37.618471],[-121.66233,37.621264],[-121.65488,37.619896],[-121.654076,37.621178],[-121.659454,37.623467],[-121.659696,37.624974],[-121.661768,37.625983],[-121.669728,37.626799],[-121.682278,37.63324],[-121.682107,37.634662],[-121.685175,37.63777],[-121.686739,37.64183],[-121.696608,37.646964],[-121.696608,37.702636],[-121.701831,37.699124],[-121.71807,37.696943],[-121.72436,37.710601],[-121.724029,37.73837],[-121.72307,37.741336],[-121.725966,37.746926],[-121.731925,37.750201],[-121.735129,37.755158],[-121.73652,37.762352],[-121.733131,37.766952],[-121.735762,37.770952],[-121.73928,37.772122],[-121.556997,37.816488],[-121.556655,37.542732],[-121.550454,37.539332],[-121.545754,37.532532],[-121.540611,37.529822],[-121.532694,37.528653],[-121.530386,37.527061],[-121.528817,37.52806],[-121.522328,37.524705],[-121.516749,37.525512],[-121.509906,37.524625],[-121.50442,37.525863],[-121.501475,37.525003],[-121.498268,37.522427],[-121.502371,37.51847],[-121.497232,37.512463],[-121.495382,37.508133],[-121.496017,37.504938],[-121.493183,37.502421],[-121.482065,37.501439],[-121.479362,37.496484],[-121.476035,37.495424],[-121.469275,37.489688],[-121.471198,37.482829],[-121.471925,37.481783],[-121.670399,37.48274],[-121.671606,37.486402],[-121.674294,37.488473],[-121.681299,37.489831],[-121.68767,37.492778],[-121.688242,37.497314],[-121.691164,37.502264],[-121.688513,37.504232],[-121.686906,37.507742],[-121.694945,37.509191],[-121.702435,37.515055],[-121.70115,37.522179],[-121.70259,37.526172],[-121.698257,37.529347],[-121.69632,37.529866],[-121.692133,37.526232],[-121.687799,37.524987],[-121.686302,37.526627],[-121.681221,37.526614],[-121.691734,37.541011],[-121.695655,37.550071],[-121.700808,37.553045],[-121.70167,37.557288],[-121.707444,37.559609],[-121.711526,37.564897],[-121.71363,37.564547],[-121.719956,37.569271],[-121.719432,37.57341],[-121.721098,37.5769],[-121.726346,37.577968],[-121.728271,37.580496],[-121.731152,37.581565],[-121.7327,37.584824],[-121.737181,37.584783],[-121.739435,37.587084],[-121.742322,37.586589],[-121.742971,37.588294],[-121.750028,37.591091],[-121.748554,37.594643],[-121.751977,37.598272],[-121.756589,37.600449]]]}},{"type":"Feature","properties":{"geoid":"06001441928","name":"Fremont","city":"Fremont","county":"Alameda","centroid":[-121.96496522222222,37.55278755555556]},"geometry":{"type":"Polygon","coordinates":[[[-121.972458,37.550241],[-121.971182,37.552707],[-121.96612,37.554956],[-121.971102,37.559296],[-121.961473,37.565571],[-121.955638,37.55985],[-121.954356,37.541962],[-121.960096,37.54139],[-121.972262,37.549115],[-121.972458,37.550241]]]}},{"type":"Feature","properties":{"geoid":"06001441929","name":"Centerville","city":"Fremont","county":"Alameda","centroid":[-121.971658,37.5536422]},"geometry":{"type":"Polygon","coordinates":[[[-121.977486,37.552251],[-121.971102,37.559296],[-121.96612,37.554956],[-121.97132,37.552593],[-121.972262,37.549115],[-121.977486,37.552251]]]}},{"type":"Feature","properties":{"geoid":"06001441701","name":"Centerville","city":"Fremont","county":"Alameda","centroid":[-122.01338937499999,37.550829]},"geometry":{"type":"Polygon","coordinates":[[[-122.022759,37.546698],[-122.018289,37.552117],[-122.01406,37.550307],[-122.010986,37.554274],[-122.009689,37.55364],[-122.008601,37.555995],[-122.005383,37.554468],[-122.017348,37.539133],[-122.022759,37.546698]]]}},{"type":"Feature","properties":{"geoid":"06001444304","name":"Newark","city":"Newark","county":"Alameda","centroid":[-122.03679182500002,37.50474947500001]},"geometry":{"type":"Polygon","coordinates":[[[-122.07089,37.519017],[-122.060529,37.521261],[-122.061345,37.523267],[-122.068089,37.524168],[-122.06468,37.534691],[-122.063414,37.529472],[-122.057921,37.527119],[-122.050004,37.529258],[-122.044662,37.533296],[-122.036702,37.527044],[-122.012103,37.515625],[-122.01488,37.509699],[-122.012435,37.50689],[-122.011945,37.50402],[-122.015489,37.501255],[-122.01252,37.499717],[-122.012445,37.496877],[-122.008251,37.497518],[-122.006055,37.494617],[-122.010705,37.492845],[-122.009747,37.488982],[-122.013813,37.481647],[-122.0198,37.484589],[-122.023141,37.484693],[-122.025282,37.482412],[-122.025852,37.478979],[-122.027449,37.478663],[-122.030262,37.482665],[-122.029242,37.488156],[-122.030347,37.489465],[-122.032234,37.489354],[-122.038309,37.493697],[-122.041124,37.493526],[-122.057479,37.499121],[-122.054028,37.508454],[-122.055754,37.514225],[-122.060838,37.514834],[-122.064519,37.513016],[-122.067382,37.51828],[-122.070007,37.517565],[-122.07089,37.519017]]]}},{"type":"Feature","properties":{"geoid":"06001436404","name":"Fairview","city":"Fairview","county":"Alameda","centroid":[-122.05950011764708,37.67325405882352]},"geometry":{"type":"Polygon","coordinates":[[[-122.073017,37.673055],[-122.066298,37.674877],[-122.066926,37.676038],[-122.064642,37.67576],[-122.065,37.677927],[-122.058104,37.67994],[-122.050154,37.678684],[-122.049032,37.677089],[-122.051737,37.674222],[-122.055763,37.673401],[-122.056135,37.671076],[-122.05254,37.670466],[-122.051814,37.668529],[-122.059305,37.666343],[-122.060228,37.66753],[-122.065904,37.668717],[-122.064903,37.671665],[-122.073017,37.673055]]]}},{"type":"Feature","properties":{"geoid":"06001436301","name":"Hayward","city":"Hayward","county":"Alameda","centroid":[-122.09560359999998,37.66826520000001]},"geometry":{"type":"Polygon","coordinates":[[[-122.101682,37.669365],[-122.098255,37.670759],[-122.099839,37.673222],[-122.095011,37.675179],[-122.088112,37.670501],[-122.093369,37.668385],[-122.087988,37.661782],[-122.092598,37.659886],[-122.100231,37.666572],[-122.098951,37.667001],[-122.101682,37.669365]]]}},{"type":"Feature","properties":{"geoid":"06001450400","name":"Dublin","city":"Dublin","county":"Alameda","centroid":[-121.928944625,37.7115625]},"geometry":{"type":"Polygon","coordinates":[[[-121.942319,37.722966],[-121.929219,37.725909],[-121.926539,37.72167],[-121.927345,37.710905],[-121.923506,37.705893],[-121.925083,37.705506],[-121.922584,37.701134],[-121.934962,37.698517],[-121.942319,37.722966]]]}},{"type":"Feature","properties":{"geoid":"06001441702","name":"Centerville","city":"Fremont","county":"Alameda","centroid":[-122.0064512142857,37.558475428571434]},"geometry":{"type":"Polygon","coordinates":[[[-122.018289,37.552117],[-122.011015,37.561503],[-122.007128,37.564636],[-122.00485,37.563305],[-121.998252,37.564319],[-121.995937,37.563041],[-122.001764,37.561422],[-122.001229,37.559969],[-122.003066,37.559626],[-122.005451,37.554502],[-122.008601,37.555995],[-122.009689,37.55364],[-122.010986,37.554274],[-122.01406,37.550307],[-122.018289,37.552117]]]}},{"type":"Feature","properties":{"geoid":"06001433801","name":"Ashland","city":"Ashland","county":"Alameda","centroid":[-122.12277599999999,37.7052425]},"geometry":{"type":"Polygon","coordinates":[[[-122.129285,37.705855],[-122.124259,37.709833],[-122.116647,37.705303],[-122.120913,37.699979],[-122.129285,37.705855]]]}},{"type":"Feature","properties":{"geoid":"06001433802","name":"Ashland","city":"Ashland","county":"Alameda","centroid":[-122.12471842857143,37.69560828571429]},"geometry":{"type":"Polygon","coordinates":[[[-122.130037,37.692985],[-122.130032,37.697097],[-122.123668,37.698483],[-122.123695,37.701926],[-122.118868,37.698542],[-122.118944,37.68946],[-122.127785,37.690765],[-122.130037,37.692985]]]}},{"type":"Feature","properties":{"geoid":"06001436302","name":"Hayward","city":"Hayward","county":"Alameda","centroid":[-122.08872916666667,37.66376866666667]},"geometry":{"type":"Polygon","coordinates":[[[-122.093369,37.668385],[-122.088112,37.670501],[-122.082336,37.666154],[-122.087972,37.655904],[-122.092598,37.659886],[-122.087988,37.661782],[-122.093369,37.668385]]]}},{"type":"Feature","properties":{"geoid":"06001436403","name":"Hayward","city":"Hayward","county":"Alameda","centroid":[-122.06955773333333,37.67094106666666]},"geometry":{"type":"Polygon","coordinates":[[[-122.080681,37.668851],[-122.076015,37.671876],[-122.07749,37.673104],[-122.075171,37.674724],[-122.065,37.677927],[-122.064642,37.67576],[-122.066926,37.676038],[-122.066298,37.674877],[-122.073017,37.673055],[-122.064903,37.671665],[-122.065904,37.668717],[-122.058873,37.666248],[-122.064441,37.663296],[-122.068875,37.665191],[-122.07513,37.662787],[-122.080681,37.668851]]]}},{"type":"Feature","properties":{"geoid":"06001403402","name":"Civic Center","city":"Oakland","county":"Alameda","centroid":[-122.26458166666667,37.802303]},"geometry":{"type":"Polygon","coordinates":[[[-122.267226,37.801221],[-122.264778,37.805119],[-122.263575,37.804656],[-122.265256,37.802021],[-122.262903,37.801101],[-122.263752,37.7997],[-122.267226,37.801221]]]}},{"type":"Feature","properties":{"geoid":"06001442502","name":"Centerville","city":"Fremont","county":"Alameda","centroid":[-121.98805925,37.54037825]},"geometry":{"type":"Polygon","coordinates":[[[-121.998419,37.536488],[-121.991011,37.545522],[-121.985373,37.542611],[-121.982594,37.54556],[-121.980866,37.544669],[-121.985971,37.537536],[-121.988466,37.537712],[-121.991774,37.532928],[-121.998419,37.536488]]]}},{"type":"Feature","properties":{"geoid":"06001442501","name":"Irvington","city":"Fremont","county":"Alameda","centroid":[-121.98488249999998,37.53571633333333]},"geometry":{"type":"Polygon","coordinates":[[[-121.99169,37.533027],[-121.988503,37.537682],[-121.985971,37.537536],[-121.984127,37.540398],[-121.97596,37.537218],[-121.983044,37.528437],[-121.99169,37.533027]]]}},{"type":"Feature","properties":{"geoid":"06001450609","name":"Pleasanton","city":"Pleasanton","county":"Alameda","centroid":[-121.9242105,37.686517]},"geometry":{"type":"Polygon","coordinates":[[[-121.934962,37.698517],[-121.922584,37.701134],[-121.913553,37.678019],[-121.921208,37.675606],[-121.92376,37.681175],[-121.929196,37.684651],[-121.934962,37.698517]]]}},{"type":"Feature","properties":{"geoid":"06001450608","name":"Del Prado","city":"Pleasanton","county":"Alameda","centroid":[-121.906286125,37.658417375000006]},"geometry":{"type":"Polygon","coordinates":[[[-121.921208,37.675606],[-121.913553,37.678019],[-121.906357,37.661794],[-121.884418,37.639949],[-121.891114,37.637362],[-121.903787,37.647239],[-121.910923,37.659714],[-121.918929,37.667656],[-121.921208,37.675606]]]}},{"type":"Feature","properties":{"geoid":"06001444303","name":"Fremont","city":"Fremont","county":"Alameda","centroid":[-122.08446371999999,37.520421119999995]},"geometry":{"type":"Polygon","coordinates":[[[-122.111675,37.510408],[-122.10193,37.52262],[-122.092433,37.530552],[-122.076263,37.534697],[-122.067333,37.540231],[-122.06468,37.534691],[-122.068089,37.524168],[-122.061345,37.523267],[-122.060529,37.521261],[-122.07089,37.519017],[-122.070552,37.51752],[-122.079185,37.514838],[-122.080202,37.514981],[-122.079505,37.516418],[-122.080861,37.516609],[-122.082839,37.514484],[-122.087861,37.513193],[-122.089497,37.513611],[-122.08853,37.517035],[-122.09228,37.518493],[-122.09326,37.520987],[-122.098329,37.522612],[-122.101522,37.521337],[-122.101243,37.518249],[-122.11076,37.509249],[-122.111675,37.510408]]]}},{"type":"Feature","properties":{"geoid":"06001432601","name":"Mulford","city":"San Leandro","county":"Alameda","centroid":[-122.15960616666666,37.72343366666667]},"geometry":{"type":"Polygon","coordinates":[[[-122.169644,37.727713],[-122.167653,37.726333],[-122.159255,37.725392],[-122.157524,37.726871],[-122.147968,37.719211],[-122.155593,37.715082],[-122.169644,37.727713]]]}},{"type":"Feature","properties":{"geoid":"06001403401","name":"Lakeside","city":"Oakland","county":"Alameda","centroid":[-122.258823875,37.8050613125]},"geometry":{"type":"Polygon","coordinates":[[[-122.265371,37.80645],[-122.264424,37.807887],[-122.263564,37.807216],[-122.262463,37.810945],[-122.256158,37.809012],[-122.256001,37.807463],[-122.250095,37.809118],[-122.249148,37.808391],[-122.250917,37.804614],[-122.253382,37.80372],[-122.254619,37.800386],[-122.259554,37.798301],[-122.263752,37.7997],[-122.262903,37.801101],[-122.265256,37.802021],[-122.263575,37.804656],[-122.265371,37.80645]]]}},{"type":"Feature","properties":{"geoid":"06001403302","name":"Civic Center","city":"Oakland","county":"Alameda","centroid":[-122.26568275000001,37.7944765]},"geometry":{"type":"Polygon","coordinates":[[[-122.27418,37.791328],[-122.27014,37.796524],[-122.266615,37.795117],[-122.263752,37.7997],[-122.259554,37.798301],[-122.259659,37.796092],[-122.263018,37.790816],[-122.268544,37.787934],[-122.27418,37.791328]]]}},{"type":"Feature","properties":{"geoid":"06001403301","name":"Civic Center","city":"Oakland","county":"Alameda","centroid":[-122.266941,37.798125500000005]},"geometry":{"type":"Polygon","coordinates":[[[-122.270085,37.796604],[-122.267312,37.801081],[-122.263752,37.7997],[-122.266615,37.795117],[-122.270085,37.796604]]]}},{"type":"Feature","properties":{"geoid":"06001982100","name":"Northside","city":"Berkeley","county":"Alameda","centroid":[-122.25411462500001,37.873555625]},"geometry":{"type":"Polygon","coordinates":[[[-122.266367,37.874107],[-122.254723,37.875627],[-122.255083,37.880257],[-122.246439,37.881203],[-122.245156,37.869737],[-122.249217,37.870317],[-122.249942,37.869363],[-122.26599,37.867834],[-122.266367,37.874107]]]}},{"type":"Feature","properties":{"geoid":"06001420302","name":"Albany Hill","city":"Albany","county":"Alameda","centroid":[-122.31067379999998,37.8917644]},"geometry":{"type":"Polygon","coordinates":[[[-122.333398,37.892794],[-122.308859,37.897773],[-122.306013,37.889587],[-122.302247,37.891772],[-122.302599,37.895664],[-122.300903,37.896019],[-122.298249,37.887758],[-122.307511,37.887207],[-122.312224,37.889494],[-122.334735,37.889576],[-122.333398,37.892794]]]}},{"type":"Feature","properties":{"geoid":"06001402801","name":"Uptown","city":"Oakland","county":"Alameda","centroid":[-122.27072233333335,37.809581]},"geometry":{"type":"Polygon","coordinates":[[[-122.274122,37.812829],[-122.266771,37.811553],[-122.271274,37.804361],[-122.274122,37.812829]]]}},{"type":"Feature","properties":{"geoid":"06001402802","name":"San Pablo Gateway","city":"Oakland","county":"Alameda","centroid":[-122.27350766666666,37.80706]},"geometry":{"type":"Polygon","coordinates":[[[-122.275896,37.806354],[-122.273353,37.810465],[-122.271274,37.804361],[-122.275896,37.806354]]]}},{"type":"Feature","properties":{"geoid":"06001420401","name":"University Village","city":"Albany","county":"Alameda","centroid":[-122.300289,37.885344333333336]},"geometry":{"type":"Polygon","coordinates":[[[-122.303019,37.885078],[-122.300308,37.885705],[-122.300963,37.887698],[-122.298249,37.887758],[-122.296882,37.883471],[-122.302313,37.882356],[-122.303019,37.885078]]]}},{"type":"Feature","properties":{"geoid":"06001422902","name":"Downtown Berkeley","city":"Berkeley","county":"Alameda","centroid":[-122.26958983333333,37.8676685]},"geometry":{"type":"Polygon","coordinates":[[[-122.273067,37.871512],[-122.266159,37.872389],[-122.26599,37.867834],[-122.270328,37.867259],[-122.269834,37.863665],[-122.272161,37.863352],[-122.273067,37.871512]]]}},{"type":"Feature","properties":{"geoid":"06001422901","name":"Downtown Berkeley","city":"Berkeley","county":"Alameda","centroid":[-122.26785725,37.865755750000005]},"geometry":{"type":"Polygon","coordinates":[[[-122.270328,37.867259],[-122.26599,37.867834],[-122.265277,37.864265],[-122.269834,37.863665],[-122.270328,37.867259]]]}},{"type":"Feature","properties":{"geoid":"06001420402","name":"University Village","city":"Albany","county":"Alameda","centroid":[-122.31294529999998,37.8856317]},"geometry":{"type":"Polygon","coordinates":[[[-122.33177,37.889609],[-122.31185,37.88947],[-122.308228,37.887304],[-122.300963,37.887698],[-122.300308,37.885705],[-122.303019,37.885078],[-122.302422,37.88231],[-122.308528,37.882211],[-122.32763,37.877356],[-122.334735,37.889576],[-122.33177,37.889609]]]}},{"type":"Feature","properties":{"geoid":"06001420301","name":"Albany Hill","city":"Albany","county":"Alameda","centroid":[-122.303717,37.89415985714286]},"geometry":{"type":"Polygon","coordinates":[[[-122.308779,37.897783],[-122.301579,37.898229],[-122.300903,37.896019],[-122.302599,37.895664],[-122.302247,37.891772],[-122.303899,37.890065],[-122.306013,37.889587],[-122.308779,37.897783]]]}},{"type":"Feature","properties":{"geoid":"06075020602","name":"Castro","city":"San Francisco","county":"San Francisco","centroid":[-122.42947816666667,37.75800516666667]},"geometry":{"type":"Polygon","coordinates":[[[-122.434854,37.759289],[-122.428202,37.759692],[-122.42805,37.758089],[-122.425685,37.758232],[-122.425532,37.756636],[-122.434546,37.756093],[-122.434854,37.759289]]]}},{"type":"Feature","properties":{"geoid":"06001450603","name":"Hacienda","city":"Pleasanton","county":"Alameda","centroid":[-121.907689,37.688241500000004]},"geometry":{"type":"Polygon","coordinates":[[[-121.922584,37.701134],[-121.907013,37.701893],[-121.903469,37.697301],[-121.903675,37.68074],[-121.898383,37.676847],[-121.91101,37.671534],[-121.922584,37.701134]]]}},{"type":"Feature","properties":{"geoid":"06001450604","name":"Hacienda","city":"Pleasanton","county":"Alameda","centroid":[-121.88815224999999,37.68047725]},"geometry":{"type":"Polygon","coordinates":[[[-121.903403,37.680281],[-121.878146,37.688893],[-121.874014,37.676726],[-121.897046,37.676009],[-121.903403,37.680281]]]}},{"type":"Feature","properties":{"geoid":"06001450605","name":"Del Prado","city":"Pleasanton","county":"Alameda","centroid":[-121.87985900000001,37.6711032]},"geometry":{"type":"Polygon","coordinates":[[[-121.897046,37.676009],[-121.874014,37.676726],[-121.872661,37.672499],[-121.874035,37.66477],[-121.881539,37.665512],[-121.897046,37.676009]]]}},{"type":"Feature","properties":{"geoid":"06001450606","name":"Del Prado","city":"Pleasanton","county":"Alameda","centroid":[-121.89810360000001,37.6690792]},"geometry":{"type":"Polygon","coordinates":[[[-121.91101,37.671534],[-121.898383,37.676847],[-121.883752,37.66746],[-121.891047,37.667797],[-121.906326,37.661758],[-121.91101,37.671534]]]}},{"type":"Feature","properties":{"geoid":"06001451701","name":"Sandhurst","city":"Livermore","county":"Alameda","centroid":[-121.788262125,37.672368750000004]},"geometry":{"type":"Polygon","coordinates":[[[-121.795271,37.677255],[-121.789153,37.677892],[-121.784826,37.674665],[-121.780181,37.674042],[-121.780391,37.667105],[-121.788372,37.667095],[-121.792667,37.668828],[-121.795236,37.672068],[-121.795271,37.677255]]]}},{"type":"Feature","properties":{"geoid":"06001451501","name":"Unincorporated Alameda","city":"","county":"Alameda","centroid":[-121.73629400000002,37.672534500000005]},"geometry":{"type":"Polygon","coordinates":[[[-121.765207,37.680033],[-121.71878,37.679853],[-121.718943,37.665],[-121.742246,37.665252],[-121.765207,37.680033]]]}},{"type":"Feature","properties":{"geoid":"06001408000","name":"Oakland Hills","city":"Oakland","county":"Alameda","centroid":[-122.1782900909091,37.801774]},"geometry":{"type":"Polygon","coordinates":[[[-122.197791,37.810589],[-122.182058,37.809261],[-122.178139,37.803964],[-122.176953,37.804711],[-122.175313,37.803529],[-122.175957,37.802699],[-122.170615,37.800138],[-122.170495,37.79684],[-122.174481,37.797059],[-122.17692,37.794239],[-122.182469,37.796485],[-122.197791,37.810589]]]}},{"type":"Feature","properties":{"geoid":"06001441401","name":"Fremont","city":"Fremont","county":"Alameda","centroid":[-122.03875014285714,37.57525814285714]},"geometry":{"type":"Polygon","coordinates":[[[-122.048354,37.578599],[-122.041198,37.575093],[-122.036895,37.580811],[-122.034239,37.581641],[-122.0268,37.576923],[-122.038596,37.563483],[-122.045169,37.570257],[-122.048354,37.578599]]]}},{"type":"Feature","properties":{"geoid":"06041112202","name":"Canal","city":"San Rafael","county":"Marin","centroid":[-122.4925984642857,37.95845135714285]},"geometry":{"type":"Polygon","coordinates":[[[-122.521635,37.970125],[-122.513398,37.968329],[-122.511965,37.967239],[-122.512634,37.966508],[-122.508966,37.964411],[-122.507212,37.965426],[-122.502136,37.962713],[-122.498996,37.969795],[-122.484789,37.970875],[-122.467284,37.960823],[-122.464282,37.960799],[-122.471047,37.960023],[-122.475792,37.962122],[-122.478709,37.965285],[-122.484476,37.965537],[-122.485757,37.958546],[-122.484049,37.952484],[-122.48063,37.95021],[-122.473025,37.94837],[-122.471503,37.944306],[-122.471933,37.942103],[-122.480065,37.942927],[-122.500192,37.946903],[-122.505805,37.951175],[-122.508616,37.951163],[-122.509538,37.951875],[-122.5083,37.954408],[-122.510023,37.962158],[-122.521635,37.970125]]]}},{"type":"Feature","properties":{"geoid":"06041131100","name":"Unincorporated Marin","city":"","county":"Marin","centroid":[-122.59140690948269,37.920798500000004]},"geometry":{"type":"Polygon","coordinates":[[[-122.720122,37.996621],[-122.716055,37.997885],[-122.715574,37.999898],[-122.713747,37.99852],[-122.712989,37.999649],[-122.710302,37.997573],[-122.708766,37.999088],[-122.708554,38.004573],[-122.708288,38.001672],[-122.707211,38.004202],[-122.706184,38.00388],[-122.705036,38.001346],[-122.698352,37.995632],[-122.698154,38.000345],[-122.691993,38.004595],[-122.687207,38.00289],[-122.677512,38.002928],[-122.671366,37.996899],[-122.669386,37.999323],[-122.66569,38.000301],[-122.661439,37.998827],[-122.657723,37.999414],[-122.656624,37.997851],[-122.653876,37.99995],[-122.650649,37.995387],[-122.64301,37.996671],[-122.642026,37.994928],[-122.638748,37.993617],[-122.629446,37.997081],[-122.628299,37.99949],[-122.626215,38.000124],[-122.626814,38.006388],[-122.623,38.007827],[-122.617897,38.006897],[-122.614592,38.004468],[-122.616775,38.004422],[-122.610382,38.001364],[-122.603611,37.999784],[-122.598094,37.995089],[-122.601727,37.995258],[-122.606089,37.997365],[-122.612133,37.997505],[-122.612566,37.996072],[-122.610039,37.99116],[-122.604794,37.988598],[-122.601237,37.984883],[-122.602148,37.983545],[-122.600819,37.981358],[-122.604399,37.981497],[-122.603616,37.979749],[-122.608757,37.979999],[-122.608192,37.979352],[-122.609905,37.979527],[-122.610613,37.978003],[-122.615267,37.97922],[-122.617173,37.975806],[-122.615388,37.975348],[-122.614159,37.977044],[-122.60919,37.976172],[-122.608533,37.974627],[-122.601288,37.975599],[-122.601074,37.974035],[-122.598926,37.974321],[-122.601408,37.972655],[-122.605502,37.972556],[-122.604195,37.969756],[-122.605264,37.964971],[-122.604468,37.962775],[-122.597022,37.963092],[-122.594617,37.964953],[-122.592868,37.962406],[-122.593592,37.959859],[-122.590609,37.959735],[-122.580938,37.954282],[-122.577367,37.956542],[-122.570173,37.955667],[-122.567716,37.957034],[-122.565963,37.956076],[-122.569289,37.952705],[-122.568602,37.950999],[-122.570993,37.947956],[-122.569656,37.944229],[-122.565667,37.939318],[-122.566463,37.935261],[-122.563274,37.935512],[-122.558195,37.930345],[-122.560415,37.930606],[-122.560012,37.925407],[-122.562827,37.925323],[-122.563605,37.924434],[-122.561988,37.923425],[-122.564744,37.922408],[-122.56195,37.92111],[-122.563408,37.919982],[-122.562346,37.918467],[-122.564001,37.920039],[-122.569823,37.921375],[-122.570015,37.91957],[-122.566498,37.918141],[-122.566615,37.916673],[-122.568707,37.91584],[-122.568146,37.914374],[-122.572177,37.914154],[-122.572402,37.912769],[-122.577021,37.909981],[-122.572912,37.905432],[-122.570352,37.904684],[-122.568281,37.90121],[-122.562687,37.899688],[-122.562495,37.898176],[-122.556604,37.892712],[-122.554635,37.888322],[-122.554558,37.883275],[-122.55372,37.884191],[-122.553828,37.877706],[-122.551702,37.876336],[-122.55229,37.874526],[-122.551058,37.873149],[-122.552807,37.87147],[-122.550653,37.870445],[-122.551163,37.869123],[-122.54903,37.869354],[-122.551207,37.867332],[-122.548732,37.867115],[-122.543766,37.870137],[-122.539931,37.870405],[-122.537213,37.865997],[-122.537653,37.864387],[-122.538666,37.865184],[-122.538207,37.863627],[-122.533048,37.858837],[-122.535115,37.856971],[-122.532643,37.855521],[-122.533146,37.853839],[-122.525909,37.849972],[-122.523964,37.852272],[-122.52491,37.854666],[-122.521817,37.856548],[-122.516298,37.856842],[-122.511434,37.854885],[-122.507424,37.855716],[-122.510171,37.856855],[-122.505067,37.862095],[-122.493745,37.855432],[-122.490247,37.851321],[-122.493153,37.851773],[-122.49541,37.850426],[-122.491282,37.847011],[-122.483133,37.84428],[-122.477182,37.845627],[-122.476598,37.842273],[-122.471628,37.836638],[-122.47283,37.831892],[-122.474489,37.833637],[-122.47801,37.833041],[-122.47703,37.831149],[-122.478442,37.830912],[-122.478092,37.825349],[-122.483259,37.825645],[-122.484559,37.826881],[-122.491225,37.826603],[-122.49584,37.822137],[-122.49962,37.821884],[-122.499096,37.819883],[-122.500708,37.819851],[-122.501653,37.821494],[-122.504475,37.821033],[-122.50586,37.823065],[-122.511288,37.824703],[-122.52286,37.824929],[-122.525531,37.821119],[-122.528852,37.820108],[-122.527739,37.81514],[-122.534088,37.815347],[-122.539656,37.821481],[-122.54019,37.826957],[-122.552665,37.831503],[-122.553412,37.835378],[-122.563916,37.843624],[-122.567062,37.849443],[-122.570687,37.849443],[-122.578046,37.854496],[-122.580711,37.853063],[-122.584125,37.853401],[-122.592016,37.85837],[-122.601408,37.869696],[-122.611224,37.873484],[-122.619012,37.87298],[-122.624772,37.876349],[-122.6284,37.876517],[-122.631172,37.878202],[-122.634053,37.883072],[-122.624136,37.88749],[-122.619119,37.893206],[-122.61294,37.896502],[-122.608779,37.901825],[-122.610125,37.904796],[-122.604926,37.903259],[-122.604062,37.904336],[-122.605015,37.903852],[-122.607951,37.906482],[-122.611343,37.907479],[-122.613632,37.906783],[-122.614188,37.904522],[-122.614818,37.907217],[-122.612755,37.910511],[-122.618982,37.909173],[-122.625575,37.911458],[-122.624605,37.912853],[-122.628761,37.916589],[-122.629038,37.919396],[-122.640318,37.924588],[-122.646525,37.933841],[-122.656745,37.936895],[-122.658451,37.94057],[-122.663147,37.945297],[-122.669011,37.947125],[-122.668955,37.948945],[-122.673434,37.951668],[-122.67603,37.951323],[-122.676739,37.953546],[-122.68055,37.955032],[-122.683383,37.957855],[-122.682613,37.959732],[-122.68385,37.961691],[-122.694601,37.968375],[-122.696998,37.97205],[-122.703794,37.977402],[-122.705106,37.980506],[-122.710716,37.983998],[-122.713415,37.983605],[-122.715444,37.990231],[-122.720122,37.996621]]]}},{"type":"Feature","properties":{"geoid":"06041990100","name":"Unincorporated Marin","city":"","county":"Marin","centroid":[-122.75228263333331,37.99620531666666]},"geometry":{"type":"MultiPolygon","coordinates":[[[[-122.474021,37.853471],[-122.474132,37.860226],[-122.472549,37.861964],[-122.463683,37.852327],[-122.457283,37.859227],[-122.451972,37.861613],[-122.443855,37.852086],[-122.435736,37.849401],[-122.429702,37.851219],[-122.424227,37.85045],[-122.468079,37.833687],[-122.467549,37.838141],[-122.473254,37.845849],[-122.474571,37.84966],[-122.474021,37.853471]]],[[[-122.493326,38.032522],[-122.491656,38.039921],[-122.487295,38.047636],[-122.487361,38.050081],[-122.479874,38.068524],[-122.480837,38.091937],[-122.482762,38.097325],[-122.483997,38.107784],[-122.451987,38.098519],[-122.347454,38.07326],[-122.37598,38.048466],[-122.392783,38.027021],[-122.441584,37.973923],[-122.440984,37.957423],[-122.432283,37.929824],[-122.422162,37.874436],[-122.434742,37.87629],[-122.435071,37.885124],[-122.4399,37.888763],[-122.445056,37.896298],[-122.447581,37.898289],[-122.457239,37.898723],[-122.465139,37.902448],[-122.469939,37.913094],[-122.471143,37.920344],[-122.48198,37.92238],[-122.487137,37.924973],[-122.488169,37.93298],[-122.483506,37.936336],[-122.474145,37.939831],[-122.471503,37.944306],[-122.473025,37.94837],[-122.48063,37.95021],[-122.484049,37.952484],[-122.485757,37.958546],[-122.484476,37.965537],[-122.478709,37.965285],[-122.475792,37.962122],[-122.471047,37.960023],[-122.464282,37.960799],[-122.461937,37.963221],[-122.461937,37.96659],[-122.471126,37.97358],[-122.470699,37.977706],[-122.468454,37.979811],[-122.456381,37.975938],[-122.447835,37.979307],[-122.442814,37.984612],[-122.443562,37.988655],[-122.446446,37.993202],[-122.452918,37.999972],[-122.457833,38.002835],[-122.459544,38.006709],[-122.478783,38.01151],[-122.485361,38.01716],[-122.490653,38.019636],[-122.492898,38.022079],[-122.493326,38.032522]]],[[[-123.132841,38.296121],[-123.005061,38.295686],[-122.997018,38.279494],[-122.992688,38.276528],[-122.989256,38.269875],[-122.981641,38.265833],[-122.972523,38.251599],[-122.971987,38.246884],[-122.973547,38.24145],[-122.982418,38.238898],[-122.985609,38.241662],[-122.99571,38.245412],[-122.998915,38.243212],[-123.000188,38.240007],[-122.997895,38.233397],[-122.999423,38.230593],[-122.998404,38.227188],[-122.991525,38.224984],[-122.986173,38.220377],[-122.984389,38.212165],[-122.970628,38.198744],[-122.971392,38.192535],[-122.969354,38.187127],[-122.971903,38.184123],[-122.972158,38.180717],[-122.970373,38.177913],[-122.965786,38.177713],[-122.958652,38.174507],[-122.958652,38.1689],[-122.953555,38.160486],[-122.953555,38.150672],[-122.960856,38.12898],[-122.962281,38.121237],[-122.973059,38.097329],[-122.972976,38.094915],[-123.001017,38.033241],[-123.016181,38.003576],[-123.018039,38.002427],[-123.022031,38.002648],[-123.027908,37.998376],[-123.028579,37.994598],[-123.027076,37.992081],[-123.016541,37.990256],[-123.010177,37.991296],[-123.004689,37.989061],[-122.990273,37.989896],[-122.986003,37.988336],[-122.97756,37.988858],[-122.9736,37.986053],[-122.962275,37.986376],[-122.960238,37.991163],[-122.965578,37.997588],[-122.973107,37.998262],[-122.975501,38.000284],[-122.978581,38.000688],[-122.980122,38.002575],[-122.974646,38.012549],[-122.970711,38.015918],[-122.962841,38.021848],[-122.95189,38.026027],[-122.933754,38.028856],[-122.929991,38.025892],[-122.924686,38.024814],[-122.905182,38.024409],[-122.87986,38.0205],[-122.859664,38.012702],[-122.835083,37.998722],[-122.831983,37.994341],[-122.824609,37.992236],[-122.817243,37.98179],[-122.810776,37.980202],[-122.802009,37.973062],[-122.791229,37.954589],[-122.790223,37.946089],[-122.788497,37.943028],[-122.784473,37.942689],[-122.780161,37.939062],[-122.774843,37.938835],[-122.768951,37.933507],[-122.756876,37.930448],[-122.753571,37.927614],[-122.745318,37.924055],[-122.740343,37.91715],[-122.735431,37.903675],[-122.732123,37.898959],[-122.713871,37.894664],[-122.712162,37.89239],[-122.703089,37.889863],[-122.699247,37.890369],[-122.694752,37.895968],[-122.680025,37.902285],[-122.667217,37.901527],[-122.650995,37.897062],[-122.640109,37.890494],[-122.634053,37.883072],[-122.633588,37.880937],[-122.6284,37.876517],[-122.624772,37.876349],[-122.619012,37.87298],[-122.611224,37.873484],[-122.601408,37.869696],[-122.592016,37.85837],[-122.584125,37.853401],[-122.580711,37.853063],[-122.578046,37.854496],[-122.570687,37.849443],[-122.567062,37.849443],[-122.563916,37.843624],[-122.553412,37.835378],[-122.552665,37.831503],[-122.54019,37.826957],[-122.539656,37.821481],[-122.534088,37.815347],[-122.612285,37.815224],[-122.626105,37.821597],[-122.632472,37.827807],[-122.643163,37.830451],[-122.667425,37.841726],[-122.675654,37.848517],[-122.691987,37.845006],[-122.704679,37.844296],[-122.715845,37.845625],[-122.730666,37.85006],[-122.740258,37.855174],[-122.752466,37.857699],[-122.766771,37.865804],[-122.778019,37.874928],[-122.785472,37.885277],[-122.789027,37.893763],[-122.814134,37.901084],[-122.829804,37.910325],[-122.842134,37.923317],[-122.85046,37.945585],[-122.854574,37.947634],[-122.863958,37.957234],[-122.872722,37.96248],[-122.876104,37.966342],[-122.879057,37.966578],[-122.889291,37.974109],[-122.902284,37.977386],[-122.909236,37.964644],[-122.91917,37.954835],[-122.931927,37.946672],[-122.953224,37.941093],[-122.976428,37.940149],[-123.022507,37.942065],[-123.050084,37.948016],[-123.067965,37.958669],[-123.07939,37.971937],[-123.08388,37.983366],[-123.085661,37.999928],[-123.08513,38.008433],[-123.0812,38.018971],[-123.074701,38.027199],[-123.063797,38.036487],[-123.023699,38.124923],[-123.014817,38.149132],[-123.027211,38.16417],[-123.030483,38.172458],[-123.031336,38.181462],[-123.037897,38.192491],[-123.038943,38.197528],[-123.045825,38.204926],[-123.049617,38.214286],[-123.100963,38.261358],[-123.110969,38.267263],[-123.119591,38.277103],[-123.123774,38.285787],[-123.134523,38.296263],[-123.132841,38.296121]]]]}},{"type":"Feature","properties":{"geoid":"06001432400","name":"Mulford","city":"San Leandro","county":"Alameda","centroid":[-122.18910233333334,37.71280044444444]},"geometry":{"type":"Polygon","coordinates":[[[-122.209355,37.711178],[-122.194418,37.71583],[-122.194714,37.717538],[-122.193401,37.717829],[-122.192905,37.716726],[-122.189004,37.717889],[-122.196274,37.72331],[-122.198055,37.726227],[-122.191927,37.727288],[-122.190377,37.728893],[-122.183312,37.725566],[-122.166672,37.710422],[-122.170816,37.708707],[-122.167527,37.703686],[-122.186463,37.69565],[-122.18751,37.696791],[-122.1917,37.695578],[-122.199412,37.6913],[-122.209355,37.711178]]]}},{"type":"Feature","properties":{"geoid":"06001404300","name":"Upper Rockridge","city":"Oakland","county":"Alameda","centroid":[-122.23510990909091,37.8463780909091]},"geometry":{"type":"Polygon","coordinates":[[[-122.25081,37.837135],[-122.243323,37.849072],[-122.244044,37.850257],[-122.241914,37.851909],[-122.233705,37.852358],[-122.230346,37.848892],[-122.228003,37.848244],[-122.227431,37.845208],[-122.224827,37.841683],[-122.227242,37.842927],[-122.234564,37.842474],[-122.25081,37.837135]]]}},{"type":"Feature","properties":{"geoid":"06041109002","name":"San Rafael","city":"San Rafael","county":"Marin","centroid":[-122.54920725,37.9840971]},"geometry":{"type":"Polygon","coordinates":[[[-122.56374,37.987639],[-122.561246,37.989543],[-122.558318,37.98954],[-122.557517,37.993723],[-122.544106,37.988986],[-122.545127,37.9881],[-122.539272,37.987853],[-122.538881,37.987114],[-122.541458,37.985964],[-122.540209,37.983749],[-122.541989,37.980685],[-122.535751,37.976898],[-122.538154,37.975814],[-122.538624,37.974191],[-122.550919,37.976461],[-122.550398,37.980802],[-122.557344,37.98354],[-122.560974,37.979185],[-122.559049,37.986428],[-122.561069,37.985727],[-122.56374,37.987639]]]}},{"type":"Feature","properties":{"geoid":"06041130201","name":"Sausalito","city":"Sausalito","county":"Marin","centroid":[-122.48746893333333,37.8517284]},"geometry":{"type":"Polygon","coordinates":[[[-122.495433,37.850647],[-122.493153,37.851773],[-122.490247,37.851321],[-122.493391,37.854771],[-122.491316,37.85551],[-122.491842,37.85768],[-122.489485,37.856378],[-122.490269,37.85388],[-122.483994,37.858784],[-122.478768,37.855892],[-122.479936,37.847957],[-122.477182,37.845627],[-122.481348,37.84419],[-122.487587,37.846338],[-122.488083,37.845178],[-122.495433,37.850647]]]}},{"type":"Feature","properties":{"geoid":"06081610700","name":"Redwood","city":"Redwood","county":"San Mateo","centroid":[-122.21810883333335,37.470666333333334]},"geometry":{"type":"Polygon","coordinates":[[[-122.224747,37.464489],[-122.220521,37.478913],[-122.215193,37.47541],[-122.216776,37.472895],[-122.21245,37.469684],[-122.218966,37.462607],[-122.224747,37.464489]]]}},{"type":"Feature","properties":{"geoid":"06081610800","name":"Redwood","city":"Redwood","county":"San Mateo","centroid":[-122.2271508,37.468845400000006]},"geometry":{"type":"Polygon","coordinates":[[[-122.231368,37.469633],[-122.221923,37.476424],[-122.224626,37.465065],[-122.229424,37.465761],[-122.228413,37.467344],[-122.231368,37.469633]]]}},{"type":"Feature","properties":{"geoid":"06081611000","name":"Redwood","city":"Redwood","county":"San Mateo","centroid":[-122.23429033333335,37.46756855555556]},"geometry":{"type":"Polygon","coordinates":[[[-122.241718,37.471059],[-122.239196,37.474717],[-122.234164,37.472277],[-122.228413,37.467344],[-122.229424,37.465761],[-122.224626,37.465065],[-122.227609,37.457207],[-122.241187,37.466704],[-122.242276,37.467983],[-122.241718,37.471059]]]}},{"type":"Feature","properties":{"geoid":"06081611200","name":"Redwood","city":"Redwood","county":"San Mateo","centroid":[-122.235712,37.457121199999996]},"geometry":{"type":"Polygon","coordinates":[[[-122.243102,37.457517],[-122.240319,37.458551],[-122.235922,37.463573],[-122.227609,37.457207],[-122.231608,37.448758],[-122.243102,37.457517]]]}},{"type":"Feature","properties":{"geoid":"06001435104","name":"Unincorporated Alameda","city":"","county":"Alameda","centroid":[-122.03823700000002,37.63855864285715]},"geometry":{"type":"Polygon","coordinates":[[[-122.064466,37.648253],[-122.062185,37.64994],[-122.055939,37.650742],[-122.049444,37.646483],[-122.0444,37.647367],[-122.031293,37.645542],[-122.02832,37.647836],[-122.022702,37.647557],[-122.018743,37.645814],[-122.016131,37.642877],[-122.019848,37.637076],[-122.015695,37.634391],[-122.011089,37.633652],[-122.014024,37.631686],[-122.020782,37.633322],[-122.022959,37.632162],[-122.024576,37.628654],[-122.026651,37.628005],[-122.039462,37.629226],[-122.044644,37.627777],[-122.046779,37.629678],[-122.05168,37.625745],[-122.058388,37.635735],[-122.054266,37.636394],[-122.05692,37.638815],[-122.054363,37.640113],[-122.0553,37.642858],[-122.059587,37.641942],[-122.064466,37.648253]]]}},{"type":"Feature","properties":{"geoid":"06001405301","name":"Eastlake","city":"Oakland","county":"Alameda","centroid":[-122.25129380000001,37.8017966]},"geometry":{"type":"Polygon","coordinates":[[[-122.254457,37.800687],[-122.253266,37.80385],[-122.249318,37.804823],[-122.248411,37.800443],[-122.251017,37.79918],[-122.254457,37.800687]]]}},{"type":"Feature","properties":{"geoid":"06001982000","name":"South Prescott","city":"Oakland","county":"Alameda","centroid":[-122.29312183333332,37.79712283333333]},"geometry":{"type":"Polygon","coordinates":[[[-122.314386,37.794842],[-122.290552,37.799333],[-122.28867,37.802755],[-122.279687,37.800256],[-122.284396,37.793597],[-122.30104,37.791954],[-122.314386,37.794842]]]}},{"type":"Feature","properties":{"geoid":"06001450102","name":"Dublin","city":"Dublin","county":"Alameda","centroid":[-121.8908503076923,37.71943376923077]},"geometry":{"type":"Polygon","coordinates":[[[-121.91057,37.729356],[-121.910459,37.730393],[-121.881567,37.737328],[-121.872934,37.729426],[-121.873653,37.728186],[-121.871536,37.723319],[-121.87201,37.709806],[-121.878348,37.708556],[-121.893203,37.708982],[-121.893189,37.70624],[-121.903881,37.705807],[-121.910233,37.710437],[-121.909471,37.724803],[-121.91057,37.729356]]]}},{"type":"Feature","properties":{"geoid":"06081611300","name":"Unincorporated San Mateo","city":"","county":"San Mateo","centroid":[-122.22419533333333,37.45298066666666]},"geometry":{"type":"Polygon","coordinates":[[[-122.234506,37.444516],[-122.224778,37.464346],[-122.221009,37.462768],[-122.21832,37.463112],[-122.22198,37.457273],[-122.21722,37.45375],[-122.224967,37.443965],[-122.226492,37.445046],[-122.228486,37.44205],[-122.234506,37.444516]]]}},{"type":"Feature","properties":{"geoid":"06081611500","name":"Atherton","city":"Atherton","county":"San Mateo","centroid":[-122.18820652380955,37.465792666666665]},"geometry":{"type":"Polygon","coordinates":[[[-122.206073,37.465204],[-122.20365,37.468247],[-122.202105,37.467273],[-122.197954,37.472638],[-122.193335,37.47087],[-122.192198,37.472716],[-122.189696,37.471722],[-122.186779,37.476758],[-122.176789,37.475972],[-122.167865,37.471696],[-122.173947,37.459524],[-122.175445,37.460276],[-122.176698,37.458662],[-122.180861,37.461594],[-122.183765,37.457957],[-122.188511,37.460306],[-122.186344,37.463118],[-122.189241,37.464557],[-122.192046,37.460919],[-122.19342,37.461786],[-122.195615,37.459851],[-122.206073,37.465204]]]}},{"type":"Feature","properties":{"geoid":"06081611600","name":"Menlo Park","city":"Menlo Park","county":"San Mateo","centroid":[-122.16826966666667,37.47269111111112]},"geometry":{"type":"Polygon","coordinates":[[[-122.186748,37.476809],[-122.186013,37.478015],[-122.172686,37.47898],[-122.155364,37.468827],[-122.155533,37.467784],[-122.156294,37.46667],[-122.157135,37.469467],[-122.167865,37.471696],[-122.176789,37.475972],[-122.186748,37.476809]]]}},{"type":"Feature","properties":{"geoid":"06081612500","name":"Menlo Park","city":"Menlo Park","county":"San Mateo","centroid":[-122.17836484210525,37.456375]},"geometry":{"type":"Polygon","coordinates":[[[-122.195557,37.459925],[-122.19342,37.461786],[-122.192046,37.460919],[-122.189241,37.464557],[-122.186344,37.463118],[-122.188511,37.460306],[-122.183749,37.45795],[-122.180861,37.461594],[-122.176698,37.458662],[-122.175445,37.460276],[-122.162695,37.453844],[-122.16411,37.452464],[-122.165226,37.452942],[-122.165951,37.450767],[-122.167625,37.450783],[-122.168747,37.447435],[-122.170303,37.447185],[-122.180638,37.453699],[-122.181765,37.452913],[-122.195557,37.459925]]]}},{"type":"Feature","properties":{"geoid":"06081602100","name":"South San Francisco","city":"South San Francisco","county":"San Mateo","centroid":[-122.40665814285715,37.66199928571429]},"geometry":{"type":"Polygon","coordinates":[[[-122.411403,37.658765],[-122.410321,37.66262],[-122.40783,37.664039],[-122.407013,37.666069],[-122.399439,37.664126],[-122.404212,37.660934],[-122.406389,37.657442],[-122.411403,37.658765]]]}},{"type":"Feature","properties":{"geoid":"06081602400","name":"Tanforan","city":"South San Francisco","county":"San Mateo","centroid":[-122.43819511111113,37.64384533333333]},"geometry":{"type":"Polygon","coordinates":[[[-122.449411,37.645197],[-122.442387,37.649401],[-122.439709,37.653364],[-122.434433,37.655079],[-122.423435,37.640472],[-122.433034,37.634383],[-122.437131,37.638134],[-122.439865,37.636688],[-122.444351,37.64189],[-122.449411,37.645197]]]}},{"type":"Feature","properties":{"geoid":"06081602500","name":"South San Francisco","city":"South San Francisco","county":"San Mateo","centroid":[-122.45212490909093,37.63978645454545]},"geometry":{"type":"Polygon","coordinates":[[[-122.463498,37.641498],[-122.459689,37.643434],[-122.454559,37.642655],[-122.44946,37.645153],[-122.444351,37.64189],[-122.439865,37.636688],[-122.443921,37.63449],[-122.446901,37.636929],[-122.448955,37.635222],[-122.458907,37.640541],[-122.463268,37.639151],[-122.463498,37.641498]]]}},{"type":"Feature","properties":{"geoid":"06081603700","name":"San Bruno","city":"San Bruno","county":"San Mateo","centroid":[-122.44839089999998,37.634546]},"geometry":{"type":"Polygon","coordinates":[[[-122.46406,37.638819],[-122.458907,37.640541],[-122.448955,37.635222],[-122.446901,37.636929],[-122.445438,37.636577],[-122.443921,37.63449],[-122.439865,37.636688],[-122.435038,37.630338],[-122.447239,37.62434],[-122.453585,37.631516],[-122.46406,37.638819]]]}},{"type":"Feature","properties":{"geoid":"06081612600","name":"Menlo Park","city":"Menlo Park","county":"San Mateo","centroid":[-122.1826177,37.4488963]},"geometry":{"type":"Polygon","coordinates":[[[-122.191637,37.451021],[-122.187594,37.455822],[-122.181765,37.452913],[-122.180638,37.453699],[-122.170303,37.447185],[-122.175136,37.443014],[-122.180604,37.446351],[-122.182932,37.443566],[-122.188491,37.446846],[-122.187077,37.448546],[-122.191637,37.451021]]]}},{"type":"Feature","properties":{"geoid":"06081612700","name":"Stanford Hills","city":"Menlo Park","county":"San Mateo","centroid":[-122.18563485714284,37.44327814285714]},"geometry":{"type":"Polygon","coordinates":[[[-122.200071,37.440922],[-122.191666,37.450987],[-122.187077,37.448546],[-122.188491,37.446846],[-122.182932,37.443566],[-122.180604,37.446351],[-122.175136,37.443014],[-122.175856,37.441807],[-122.179832,37.440994],[-122.17986,37.439461],[-122.184295,37.441931],[-122.185927,37.439972],[-122.191679,37.443018],[-122.195462,37.438479],[-122.200071,37.440922]]]}},{"type":"Feature","properties":{"geoid":"06081612800","name":"Stanford Hills","city":"Menlo Park","county":"San Mateo","centroid":[-122.18990290909092,37.437560636363635]},"geometry":{"type":"Polygon","coordinates":[[[-122.204239,37.436001],[-122.200071,37.440922],[-122.195462,37.438479],[-122.191679,37.443018],[-122.185927,37.439972],[-122.184295,37.441931],[-122.17986,37.439461],[-122.182299,37.439362],[-122.184559,37.434093],[-122.190402,37.431472],[-122.190139,37.428456],[-122.204239,37.436001]]]}},{"type":"Feature","properties":{"geoid":"06081604000","name":"Tanforan","city":"San Bruno","county":"San Mateo","centroid":[-122.4205535,37.62349925]},"geometry":{"type":"Polygon","coordinates":[[[-122.428483,37.624483],[-122.4166,37.628826],[-122.412646,37.622993],[-122.424485,37.617695],[-122.428483,37.624483]]]}},{"type":"Feature","properties":{"geoid":"06081604102","name":"Tanforan","city":"San Bruno","county":"San Mateo","centroid":[-122.4267679,37.6344747]},"geometry":{"type":"Polygon","coordinates":[[[-122.439865,37.636688],[-122.437131,37.638134],[-122.433034,37.634383],[-122.423724,37.64041],[-122.418482,37.642316],[-122.413759,37.634184],[-122.418981,37.632888],[-122.4166,37.628826],[-122.428575,37.624394],[-122.437528,37.632524],[-122.439865,37.636688]]]}},{"type":"Feature","properties":{"geoid":"06081604400","name":"Burlingame Village","city":"Millbrae","county":"San Mateo","centroid":[-122.39546953846155,37.609065615384615]},"geometry":{"type":"Polygon","coordinates":[[[-122.406212,37.614831],[-122.401743,37.610853],[-122.400163,37.612646],[-122.399372,37.611933],[-122.396802,37.613113],[-122.383531,37.604481],[-122.378861,37.60724],[-122.372503,37.604616],[-122.387148,37.595636],[-122.400505,37.608123],[-122.402681,37.608144],[-122.406302,37.612633],[-122.405281,37.613604],[-122.406212,37.614831]]]}},{"type":"Feature","properties":{"geoid":"06081604800","name":"Burlingame Village","city":"Millbrae","county":"San Mateo","centroid":[-122.39874728571431,37.597947857142856]},"geometry":{"type":"Polygon","coordinates":[[[-122.406625,37.601034],[-122.397541,37.605299],[-122.389388,37.597461],[-122.397165,37.593808],[-122.398539,37.595309],[-122.399797,37.594598],[-122.402176,37.598126],[-122.406625,37.601034]]]}},{"type":"Feature","properties":{"geoid":"06081605100","name":"Burlingame Village","city":"Burlingame","county":"San Mateo","centroid":[-122.36901236363634,37.59665690909091]},"geometry":{"type":"Polygon","coordinates":[[[-122.384439,37.597646],[-122.372503,37.604616],[-122.373598,37.605045],[-122.369782,37.607535],[-122.354933,37.607534],[-122.355655,37.596205],[-122.363268,37.587808],[-122.361393,37.587021],[-122.364054,37.582955],[-122.380568,37.59247],[-122.378943,37.594391],[-122.384439,37.597646]]]}},{"type":"Feature","properties":{"geoid":"06081605200","name":"Burlingame Village","city":"Burlingame","county":"San Mateo","centroid":[-122.37853050000001,37.582669300000006]},"geometry":{"type":"Polygon","coordinates":[[[-122.383146,37.580522],[-122.380394,37.584022],[-122.383145,37.585609],[-122.382624,37.586473],[-122.374849,37.589235],[-122.36961,37.586127],[-122.371886,37.580786],[-122.378158,37.577389],[-122.381312,37.577669],[-122.380181,37.578861],[-122.383146,37.580522]]]}},{"type":"Feature","properties":{"geoid":"06081605800","name":"San Mateo","city":"San Mateo","county":"San Mateo","centroid":[-122.345021125,37.567502625]},"geometry":{"type":"Polygon","coordinates":[[[-122.354907,37.564195],[-122.35008,37.566307],[-122.352341,37.569769],[-122.342009,37.57421],[-122.334199,37.569387],[-122.336754,37.567269],[-122.337165,37.567994],[-122.352714,37.56089],[-122.354907,37.564195]]]}},{"type":"Feature","properties":{"geoid":"06081605300","name":"Burlingame Village","city":"Burlingame","county":"San Mateo","centroid":[-122.36291066666666,37.58145844444444]},"geometry":{"type":"Polygon","coordinates":[[[-122.371939,37.581301],[-122.36961,37.586127],[-122.364054,37.582955],[-122.361393,37.587021],[-122.350721,37.582541],[-122.356854,37.577304],[-122.358841,37.577237],[-122.363464,37.5806],[-122.36932,37.57804],[-122.371939,37.581301]]]}},{"type":"Feature","properties":{"geoid":"06081605400","name":"Burlingame","city":"Burlingame","county":"San Mateo","centroid":[-122.34137285714287,37.587907428571434]},"geometry":{"type":"Polygon","coordinates":[[[-122.36323,37.587853],[-122.355655,37.596205],[-122.333434,37.596301],[-122.333032,37.587885],[-122.334733,37.586644],[-122.330827,37.582981],[-122.338699,37.577483],[-122.36323,37.587853]]]}},{"type":"Feature","properties":{"geoid":"06085503111","name":"Little Saigon","city":"San Jose","county":"Santa Clara","centroid":[-121.84082033333333,37.324529999999996]},"geometry":{"type":"Polygon","coordinates":[[[-121.848116,37.327047],[-121.843492,37.329578],[-121.843269,37.327971],[-121.841773,37.328955],[-121.831763,37.318457],[-121.836509,37.315172],[-121.848116,37.327047]]]}},{"type":"Feature","properties":{"geoid":"06085503112","name":"Spartan Keyes","city":"San Jose","county":"Santa Clara","centroid":[-121.87102099999998,37.32233375]},"geometry":{"type":"Polygon","coordinates":[[[-121.880289,37.322706],[-121.867889,37.328572],[-121.861884,37.32168],[-121.874022,37.316377],[-121.880289,37.322706]]]}},{"type":"Feature","properties":{"geoid":"06085506302","name":"San Jose","city":"San Jose","county":"Santa Clara","centroid":[-121.95826419999999,37.30959740000001]},"geometry":{"type":"Polygon","coordinates":[[[-121.964303,37.301842],[-121.962963,37.311525],[-121.963988,37.316382],[-121.950119,37.316683],[-121.949948,37.301555],[-121.964303,37.301842]]]}},{"type":"Feature","properties":{"geoid":"06085511200","name":"Crescent Park","city":"Palo Alto","county":"Santa Clara","centroid":[-122.14916593333332,37.453297400000004]},"geometry":{"type":"Polygon","coordinates":[[[-122.161503,37.453709],[-122.160436,37.454677],[-122.157686,37.453495],[-122.155791,37.454127],[-122.155914,37.455533],[-122.152543,37.457681],[-122.147477,37.456498],[-122.144407,37.45827],[-122.140922,37.457393],[-122.139084,37.454967],[-122.136708,37.454337],[-122.13968,37.4496],[-122.13975,37.44314],[-122.14321,37.44215],[-122.162378,37.453884],[-122.161503,37.453709]]]}},{"type":"Feature","properties":{"geoid":"06085506801","name":"Vasona Junction","city":"Los Gatos","county":"Santa Clara","centroid":[-121.95724476923077,37.24216592307692]},"geometry":{"type":"Polygon","coordinates":[[[-121.970671,37.234545],[-121.966974,37.240726],[-121.96087,37.2466],[-121.95568,37.2558],[-121.9513,37.25466],[-121.95247,37.25321],[-121.94914,37.24335],[-121.946165,37.243564],[-121.944282,37.236492],[-121.95115,37.23485],[-121.96312,37.23569],[-121.96427,37.23324],[-121.96809,37.23543],[-121.970671,37.234545]]]}},{"type":"Feature","properties":{"geoid":"06085509801","name":"Castro","city":"Los Altos","county":"Santa Clara","centroid":[-122.0937216,37.3820436]},"geometry":{"type":"Polygon","coordinates":[[[-122.105795,37.388665],[-122.101116,37.395307],[-122.08397,37.3857],[-122.08698,37.38093],[-122.08702,37.37355],[-122.09594,37.37368],[-122.095975,37.3768],[-122.0932,37.37677],[-122.09319,37.379648],[-122.095991,37.379658],[-122.09598,37.38139],[-122.088874,37.381345],[-122.089808,37.383899],[-122.095983,37.384675],[-122.096002,37.388637],[-122.105795,37.388665]]]}},{"type":"Feature","properties":{"geoid":"06085512401","name":"San Martin","city":"San Martin","county":"Santa Clara","centroid":[-121.60401335416668,37.064177687500006]},"geometry":{"type":"Polygon","coordinates":[[[-121.66287,37.05945],[-121.653392,37.084997],[-121.651,37.085089],[-121.64394,37.091076],[-121.639401,37.091256],[-121.63605,37.08867],[-121.62765,37.0876],[-121.61481,37.09259],[-121.616755,37.095637],[-121.611601,37.094409],[-121.60519,37.08276],[-121.60744,37.08196],[-121.60942,37.08528],[-121.6104,37.08493],[-121.60752,37.07993],[-121.61061,37.07878],[-121.61351,37.08376],[-121.62271,37.08032],[-121.616855,37.069746],[-121.60423,37.07444],[-121.600158,37.067722],[-121.55569,37.08343],[-121.5471,37.07359],[-121.5511,37.07363],[-121.55362,37.07093],[-121.55294,37.06913],[-121.55612,37.06755],[-121.54795,37.05264],[-121.56228,37.04789],[-121.56042,37.04352],[-121.56136,37.04292],[-121.55811,37.03744],[-121.5714,37.03244],[-121.57628,37.04143],[-121.57532,37.0444],[-121.586189,37.041427],[-121.58455,37.03823],[-121.5974,37.03551],[-121.59763,37.03772],[-121.61495,37.04284],[-121.61663,37.04095],[-121.62095,37.04024],[-121.6311,37.04327],[-121.63261,37.04487],[-121.64747,37.04616],[-121.65327,37.04542],[-121.65413,37.04816],[-121.66056,37.05439],[-121.66287,37.05945]]]}},{"type":"Feature","properties":{"geoid":"06085511911","name":"Unincorporated Santa Clara","city":"","county":"Santa Clara","centroid":[-121.80812338613856,37.194274376237615]},"geometry":{"type":"Polygon","coordinates":[[[-121.874926,37.242606],[-121.87053,37.2433],[-121.862397,37.241656],[-121.862813,37.240096],[-121.859787,37.238528],[-121.851128,37.237301],[-121.848577,37.233692],[-121.835166,37.228191],[-121.835078,37.226641],[-121.831787,37.226098],[-121.830358,37.227015],[-121.827417,37.225834],[-121.827938,37.227733],[-121.826071,37.228672],[-121.821714,37.228093],[-121.820938,37.229719],[-121.817846,37.227654],[-121.809044,37.226813],[-121.808183,37.224911],[-121.805451,37.224098],[-121.800813,37.225982],[-121.791675,37.225942],[-121.790398,37.223162],[-121.783975,37.220232],[-121.782424,37.218171],[-121.782914,37.220365],[-121.778987,37.224585],[-121.772442,37.221877],[-121.770537,37.216536],[-121.779561,37.207244],[-121.776909,37.19786],[-121.779534,37.195722],[-121.774473,37.193175],[-121.767125,37.192067],[-121.764561,37.190187],[-121.763136,37.190997],[-121.763827,37.188953],[-121.759732,37.186111],[-121.75994,37.183331],[-121.76169,37.182238],[-121.761675,37.180776],[-121.765596,37.180558],[-121.763847,37.177507],[-121.765981,37.179684],[-121.767314,37.178163],[-121.773767,37.181407],[-121.773265,37.183302],[-121.776409,37.183918],[-121.776129,37.182523],[-121.781849,37.182794],[-121.784349,37.180641],[-121.782666,37.181206],[-121.782447,37.179536],[-121.779577,37.179019],[-121.785339,37.178839],[-121.785216,37.175482],[-121.783658,37.175416],[-121.787902,37.171911],[-121.796485,37.172342],[-121.798627,37.171048],[-121.799777,37.168192],[-121.803496,37.165639],[-121.798725,37.157053],[-121.799674,37.156913],[-121.799208,37.155433],[-121.801886,37.156421],[-121.804999,37.15308],[-121.807985,37.152652],[-121.813104,37.153776],[-121.814803,37.151703],[-121.817205,37.142667],[-121.823771,37.13855],[-121.820767,37.143976],[-121.823547,37.146366],[-121.821104,37.1503],[-121.829274,37.15842],[-121.831363,37.162445],[-121.837116,37.162382],[-121.834063,37.163748],[-121.830786,37.1635],[-121.828596,37.168492],[-121.825111,37.170974],[-121.824479,37.174412],[-121.820818,37.178167],[-121.816195,37.180503],[-121.816092,37.18329],[-121.818257,37.188189],[-121.824561,37.192719],[-121.823073,37.194291],[-121.825098,37.198913],[-121.828926,37.201436],[-121.826813,37.205157],[-121.824127,37.206849],[-121.829989,37.212301],[-121.835429,37.212345],[-121.842352,37.216566],[-121.845363,37.220013],[-121.85979,37.22343],[-121.858697,37.224351],[-121.859773,37.227344],[-121.87037,37.229294],[-121.874926,37.242606]]]}},{"type":"Feature","properties":{"geoid":"06085507600","name":"Saratoga","city":"Saratoga","county":"Santa Clara","centroid":[-122.06388724137928,37.273519931034485]},"geometry":{"type":"Polygon","coordinates":[[[-122.083472,37.261943],[-122.079118,37.265446],[-122.067913,37.265401],[-122.067846,37.275142],[-122.06958,37.27529],[-122.07086,37.27823],[-122.071798,37.277462],[-122.071049,37.279042],[-122.07513,37.28171],[-122.075281,37.283823],[-122.077343,37.284447],[-122.078101,37.286131],[-122.066472,37.289342],[-122.065072,37.287242],[-122.065972,37.286342],[-122.055284,37.286463],[-122.04901,37.28524],[-122.04364,37.29379],[-122.040028,37.293778],[-122.03248,37.28836],[-122.031987,37.260127],[-122.039551,37.254556],[-122.053159,37.250993],[-122.05772,37.25245],[-122.064067,37.25202],[-122.069251,37.258586],[-122.072502,37.259036],[-122.075272,37.261043],[-122.083772,37.258643],[-122.083472,37.261943]]]}},{"type":"Feature","properties":{"geoid":"06085505202","name":"Santa Clara","city":"Santa Clara","county":"Santa Clara","centroid":[-121.95132735294119,37.3641648235294]},"geometry":{"type":"Polygon","coordinates":[[[-121.987276,37.370499],[-121.986976,37.388448],[-121.94752,37.37775],[-121.94575,37.37352],[-121.94356,37.37322],[-121.941264,37.36987],[-121.94154,37.36654],[-121.933153,37.358649],[-121.93477,37.35679],[-121.932111,37.356424],[-121.932135,37.351219],[-121.94383,37.356683],[-121.95518,37.35341],[-121.95452,37.35228],[-121.95935,37.35228],[-121.95946,37.36349],[-121.97417,37.36973],[-121.987276,37.370499]]]}},{"type":"Feature","properties":{"geoid":"06085512035","name":"Avenida Espana","city":"San Jose","county":"Santa Clara","centroid":[-121.7644410625,37.22275512499999]},"geometry":{"type":"Polygon","coordinates":[[[-121.774409,37.222749],[-121.772799,37.225072],[-121.767238,37.224055],[-121.763484,37.231735],[-121.768528,37.234224],[-121.768706,37.235438],[-121.752045,37.22698],[-121.746548,37.222854],[-121.759219,37.218933],[-121.758571,37.21786],[-121.761024,37.21652],[-121.762686,37.217818],[-121.765567,37.214341],[-121.768031,37.217012],[-121.770862,37.217377],[-121.77134,37.221114],[-121.774409,37.222749]]]}},{"type":"Feature","properties":{"geoid":"06085511913","name":"Almaden Valley","city":"San Jose","county":"Santa Clara","centroid":[-121.888684625,37.227458874999996]},"geometry":{"type":"Polygon","coordinates":[[[-121.903424,37.22586],[-121.886649,37.237889],[-121.886856,37.235071],[-121.884127,37.232597],[-121.884934,37.224765],[-121.882074,37.221706],[-121.886985,37.220034],[-121.894428,37.221749],[-121.903424,37.22586]]]}},{"type":"Feature","properties":{"geoid":"06085502500","name":"Dry Creek","city":"San Jose","county":"Santa Clara","centroid":[-121.89520514285714,37.29304628571429]},"geometry":{"type":"Polygon","coordinates":[[[-121.90737,37.288657],[-121.902985,37.290572],[-121.904945,37.293416],[-121.88586,37.301691],[-121.880413,37.30078],[-121.880689,37.292242],[-121.904174,37.283966],[-121.90737,37.288657]]]}},{"type":"Feature","properties":{"geoid":"06085506502","name":"Campbell","city":"Campbell","county":"Santa Clara","centroid":[-121.94785329999998,37.2765885]},"geometry":{"type":"Polygon","coordinates":[[[-121.96192,37.26162],[-121.949832,37.277468],[-121.9498,37.29431],[-121.93832,37.294389],[-121.936402,37.290353],[-121.936665,37.28719],[-121.945223,37.278557],[-121.9503,37.26299],[-121.953844,37.258209],[-121.956227,37.260799],[-121.96192,37.26162]]]}},{"type":"Feature","properties":{"geoid":"06085507206","name":"Vasona Junction","city":"Monte Sereno","county":"Santa Clara","centroid":[-121.98346922222224,37.2441202962963]},"geometry":{"type":"Polygon","coordinates":[[[-122.002425,37.241517],[-121.996963,37.244078],[-121.99521,37.246725],[-121.99514,37.25092],[-121.985043,37.250089],[-121.98184,37.25095],[-121.981013,37.252436],[-121.979329,37.249546],[-121.979979,37.254317],[-121.978095,37.253865],[-121.976723,37.249334],[-121.975359,37.249214],[-121.973908,37.251445],[-121.96918,37.25084],[-121.97456,37.24505],[-121.97701,37.23844],[-121.979601,37.237117],[-121.9838,37.23848],[-121.981962,37.239308],[-121.982128,37.240999],[-121.985328,37.239996],[-121.985866,37.238411],[-121.98386,37.23692],[-121.986205,37.235754],[-121.981859,37.234449],[-121.984223,37.231078],[-121.99706,37.23997],[-122.002425,37.241517]]]}},{"type":"Feature","properties":{"geoid":"06085504308","name":"San Jose","city":"San Jose","county":"Santa Clara","centroid":[-121.82256026666667,37.4122535]},"geometry":{"type":"Polygon","coordinates":[[[-121.855123,37.418428],[-121.852996,37.421901],[-121.850868,37.421836],[-121.84727,37.418496],[-121.841526,37.42102],[-121.831159,37.423153],[-121.830237,37.425213],[-121.832987,37.42941],[-121.830486,37.431988],[-121.823473,37.431895],[-121.824527,37.43266],[-121.8199,37.43548],[-121.81304,37.43338],[-121.808338,37.434374],[-121.781884,37.404648],[-121.785088,37.403729],[-121.790638,37.405296],[-121.791975,37.403516],[-121.793724,37.403972],[-121.797754,37.39705],[-121.808311,37.396958],[-121.811881,37.394419],[-121.815389,37.393752],[-121.820308,37.394417],[-121.825403,37.397082],[-121.825822,37.394736],[-121.828141,37.395101],[-121.842333,37.390448],[-121.849739,37.405485],[-121.846488,37.407762],[-121.855123,37.418428]]]}},{"type":"Feature","properties":{"geoid":"06085504202","name":"Unincorporated Santa Clara","city":"","county":"Santa Clara","centroid":[-121.78841821818182,37.37567481818182]},"geometry":{"type":"Polygon","coordinates":[[[-121.817691,37.389766],[-121.816715,37.392217],[-121.812082,37.393631],[-121.809343,37.396725],[-121.797541,37.397138],[-121.797251,37.399259],[-121.793152,37.404055],[-121.79099,37.402071],[-121.786239,37.400949],[-121.786536,37.39862],[-121.784058,37.395433],[-121.78287,37.386752],[-121.779256,37.384432],[-121.775228,37.384958],[-121.771952,37.38299],[-121.766682,37.375308],[-121.762496,37.372095],[-121.762119,37.370222],[-121.759813,37.369913],[-121.760199,37.368759],[-121.754103,37.365454],[-121.753981,37.363555],[-121.762936,37.364116],[-121.769599,37.371854],[-121.771506,37.3723],[-121.773152,37.376452],[-121.780839,37.378476],[-121.783873,37.377892],[-121.775245,37.375388],[-121.773944,37.371815],[-121.775139,37.369911],[-121.772059,37.365827],[-121.778772,37.367749],[-121.781385,37.365558],[-121.777935,37.360411],[-121.779245,37.359463],[-121.77732,37.353849],[-121.781291,37.352721],[-121.786009,37.354151],[-121.795043,37.354251],[-121.798337,37.355631],[-121.804463,37.355468],[-121.812175,37.360885],[-121.81104,37.363481],[-121.806307,37.364935],[-121.804738,37.367545],[-121.806859,37.368588],[-121.804628,37.369845],[-121.808602,37.37412],[-121.812647,37.375534],[-121.816621,37.380415],[-121.815416,37.381251],[-121.816806,37.382801],[-121.814126,37.386673],[-121.814648,37.388457],[-121.817691,37.389766]]]}},{"type":"Feature","properties":{"geoid":"06085504201","name":"East Foothills","city":"East Foothills","county":"Santa Clara","centroid":[-121.81830957142859,37.38502419047619]},"geometry":{"type":"Polygon","coordinates":[[[-121.834225,37.392589],[-121.828141,37.395101],[-121.825683,37.394801],[-121.825403,37.397082],[-121.81819,37.393805],[-121.811665,37.394338],[-121.816715,37.392217],[-121.81755,37.390258],[-121.816958,37.388836],[-121.814648,37.388457],[-121.814126,37.386673],[-121.816806,37.382801],[-121.815416,37.381251],[-121.816637,37.380443],[-121.812647,37.375534],[-121.808602,37.37412],[-121.804628,37.369845],[-121.806859,37.368588],[-121.825209,37.377495],[-121.828045,37.380202],[-121.826348,37.381072],[-121.834225,37.392589]]]}},{"type":"Feature","properties":{"geoid":"06085503113","name":"Washington","city":"San Jose","county":"Santa Clara","centroid":[-121.8821848,37.315762]},"geometry":{"type":"Polygon","coordinates":[[[-121.887162,37.315848],[-121.878607,37.321015],[-121.874022,37.316377],[-121.883232,37.310156],[-121.887901,37.315414],[-121.887162,37.315848]]]}},{"type":"Feature","properties":{"geoid":"06085502601","name":"Dry Creek","city":"San Jose","county":"Santa Clara","centroid":[-121.916015,37.28996433333333]},"geometry":{"type":"Polygon","coordinates":[[[-121.922659,37.293082],[-121.922656,37.294373],[-121.905087,37.294479],[-121.902985,37.290572],[-121.920248,37.284653],[-121.922455,37.282627],[-121.922659,37.293082]]]}},{"type":"Feature","properties":{"geoid":"06085510500","name":"Castro","city":"Los Altos","county":"Santa Clara","centroid":[-122.12355458333332,37.392716]},"geometry":{"type":"Polygon","coordinates":[[[-122.129627,37.395291],[-122.125413,37.398496],[-122.123311,37.403334],[-122.120053,37.406258],[-122.11354,37.40113],[-122.114048,37.381339],[-122.125347,37.381802],[-122.125564,37.383458],[-122.123418,37.386519],[-122.126386,37.38838],[-122.128373,37.392084],[-122.127575,37.394501],[-122.129627,37.395291]]]}},{"type":"Feature","properties":{"geoid":"06085512031","name":"San Jose","city":"San Jose","county":"Santa Clara","centroid":[-121.81083428571426,37.229811285714284]},"geometry":{"type":"Polygon","coordinates":[[[-121.818255,37.231029],[-121.816856,37.236976],[-121.80384,37.23699],[-121.803662,37.224639],[-121.808021,37.224815],[-121.809044,37.226813],[-121.816162,37.227417],[-121.818255,37.231029]]]}},{"type":"Feature","properties":{"geoid":"06085502902","name":"Dry Creek","city":"San Jose","county":"Santa Clara","centroid":[-121.917658375,37.2771065]},"geometry":{"type":"Polygon","coordinates":[[[-121.923501,37.278353],[-121.922455,37.282627],[-121.920662,37.284382],[-121.913469,37.286703],[-121.913336,37.281921],[-121.904661,37.267944],[-121.922321,37.261749],[-121.920862,37.273173],[-121.923501,37.278353]]]}},{"type":"Feature","properties":{"geoid":"06085502703","name":"Vasona Junction","city":"San Jose","county":"Santa Clara","centroid":[-121.94465999999998,37.259871181818184]},"geometry":{"type":"Polygon","coordinates":[[[-121.95563,37.25586],[-121.949695,37.263974],[-121.94724,37.27076],[-121.935319,37.26221],[-121.935512,37.260249],[-121.940484,37.260223],[-121.940453,37.258215],[-121.943019,37.2582],[-121.943998,37.256372],[-121.94861,37.25786],[-121.9513,37.25466],[-121.95563,37.25586]]]}},{"type":"Feature","properties":{"geoid":"06085511918","name":"Unincorporated Santa Clara","city":"","county":"Santa Clara","centroid":[-121.86659675925924,37.196325092592595]},"geometry":{"type":"Polygon","coordinates":[[[-121.912993,37.216069],[-121.908939,37.218167],[-121.909199,37.220178],[-121.906573,37.222326],[-121.905747,37.225356],[-121.903732,37.226181],[-121.900225,37.223831],[-121.887176,37.220072],[-121.882074,37.221706],[-121.875461,37.214547],[-121.87553,37.210892],[-121.87162,37.207439],[-121.873699,37.206481],[-121.873545,37.205443],[-121.869875,37.204284],[-121.867488,37.205312],[-121.860002,37.204627],[-121.857957,37.196582],[-121.848703,37.196582],[-121.848672,37.193091],[-121.843073,37.19314],[-121.841493,37.191302],[-121.839425,37.191283],[-121.839758,37.195063],[-121.8366,37.1948],[-121.833165,37.19804],[-121.818491,37.188496],[-121.816092,37.18329],[-121.816241,37.180375],[-121.820818,37.178167],[-121.824479,37.174412],[-121.825111,37.170974],[-121.828596,37.168492],[-121.830786,37.1635],[-121.840149,37.162833],[-121.842752,37.16087],[-121.858426,37.167317],[-121.860725,37.169588],[-121.86438,37.17765],[-121.86617,37.17807],[-121.86351,37.17989],[-121.8696,37.18271],[-121.873524,37.181133],[-121.871306,37.184527],[-121.87296,37.195114],[-121.878279,37.198594],[-121.880084,37.198476],[-121.883998,37.201889],[-121.896486,37.204333],[-121.897038,37.206555],[-121.89952,37.206476],[-121.90469,37.21091],[-121.90688,37.21057],[-121.91241,37.21355],[-121.912993,37.216069]]]}},{"type":"Feature","properties":{"geoid":"06085503803","name":"Berryessa","city":"San Jose","county":"Santa Clara","centroid":[-121.84833257142857,37.38384357142858]},"geometry":{"type":"Polygon","coordinates":[[[-121.858098,37.380577],[-121.850069,37.388262],[-121.842333,37.390448],[-121.843817,37.386391],[-121.842253,37.383828],[-121.847001,37.380617],[-121.854757,37.376782],[-121.858098,37.380577]]]}},{"type":"Feature","properties":{"geoid":"06085512052","name":"Branham","city":"San Jose","county":"Santa Clara","centroid":[-121.86457499999999,37.2452942]},"geometry":{"type":"Polygon","coordinates":[[[-121.875315,37.250817],[-121.854426,37.250315],[-121.857941,37.240472],[-121.860267,37.242261],[-121.874926,37.242606],[-121.875315,37.250817]]]}},{"type":"Feature","properties":{"geoid":"06085506802","name":"San Jose","city":"San Jose","county":"Santa Clara","centroid":[-121.9371279,37.245581300000005]},"geometry":{"type":"Polygon","coordinates":[[[-121.950944,37.249809],[-121.948574,37.250234],[-121.948848,37.251093],[-121.922214,37.250601],[-121.922654,37.243488],[-121.931241,37.243419],[-121.93114,37.24023],[-121.93321,37.24017],[-121.933314,37.243419],[-121.94914,37.24335],[-121.950944,37.249809]]]}},{"type":"Feature","properties":{"geoid":"06085500800","name":"Little Italy","city":"San Jose","county":"Santa Clara","centroid":[-121.8963828,37.32960333333334]},"geometry":{"type":"Polygon","coordinates":[[[-121.903259,37.319778],[-121.90248,37.323481],[-121.89923,37.328315],[-121.898911,37.333067],[-121.902297,37.33851],[-121.899211,37.339888],[-121.89824,37.338462],[-121.893828,37.340548],[-121.885984,37.330023],[-121.888326,37.330797],[-121.892665,37.328751],[-121.890866,37.327192],[-121.890432,37.324074],[-121.89778,37.32246],[-121.902233,37.318704],[-121.903259,37.319778]]]}},{"type":"Feature","properties":{"geoid":"06085502302","name":"Willow Glen","city":"San Jose","county":"Santa Clara","centroid":[-121.90843016666666,37.308466333333335]},"geometry":{"type":"Polygon","coordinates":[[[-121.913856,37.310788],[-121.90692,37.311062],[-121.904144,37.312624],[-121.901078,37.308468],[-121.910981,37.303973],[-121.913602,37.303883],[-121.913856,37.310788]]]}},{"type":"Feature","properties":{"geoid":"06085501102","name":"Luna Park","city":"San Jose","county":"Santa Clara","centroid":[-121.88020816666669,37.35556433333334]},"geometry":{"type":"Polygon","coordinates":[[[-121.890451,37.353716],[-121.879492,37.358929],[-121.877449,37.36108],[-121.873804,37.359704],[-121.874177,37.352766],[-121.885876,37.347191],[-121.890451,37.353716]]]}},{"type":"Feature","properties":{"geoid":"06085511917","name":"San Jose","city":"San Jose","county":"Santa Clara","centroid":[-121.84857250000003,37.20030218750001]},"geometry":{"type":"Polygon","coordinates":[[[-121.860411,37.202998],[-121.858583,37.204925],[-121.858925,37.208184],[-121.857798,37.210288],[-121.853478,37.210969],[-121.852822,37.208204],[-121.846297,37.209384],[-121.833165,37.19804],[-121.8366,37.1948],[-121.839758,37.195063],[-121.839425,37.191283],[-121.841493,37.191302],[-121.843073,37.19314],[-121.848672,37.193091],[-121.848703,37.196582],[-121.857957,37.196582],[-121.860411,37.202998]]]}},{"type":"Feature","properties":{"geoid":"06085509110","name":"Whisman Station","city":"Mountain View","county":"Santa Clara","centroid":[-122.06429475,37.373459749999995]},"geometry":{"type":"Polygon","coordinates":[[[-122.06798,37.37473],[-122.067761,37.378132],[-122.05766,37.37429],[-122.063778,37.366687],[-122.06798,37.37473]]]}},{"type":"Feature","properties":{"geoid":"06085512515","name":"Unincorporated Santa Clara","city":"","county":"Santa Clara","centroid":[-121.62679000000003,37.031111666666675]},"geometry":{"type":"Polygon","coordinates":[[[-121.65743,37.03285],[-121.65327,37.04542],[-121.6499,37.04619],[-121.63261,37.04487],[-121.6311,37.04327],[-121.62095,37.04024],[-121.61663,37.04095],[-121.61495,37.04284],[-121.59763,37.03772],[-121.59739,37.03605],[-121.59808,37.02801],[-121.60931,37.02818],[-121.60885,37.02047],[-121.61387,37.0198],[-121.61943,37.02246],[-121.62208,37.02229],[-121.62293,37.02061],[-121.62803,37.01997],[-121.62841,37.01727],[-121.63736,37.02173],[-121.6374,37.02792],[-121.64411,37.02795],[-121.64507,37.02966],[-121.65617,37.02996],[-121.65743,37.03285]]]}},{"type":"Feature","properties":{"geoid":"06085508006","name":"Wilson Park","city":"Cupertino","county":"Santa Clara","centroid":[-122.019427,37.317063999999995]},"geometry":{"type":"Polygon","coordinates":[[[-122.023185,37.31932],[-122.02318,37.32285],[-122.0141,37.32287],[-122.01349,37.31041],[-122.02318,37.30987],[-122.023185,37.31932]]]}},{"type":"Feature","properties":{"geoid":"06085506504","name":"San Jose","city":"San Jose","county":"Santa Clara","centroid":[-121.9521975,37.2991025]},"geometry":{"type":"Polygon","coordinates":[[[-121.954477,37.301145],[-121.949948,37.301555],[-121.949917,37.296866],[-121.954448,37.296844],[-121.954477,37.301145]]]}},{"type":"Feature","properties":{"geoid":"06085512511","name":"Glen Loma Ranch","city":"Gilroy","county":"Santa Clara","centroid":[-121.58221725,37.005058375000004]},"geometry":{"type":"Polygon","coordinates":[[[-121.588,37.00109],[-121.58652,37.00383],[-121.586674,37.013505],[-121.575914,37.013612],[-121.57229,37.00575],[-121.58185,37.00298],[-121.58191,37.00029],[-121.58458,36.99941],[-121.588,37.00109]]]}},{"type":"Feature","properties":{"geoid":"06085505011","name":"Santa Clara","city":"Santa Clara","county":"Santa Clara","centroid":[-121.954223125,37.403192374999996]},"geometry":{"type":"Polygon","coordinates":[[[-121.96641,37.40639],[-121.960081,37.409856],[-121.954423,37.407506],[-121.947781,37.401723],[-121.944568,37.401018],[-121.94719,37.39951],[-121.95263,37.40187],[-121.960702,37.397666],[-121.96641,37.40639]]]}},{"type":"Feature","properties":{"geoid":"06085508705","name":"Sunnyvale","city":"Sunnyvale","county":"Santa Clara","centroid":[-122.01771699999999,37.3707865]},"geometry":{"type":"Polygon","coordinates":[[[-122.022898,37.367776],[-122.02047,37.37527],[-122.01376,37.37344],[-122.01374,37.36666],[-122.022898,37.367776]]]}},{"type":"Feature","properties":{"geoid":"06085508509","name":"Sunnyvale","city":"Sunnyvale","county":"Santa Clara","centroid":[-122.02234583333335,37.36434583333333]},"geometry":{"type":"Polygon","coordinates":[[[-122.032116,37.367699],[-122.01726,37.36667],[-122.017319,37.364206],[-122.01817,37.36232],[-122.02428,37.36354],[-122.02493,37.36164],[-122.032116,37.367699]]]}},{"type":"Feature","properties":{"geoid":"06085505013","name":"San Jose","city":"San Jose","county":"Santa Clara","centroid":[-121.93893725,37.40709775]},"geometry":{"type":"Polygon","coordinates":[[[-121.94485,37.40922],[-121.937158,37.412509],[-121.934232,37.404635],[-121.939509,37.402027],[-121.94485,37.40922]]]}},{"type":"Feature","properties":{"geoid":"06085508005","name":"Wilson Park","city":"Cupertino","county":"Santa Clara","centroid":[-122.0286722,37.3177176]},"geometry":{"type":"Polygon","coordinates":[[[-122.032362,37.320839],[-122.03237,37.3228],[-122.02318,37.32285],[-122.02318,37.30987],[-122.032269,37.312229],[-122.032362,37.320839]]]}},{"type":"Feature","properties":{"geoid":"06085504508","name":"Milpitas","city":"Milpitas","county":"Santa Clara","centroid":[-121.91085100000001,37.422920999999995]},"geometry":{"type":"Polygon","coordinates":[[[-121.916383,37.425772],[-121.910869,37.427374],[-121.909008,37.43032],[-121.905069,37.415587],[-121.912926,37.415552],[-121.916383,37.425772]]]}},{"type":"Feature","properties":{"geoid":"06085512054","name":"Seven Trees","city":"San Jose","county":"Santa Clara","centroid":[-121.83693299999999,37.275979250000006]},"geometry":{"type":"Polygon","coordinates":[[[-121.84175,37.277033],[-121.837354,37.27989],[-121.831086,37.273821],[-121.837542,37.273173],[-121.84175,37.277033]]]}},{"type":"Feature","properties":{"geoid":"06085503220","name":"Seven Trees","city":"San Jose","county":"Santa Clara","centroid":[-121.83671316666666,37.28829616666666]},"geometry":{"type":"Polygon","coordinates":[[[-121.845266,37.287454],[-121.835946,37.294712],[-121.833214,37.293421],[-121.834255,37.291382],[-121.834244,37.282918],[-121.837354,37.27989],[-121.845266,37.287454]]]}},{"type":"Feature","properties":{"geoid":"06085504902","name":"Santa Clara","city":"Santa Clara","county":"Santa Clara","centroid":[-121.95252571428571,37.397247571428565]},"geometry":{"type":"Polygon","coordinates":[[[-121.96049,37.39776],[-121.95263,37.40187],[-121.95043,37.401299],[-121.94936,37.400814],[-121.95271,37.39644],[-121.94702,37.39313],[-121.95504,37.38942],[-121.96049,37.39776]]]}},{"type":"Feature","properties":{"geoid":"06085508707","name":"Sunnyvale","city":"Sunnyvale","county":"Santa Clara","centroid":[-122.02045724999999,37.382362875]},"geometry":{"type":"Polygon","coordinates":[[[-122.03358,37.37965],[-122.03214,37.38419],[-122.01875,37.38042],[-122.01665,37.38578],[-122.01569,37.38631],[-122.0156,37.38465],[-122.013922,37.383649],[-122.017326,37.374254],[-122.03358,37.37965]]]}},{"type":"Feature","properties":{"geoid":"06085508706","name":"Sunnyvale","city":"Sunnyvale","county":"Santa Clara","centroid":[-122.004954,37.369382]},"geometry":{"type":"Polygon","coordinates":[[[-122.01376,37.37344],[-121.9963,37.37054],[-121.996016,37.366888],[-122.01374,37.36666],[-122.01376,37.37344]]]}},{"type":"Feature","properties":{"geoid":"06085505901","name":"Santa Clara","city":"Santa Clara","county":"Santa Clara","centroid":[-121.95687166666666,37.32801466666666]},"geometry":{"type":"Polygon","coordinates":[[[-121.96996,37.32318],[-121.96007,37.33501],[-121.95539,37.33232],[-121.95543,37.326995],[-121.9502,37.327363],[-121.95018,37.32322],[-121.96996,37.32318]]]}},{"type":"Feature","properties":{"geoid":"06085503221","name":"Unincorporated Santa Clara","city":"","county":"Santa Clara","centroid":[-121.85007325000001,37.3013285]},"geometry":{"type":"Polygon","coordinates":[[[-121.858216,37.300777],[-121.847654,37.307959],[-121.841878,37.301953],[-121.852545,37.294625],[-121.858216,37.300777]]]}},{"type":"Feature","properties":{"geoid":"06085501101","name":"Japantown","city":"San Jose","county":"Santa Clara","centroid":[-121.89319366666666,37.347443000000005]},"geometry":{"type":"Polygon","coordinates":[[[-121.896821,37.350694],[-121.890661,37.353617],[-121.885876,37.347191],[-121.894953,37.342046],[-121.897006,37.344803],[-121.893845,37.346307],[-121.896821,37.350694]]]}},{"type":"Feature","properties":{"geoid":"06085503122","name":"Spartan Keyes","city":"San Jose","county":"Santa Clara","centroid":[-121.85673133333334,37.314964833333335]},"geometry":{"type":"Polygon","coordinates":[[[-121.873953,37.316413],[-121.861884,37.32168],[-121.856564,37.316213],[-121.849394,37.322039],[-121.840205,37.312787],[-121.858388,37.300657],[-121.873953,37.316413]]]}},{"type":"Feature","properties":{"geoid":"06085503121","name":"Spartan Keyes","city":"San Jose","county":"Santa Clara","centroid":[-121.87331119999999,37.3049232]},"geometry":{"type":"Polygon","coordinates":[[[-121.883232,37.310156],[-121.874022,37.316377],[-121.861287,37.303522],[-121.872864,37.294715],[-121.875151,37.299846],[-121.883232,37.310156]]]}},{"type":"Feature","properties":{"geoid":"06085502301","name":"Dry Creek","city":"San Jose","county":"Santa Clara","centroid":[-121.9077282222222,37.30059677777778]},"geometry":{"type":"Polygon","coordinates":[[[-121.913613,37.30167],[-121.913602,37.303883],[-121.910981,37.303973],[-121.901078,37.308468],[-121.897312,37.303616],[-121.905675,37.301033],[-121.905087,37.294479],[-121.90867,37.293808],[-121.913536,37.294441],[-121.913613,37.30167]]]}},{"type":"Feature","properties":{"geoid":"06085503118","name":"Little Saigon","city":"San Jose","county":"Santa Clara","centroid":[-121.84284925,37.318742]},"geometry":{"type":"Polygon","coordinates":[[[-121.848936,37.322406],[-121.845747,37.324603],[-121.836509,37.315172],[-121.840205,37.312787],[-121.848936,37.322406]]]}},{"type":"Feature","properties":{"geoid":"06085502604","name":"Campbell","city":"Campbell","county":"Santa Clara","centroid":[-121.93909561538462,37.28117630769231]},"geometry":{"type":"Polygon","coordinates":[[[-121.94722,37.27086],[-121.944808,37.279277],[-121.936665,37.28719],[-121.936402,37.290353],[-121.93832,37.294389],[-121.931686,37.294397],[-121.931642,37.280181],[-121.935096,37.277907],[-121.935706,37.279217],[-121.93775,37.27912],[-121.94166,37.27729],[-121.94513,37.27514],[-121.946158,37.269971],[-121.94722,37.27086]]]}},{"type":"Feature","properties":{"geoid":"06085512047","name":"Parkview","city":"San Jose","county":"Santa Clara","centroid":[-121.84448433333334,37.2400425]},"geometry":{"type":"Polygon","coordinates":[[[-121.85118,37.237604],[-121.846752,37.250573],[-121.839743,37.250541],[-121.83963,37.236637],[-121.841024,37.231208],[-121.848577,37.233692],[-121.85118,37.237604]]]}},{"type":"Feature","properties":{"geoid":"06085503117","name":"Little Saigon","city":"San Jose","county":"Santa Clara","centroid":[-121.85154650000001,37.32739425]},"geometry":{"type":"Polygon","coordinates":[[[-121.857407,37.330199],[-121.853638,37.332736],[-121.845747,37.324603],[-121.849394,37.322039],[-121.857407,37.330199]]]}},{"type":"Feature","properties":{"geoid":"06001443321","name":"Warm Springs","city":"Fremont","county":"Alameda","centroid":[-121.924172,37.48929783333333]},"geometry":{"type":"Polygon","coordinates":[[[-121.929428,37.489924],[-121.923012,37.495572],[-121.918502,37.490941],[-121.924182,37.488358],[-121.923182,37.486132],[-121.926726,37.48486],[-121.929428,37.489924]]]}},{"type":"Feature","properties":{"geoid":"06001444602","name":"Newark","city":"Newark","county":"Alameda","centroid":[-122.0051405,37.50681872222222]},"geometry":{"type":"Polygon","coordinates":[[[-122.01537,37.501705],[-122.011945,37.50402],[-122.012435,37.50689],[-122.01488,37.509699],[-122.008443,37.524114],[-122.005166,37.528147],[-122.00236,37.529774],[-121.987767,37.522432],[-121.994752,37.514003],[-121.997972,37.503893],[-121.992025,37.498066],[-121.996281,37.498291],[-121.999521,37.493315],[-122.005683,37.494244],[-122.008251,37.497518],[-122.012445,37.496877],[-122.01252,37.499717],[-122.014713,37.500032],[-122.01537,37.501705]]]}},{"type":"Feature","properties":{"geoid":"06001450502","name":"Unincorporated Alameda","city":"","county":"Alameda","centroid":[-121.955364,37.70847442857143]},"geometry":{"type":"Polygon","coordinates":[[[-122.001277,37.703728],[-121.971263,37.729556],[-121.96004,37.718531],[-121.942383,37.722946],[-121.93948,37.713876],[-121.946973,37.712474],[-121.948014,37.709196],[-121.946294,37.707818],[-121.945939,37.702808],[-121.943907,37.69961],[-121.935788,37.70209],[-121.934962,37.698517],[-121.971599,37.697561],[-121.987177,37.699931],[-122.001277,37.703728]]]}},{"type":"Feature","properties":{"geoid":"06001450751","name":"Dublin","city":"Dublin","county":"Alameda","centroid":[-121.85361762962968,37.71973296296296]},"geometry":{"type":"Polygon","coordinates":[[[-121.872022,37.712185],[-121.871899,37.716686],[-121.867015,37.717053],[-121.865536,37.718249],[-121.859124,37.71856],[-121.852141,37.714029],[-121.851078,37.715527],[-121.851899,37.718309],[-121.854218,37.720414],[-121.852432,37.721795],[-121.852592,37.725104],[-121.855663,37.72452],[-121.858259,37.726111],[-121.859792,37.729021],[-121.863221,37.730562],[-121.857323,37.730453],[-121.851875,37.734272],[-121.845063,37.732258],[-121.837315,37.733675],[-121.836333,37.731349],[-121.824367,37.723083],[-121.823291,37.701145],[-121.849501,37.701354],[-121.850412,37.708274],[-121.852029,37.710428],[-121.861266,37.708568],[-121.87201,37.709806],[-121.872022,37.712185]]]}},{"type":"Feature","properties":{"geoid":"06001450752","name":"Dublin","city":"Dublin","county":"Alameda","centroid":[-121.84163035483874,37.7269244516129]},"geometry":{"type":"Polygon","coordinates":[[[-121.88173,37.736608],[-121.812589,37.754225],[-121.811887,37.751813],[-121.81382,37.74532],[-121.80939,37.741427],[-121.808295,37.73534],[-121.809299,37.728647],[-121.808694,37.71921],[-121.804734,37.710455],[-121.80607,37.701308],[-121.823291,37.701145],[-121.824367,37.723083],[-121.836333,37.731349],[-121.837315,37.733675],[-121.845063,37.732258],[-121.851875,37.734272],[-121.857323,37.730453],[-121.863221,37.730562],[-121.859792,37.729021],[-121.858259,37.726111],[-121.855663,37.72452],[-121.852592,37.725104],[-121.852432,37.721795],[-121.854218,37.720414],[-121.851002,37.716337],[-121.852141,37.714029],[-121.859124,37.71856],[-121.871899,37.716686],[-121.871536,37.723319],[-121.873653,37.728186],[-121.872934,37.729426],[-121.88173,37.736608]]]}},{"type":"Feature","properties":{"geoid":"06001435602","name":"Cherryland","city":"Cherryland","county":"Alameda","centroid":[-122.10571133333332,37.683778999999994]},"geometry":{"type":"Polygon","coordinates":[[[-122.116825,37.685647],[-122.113351,37.686383],[-122.10907,37.684396],[-122.105829,37.685957],[-122.100633,37.685717],[-122.099202,37.684572],[-122.100119,37.683831],[-122.096645,37.681094],[-122.109728,37.676414],[-122.116825,37.685647]]]}},{"type":"Feature","properties":{"geoid":"06001437101","name":"Baumberg","city":"Hayward","county":"Alameda","centroid":[-122.11878015517242,37.60914553448277]},"geometry":{"type":"Polygon","coordinates":[[[-122.167289,37.66745],[-122.163829,37.667495],[-122.161554,37.663809],[-122.152432,37.663953],[-122.150864,37.662784],[-122.145918,37.665677],[-122.14375,37.663346],[-122.139274,37.662528],[-122.134365,37.662797],[-122.133684,37.66484],[-122.127675,37.665182],[-122.127905,37.667862],[-122.123137,37.668067],[-122.12075,37.669776],[-122.110413,37.653156],[-122.120239,37.653223],[-122.11923,37.640692],[-122.109322,37.631228],[-122.104309,37.632253],[-122.101501,37.627457],[-122.101242,37.62428],[-122.092858,37.62448],[-122.083905,37.609872],[-122.087517,37.608127],[-122.091271,37.599996],[-122.091659,37.585046],[-122.09676,37.582982],[-122.094586,37.579419],[-122.086804,37.578385],[-122.085914,37.574151],[-122.083137,37.57529],[-122.085549,37.573349],[-122.083626,37.569684],[-122.084462,37.567738],[-122.090108,37.564409],[-122.091714,37.567386],[-122.095165,37.566722],[-122.095488,37.565037],[-122.092702,37.563019],[-122.094501,37.561933],[-122.099615,37.564897],[-122.101686,37.562294],[-122.104359,37.563919],[-122.109633,37.560443],[-122.111083,37.561384],[-122.110133,37.565549],[-122.124308,37.569175],[-122.128803,37.566851],[-122.135769,37.558852],[-122.140998,37.562193],[-122.153507,37.582169],[-122.155013,37.591114],[-122.152417,37.599099],[-122.155859,37.611537],[-122.162477,37.614758],[-122.157553,37.621601],[-122.158496,37.632931],[-122.161132,37.646795],[-122.167289,37.66745]]]}},{"type":"Feature","properties":{"geoid":"06001438203","name":"Hayward","city":"Hayward","county":"Alameda","centroid":[-122.0601682380952,37.61802785714286]},"geometry":{"type":"Polygon","coordinates":[[[-122.074536,37.617585],[-122.073153,37.618604],[-122.071912,37.62304],[-122.072196,37.630672],[-122.073242,37.631424],[-122.065046,37.633582],[-122.061485,37.62848],[-122.063367,37.629225],[-122.067175,37.62811],[-122.062203,37.617374],[-122.05168,37.625745],[-122.049927,37.622582],[-122.030938,37.605927],[-122.034819,37.605962],[-122.043298,37.612266],[-122.043834,37.605959],[-122.05869,37.606028],[-122.059375,37.603907],[-122.068794,37.605698],[-122.066413,37.613137],[-122.07145,37.613278],[-122.074536,37.617585]]]}},{"type":"Feature","properties":{"geoid":"06001443105","name":"Mission San Jose","city":"Fremont","county":"Alameda","centroid":[-121.93035869230768,37.52238792307692]},"geometry":{"type":"Polygon","coordinates":[[[-121.945945,37.525899],[-121.944741,37.528651],[-121.941488,37.53099],[-121.934052,37.53166],[-121.928419,37.523587],[-121.924396,37.522933],[-121.921437,37.525371],[-121.917953,37.526126],[-121.917847,37.518481],[-121.919252,37.513607],[-121.925865,37.515071],[-121.933753,37.513908],[-121.939515,37.514759],[-121.945945,37.525899]]]}},{"type":"Feature","properties":{"geoid":"06001451504","name":"Village II","city":"Livermore","county":"Alameda","centroid":[-121.73315372727274,37.695492090909084]},"geometry":{"type":"Polygon","coordinates":[[[-121.747031,37.69462],[-121.744156,37.696757],[-121.740284,37.702728],[-121.723874,37.709128],[-121.718114,37.697924],[-121.718592,37.694423],[-121.726026,37.695276],[-121.732255,37.694052],[-121.732318,37.687839],[-121.738164,37.687417],[-121.743877,37.690249],[-121.747031,37.69462]]]}},{"type":"Feature","properties":{"geoid":"06085504323","name":"San Jose","city":"San Jose","county":"Santa Clara","centroid":[-121.88300600000001,37.40089642857142]},"geometry":{"type":"Polygon","coordinates":[[[-121.89127,37.403507],[-121.887876,37.406952],[-121.882117,37.40332],[-121.877501,37.405584],[-121.873808,37.395275],[-121.881464,37.388614],[-121.887006,37.403023],[-121.89127,37.403507]]]}},{"type":"Feature","properties":{"geoid":"06085511302","name":"Downtown North","city":"Palo Alto","county":"Santa Clara","centroid":[-122.1645052222222,37.44958466666666]},"geometry":{"type":"Polygon","coordinates":[[[-122.170142,37.447289],[-122.168747,37.447435],[-122.167625,37.450783],[-122.165951,37.450767],[-122.165226,37.452942],[-122.16411,37.452464],[-122.162769,37.453839],[-122.15429,37.44914],[-122.161687,37.441603],[-122.170142,37.447289]]]}},{"type":"Feature","properties":{"geoid":"06085512313","name":"Unincorporated Santa Clara","city":"","county":"Santa Clara","centroid":[-121.654854,37.115733999999996]},"geometry":{"type":"Polygon","coordinates":[[[-121.66198,37.10496],[-121.66104,37.1124],[-121.66195,37.12159],[-121.64846,37.12595],[-121.64084,37.11377],[-121.66198,37.10496]]]}},{"type":"Feature","properties":{"geoid":"06001403502","name":"Harrison/Oakland","city":"Oakland","county":"Alameda","centroid":[-122.2573265,37.815493000000004]},"geometry":{"type":"Polygon","coordinates":[[[-122.261495,37.813034],[-122.254886,37.819259],[-122.252807,37.817194],[-122.260118,37.812485],[-122.261495,37.813034]]]}},{"type":"Feature","properties":{"geoid":"06085502901","name":"San Jose","city":"San Jose","county":"Santa Clara","centroid":[-121.92681809999999,37.274163900000005]},"geometry":{"type":"Polygon","coordinates":[[[-121.933743,37.274778],[-121.931642,37.280181],[-121.926965,37.281491],[-121.923835,37.280585],[-121.922455,37.282627],[-121.923454,37.2778],[-121.920843,37.271663],[-121.922321,37.261749],[-121.931411,37.261742],[-121.931512,37.269023],[-121.933743,37.274778]]]}},{"type":"Feature","properties":{"geoid":"06085503337","name":"Meadowfair","city":"San Jose","county":"Santa Clara","centroid":[-121.810115,37.3011375]},"geometry":{"type":"Polygon","coordinates":[[[-121.816774,37.302981],[-121.810835,37.30713],[-121.802691,37.299771],[-121.81016,37.294668],[-121.816774,37.302981]]]}},{"type":"Feature","properties":{"geoid":"06085512043","name":"Edenvale","city":"San Jose","county":"Santa Clara","centroid":[-121.80437025,37.262906875]},"geometry":{"type":"Polygon","coordinates":[[[-121.81026,37.260256],[-121.810007,37.268414],[-121.808333,37.26909],[-121.805829,37.265839],[-121.801787,37.266029],[-121.799775,37.260843],[-121.796481,37.257159],[-121.80249,37.255625],[-121.81026,37.260256]]]}},{"type":"Feature","properties":{"geoid":"06085503713","name":"Little Portugal","city":"San Jose","county":"Santa Clara","centroid":[-121.84130425000001,37.3650355]},"geometry":{"type":"Polygon","coordinates":[[[-121.846104,37.368075],[-121.843013,37.370077],[-121.835192,37.362334],[-121.840908,37.359656],[-121.846104,37.368075]]]}},{"type":"Feature","properties":{"geoid":"06085503902","name":"Alum Rock","city":"Alum Rock","county":"Santa Clara","centroid":[-121.8281465,37.37424775]},"geometry":{"type":"Polygon","coordinates":[[[-121.835469,37.375197],[-121.828045,37.380202],[-121.821144,37.375855],[-121.827928,37.365737],[-121.835469,37.375197]]]}},{"type":"Feature","properties":{"geoid":"06001403702","name":"Adams Point","city":"Oakland","county":"Alameda","centroid":[-122.25244375000001,37.809144874999994]},"geometry":{"type":"Polygon","coordinates":[[[-122.256336,37.808538],[-122.255389,37.810661],[-122.250061,37.811785],[-122.246504,37.809841],[-122.249148,37.808391],[-122.252774,37.808747],[-122.253337,37.807733],[-122.256001,37.807463],[-122.256336,37.808538]]]}},{"type":"Feature","properties":{"geoid":"06001425101","name":"Golden Gate","city":"Emeryville","county":"Alameda","centroid":[-122.30569700000001,37.8393004]},"geometry":{"type":"Polygon","coordinates":[[[-122.320093,37.843278],[-122.298817,37.847917],[-122.296698,37.837701],[-122.293391,37.830674],[-122.319486,37.836932],[-122.320093,37.843278]]]}},{"type":"Feature","properties":{"geoid":"06001430101","name":"Castro Valley","city":"Castro Valley","county":"Alameda","centroid":[-122.02741345714283,37.723502257142854]},"geometry":{"type":"Polygon","coordinates":[[[-122.059972,37.69359],[-122.058284,37.695727],[-122.056514,37.695557],[-122.05704,37.697315],[-122.055276,37.699029],[-122.055442,37.701018],[-122.0518,37.70304],[-122.044673,37.702493],[-122.043697,37.705207],[-122.04141,37.706771],[-122.040101,37.715632],[-122.038047,37.717671],[-122.038232,37.719895],[-122.032448,37.733506],[-122.031236,37.749468],[-122.029367,37.752014],[-122.028603,37.758738],[-122.023597,37.763102],[-122.016573,37.766277],[-122.007298,37.76817],[-122.004081,37.770147],[-121.997411,37.76336],[-122.010771,37.755127],[-122.011771,37.747428],[-122.001071,37.739028],[-121.995426,37.738351],[-121.988097,37.733149],[-121.971263,37.729556],[-122.001277,37.703728],[-122.017485,37.702745],[-122.0212,37.701492],[-122.020384,37.699987],[-122.025659,37.697989],[-122.036055,37.701993],[-122.04791,37.694279],[-122.059972,37.69359]]]}},{"type":"Feature","properties":{"geoid":"06001430102","name":"Unincorporated Alameda","city":"","county":"Alameda","centroid":[-122.09934493589739,37.762098551282044]},"geometry":{"type":"Polygon","coordinates":[[[-122.179157,37.804981],[-122.174159,37.81027],[-122.175474,37.81459],[-122.177873,37.816323],[-122.172775,37.815826],[-122.166873,37.813424],[-122.157392,37.817952],[-122.148808,37.81376],[-122.140698,37.804717],[-122.061506,37.799207],[-122.061519,37.800088],[-122.045473,37.798126],[-122.030472,37.787727],[-122.0138,37.780128],[-122.004081,37.770147],[-122.007298,37.76817],[-122.016573,37.766277],[-122.027854,37.759856],[-122.029398,37.751908],[-122.031236,37.749468],[-122.032448,37.733506],[-122.038232,37.719895],[-122.038047,37.717671],[-122.040101,37.715632],[-122.04089,37.707778],[-122.04376,37.705124],[-122.044559,37.70254],[-122.0518,37.70304],[-122.054474,37.701567],[-122.056555,37.704171],[-122.056229,37.710758],[-122.055786,37.71422],[-122.054071,37.715395],[-122.054333,37.721219],[-122.052153,37.723696],[-122.052554,37.72885],[-122.05126,37.731487],[-122.058502,37.752125],[-122.059239,37.752689],[-122.062206,37.748429],[-122.059932,37.738777],[-122.061692,37.729551],[-122.065563,37.720173],[-122.075264,37.720742],[-122.079763,37.72483],[-122.085379,37.725238],[-122.085991,37.729088],[-122.089141,37.730263],[-122.095704,37.730326],[-122.096915,37.727784],[-122.098566,37.727551],[-122.101126,37.729112],[-122.106553,37.722472],[-122.119812,37.731633],[-122.114798,37.736118],[-122.115503,37.748871],[-122.12412,37.761141],[-122.133176,37.777674],[-122.143706,37.787393],[-122.141799,37.789751],[-122.143244,37.790349],[-122.143317,37.793017],[-122.152291,37.793082],[-122.152262,37.796471],[-122.159488,37.797425],[-122.15842,37.798024],[-122.159697,37.800057],[-122.162322,37.800022],[-122.161632,37.801443],[-122.164146,37.802929],[-122.165036,37.805175],[-122.16765,37.805783],[-122.170529,37.804654],[-122.168388,37.799128],[-122.175957,37.802699],[-122.175313,37.803529],[-122.176953,37.804711],[-122.178139,37.803964],[-122.179157,37.804981]]]}},{"type":"Feature","properties":{"geoid":"06013381000","name":"Easter Hill Village","city":"Richmond","county":"Contra Costa","centroid":[-122.33375575,37.92964975]},"geometry":{"type":"Polygon","coordinates":[[[-122.352421,37.935701],[-122.323367,37.932297],[-122.3207,37.925442],[-122.338535,37.925159],[-122.352421,37.935701]]]}},{"type":"Feature","properties":{"geoid":"06085511915","name":"San Jose","city":"San Jose","county":"Santa Clara","centroid":[-121.88359125000001,37.24319075]},"geometry":{"type":"Polygon","coordinates":[[[-121.891973,37.245519],[-121.887093,37.245813],[-121.875315,37.250817],[-121.874926,37.242606],[-121.878633,37.242358],[-121.885687,37.238034],[-121.886649,37.237889],[-121.888454,37.24249],[-121.891973,37.245519]]]}},{"type":"Feature","properties":{"geoid":"06085504322","name":"San Jose","city":"San Jose","county":"Santa Clara","centroid":[-121.8936014,37.3937426]},"geometry":{"type":"Polygon","coordinates":[[[-121.902863,37.404407],[-121.887006,37.403023],[-121.881464,37.388614],[-121.89586,37.382745],[-121.900814,37.389924],[-121.902863,37.404407]]]}},{"type":"Feature","properties":{"geoid":"06085512038","name":"San Jose","city":"San Jose","county":"Santa Clara","centroid":[-121.76154425,37.234753]},"geometry":{"type":"Polygon","coordinates":[[[-121.777991,37.240985],[-121.769559,37.242067],[-121.747478,37.229526],[-121.751149,37.226434],[-121.777991,37.240985]]]}},{"type":"Feature","properties":{"geoid":"06085505006","name":"San Jose","city":"San Jose","county":"Santa Clara","centroid":[-121.92785425000002,37.3994691]},"geometry":{"type":"Polygon","coordinates":[[[-121.941714,37.376667],[-121.935648,37.38485],[-121.936345,37.38747],[-121.939561,37.390452],[-121.940655,37.395672],[-121.936129,37.397375],[-121.939509,37.402027],[-121.934232,37.404635],[-121.937158,37.412509],[-121.931776,37.413413],[-121.922974,37.411035],[-121.930131,37.417759],[-121.929794,37.419193],[-121.931047,37.420094],[-121.926432,37.422761],[-121.916383,37.425772],[-121.909228,37.403332],[-121.901173,37.368787],[-121.901665,37.364245],[-121.915531,37.371334],[-121.941714,37.376667]]]}},{"type":"Feature","properties":{"geoid":"06085506202","name":"Rancho Rinconada","city":"San Jose","county":"Santa Clara","centroid":[-121.99328125000001,37.300200249999996]},"geometry":{"type":"Polygon","coordinates":[[[-122.003408,37.293107],[-122.001097,37.296492],[-121.998056,37.29777],[-121.996334,37.303469],[-121.996325,37.309617],[-121.977666,37.30813],[-121.981217,37.301382],[-121.992147,37.291635],[-122.003408,37.293107]]]}},{"type":"Feature","properties":{"geoid":"06085508508","name":"Sunnyvale","city":"Sunnyvale","county":"Santa Clara","centroid":[-122.00204245454547,37.359393181818184]},"geometry":{"type":"Polygon","coordinates":[[[-122.008686,37.363389],[-122.00824,37.36675],[-121.996016,37.366888],[-121.995839,37.360666],[-121.999616,37.360653],[-122.000521,37.359503],[-122.000445,37.354075],[-122.001593,37.354052],[-122.001561,37.352149],[-122.00494,37.3521],[-122.00501,37.3631],[-122.008686,37.363389]]]}},{"type":"Feature","properties":{"geoid":"06085508507","name":"Santa Clara","city":"Santa Clara","county":"Santa Clara","centroid":[-121.99923066666668,37.35562916666667]},"geometry":{"type":"Polygon","coordinates":[[[-122.001593,37.354052],[-122.000445,37.354075],[-121.999616,37.360653],[-121.995839,37.360666],[-121.99633,37.35218],[-122.001561,37.352149],[-122.001593,37.354052]]]}},{"type":"Feature","properties":{"geoid":"06085508003","name":"Rancho Rinconada","city":"Cupertino","county":"Santa Clara","centroid":[-122.01044999999999,37.316705]},"geometry":{"type":"Polygon","coordinates":[[[-122.0141,37.32287],[-122.00649,37.32295],[-122.00771,37.31068],[-122.0135,37.31032],[-122.0141,37.32287]]]}},{"type":"Feature","properties":{"geoid":"06081600402","name":"Top of the Hill","city":"Daly","county":"San Mateo","centroid":[-122.4523415,37.70484575]},"geometry":{"type":"Polygon","coordinates":[[[-122.458116,37.705411],[-122.454035,37.70763],[-122.449751,37.708213],[-122.448078,37.705053],[-122.450414,37.704214],[-122.449206,37.703171],[-122.452673,37.702109],[-122.456459,37.702965],[-122.458116,37.705411]]]}},{"type":"Feature","properties":{"geoid":"06081601901","name":"South San Francisco","city":"South San Francisco","county":"San Mateo","centroid":[-122.43592625,37.664535625]},"geometry":{"type":"Polygon","coordinates":[[[-122.444315,37.665677],[-122.436628,37.671488],[-122.427449,37.667195],[-122.430146,37.659594],[-122.433566,37.65988],[-122.433037,37.661324],[-122.439542,37.666907],[-122.442727,37.66422],[-122.444315,37.665677]]]}},{"type":"Feature","properties":{"geoid":"06081603802","name":"San Bruno","city":"San Bruno","county":"San Mateo","centroid":[-122.431044,37.61898133333333]},"geometry":{"type":"Polygon","coordinates":[[[-122.447097,37.624391],[-122.435038,37.630338],[-122.4302,37.626498],[-122.428575,37.624394],[-122.431409,37.617738],[-122.426379,37.618256],[-122.424329,37.616857],[-122.42825,37.607684],[-122.428119,37.604676],[-122.447097,37.624391]]]}},{"type":"Feature","properties":{"geoid":"06081609201","name":"Devonshire","city":"San Carlos","county":"San Mateo","centroid":[-122.25822785714284,37.49803585714285]},"geometry":{"type":"Polygon","coordinates":[[[-122.263364,37.502439],[-122.258298,37.506263],[-122.24852,37.497797],[-122.256408,37.492],[-122.260176,37.49394],[-122.258213,37.494792],[-122.262616,37.49902],[-122.263364,37.502439]]]}},{"type":"Feature","properties":{"geoid":"06081609202","name":"Devonshire","city":"San Carlos","county":"San Mateo","centroid":[-122.267345375,37.50657375]},"geometry":{"type":"Polygon","coordinates":[[[-122.273052,37.510195],[-122.267399,37.514185],[-122.258298,37.506263],[-122.262994,37.502071],[-122.267216,37.501797],[-122.266585,37.503253],[-122.270851,37.507451],[-122.272368,37.507375],[-122.273052,37.510195]]]}},{"type":"Feature","properties":{"geoid":"06085512045","name":"Parkview","city":"San Jose","county":"Santa Clara","centroid":[-121.83591262499998,37.237154624999995]},"geometry":{"type":"Polygon","coordinates":[[[-121.841198,37.230684],[-121.83963,37.236637],[-121.839743,37.250541],[-121.83651,37.250723],[-121.829988,37.247493],[-121.82972,37.226234],[-121.835346,37.226734],[-121.835166,37.228191],[-121.841198,37.230684]]]}},{"type":"Feature","properties":{"geoid":"06085512037","name":"Parkview","city":"San Jose","county":"Santa Clara","centroid":[-121.82480249999999,37.242287]},"geometry":{"type":"Polygon","coordinates":[[[-121.830732,37.244773],[-121.829988,37.247493],[-121.822943,37.244193],[-121.817689,37.243414],[-121.816856,37.236976],[-121.830607,37.236873],[-121.830732,37.244773]]]}},{"type":"Feature","properties":{"geoid":"06085512036","name":"San Jose","city":"San Jose","county":"Santa Clara","centroid":[-121.81061025,37.2401]},"geometry":{"type":"Polygon","coordinates":[[[-121.817689,37.243414],[-121.804056,37.24302],[-121.80384,37.23699],[-121.816856,37.236976],[-121.817689,37.243414]]]}},{"type":"Feature","properties":{"geoid":"06013307102","name":"Antioch","city":"Antioch","county":"Contra Costa","centroid":[-121.81484763636362,38.00021345454545]},"geometry":{"type":"Polygon","coordinates":[[[-121.822814,37.994839],[-121.819822,38.004995],[-121.819683,38.010192],[-121.813786,38.010123],[-121.815062,38.003548],[-121.805999,38.001647],[-121.805984,37.998255],[-121.810124,37.998265],[-121.810074,37.993681],[-121.817574,37.994085],[-121.822402,37.992718],[-121.822814,37.994839]]]}},{"type":"Feature","properties":{"geoid":"06013331000","name":"Concord","city":"Concord","county":"Contra Costa","centroid":[-122.0148425,37.97691733333333]},"geometry":{"type":"Polygon","coordinates":[[[-122.029468,37.978575],[-122.020556,37.981009],[-122.012087,37.985181],[-121.996058,37.973247],[-122.002222,37.96803],[-122.028664,37.975462],[-122.029468,37.978575]]]}},{"type":"Feature","properties":{"geoid":"06085512311","name":"Morgan Hill","city":"Morgan Hill","county":"Santa Clara","centroid":[-121.66123516666669,37.14729633333334]},"geometry":{"type":"Polygon","coordinates":[[[-121.679721,37.158636],[-121.66749,37.167032],[-121.64107,37.14095],[-121.65269,37.13173],[-121.66269,37.14148],[-121.66375,37.14395],[-121.679721,37.158636]]]}},{"type":"Feature","properties":{"geoid":"06081614000","name":"Sharp Park","city":"San Bruno","county":"San Mateo","centroid":[-122.46213722222222,37.63010433333333]},"geometry":{"type":"Polygon","coordinates":[[[-122.47272,37.633802],[-122.468781,37.638521],[-122.468078,37.637605],[-122.464132,37.638791],[-122.453585,37.631516],[-122.445635,37.622144],[-122.45095,37.617537],[-122.462785,37.619335],[-122.472569,37.631688],[-122.47272,37.633802]]]}},{"type":"Feature","properties":{"geoid":"06081600401","name":"Crocker-Amazon","city":"Daly","county":"San Mateo","centroid":[-122.44494733333335,37.705130499999996]},"geometry":{"type":"Polygon","coordinates":[[[-122.450547,37.702525],[-122.449133,37.703231],[-122.450414,37.704214],[-122.448078,37.705053],[-122.449751,37.708213],[-122.442079,37.708231],[-122.440865,37.706672],[-122.439483,37.707826],[-122.436911,37.706328],[-122.441929,37.704326],[-122.442181,37.701737],[-122.447997,37.70321],[-122.450547,37.702525]]]}},{"type":"Feature","properties":{"geoid":"06081603801","name":"San Bruno","city":"San Bruno","county":"San Mateo","centroid":[-122.429021,37.619713250000004]},"geometry":{"type":"Polygon","coordinates":[[[-122.431615,37.619026],[-122.428575,37.624394],[-122.424485,37.617695],[-122.431409,37.617738],[-122.431615,37.619026]]]}},{"type":"Feature","properties":{"geoid":"06081984300","name":"Unincorporated San Mateo","city":"","county":"San Mateo","centroid":[-122.3750947333333,37.61838733333333]},"geometry":{"type":"Polygon","coordinates":[[[-122.403678,37.635279],[-122.374613,37.635303],[-122.367349,37.63319],[-122.362272,37.630925],[-122.358836,37.621091],[-122.35208,37.618029],[-122.350597,37.615269],[-122.354933,37.607534],[-122.369782,37.607535],[-122.373598,37.605045],[-122.378861,37.60724],[-122.383531,37.604481],[-122.396231,37.612667],[-122.397826,37.614915],[-122.402234,37.627307],[-122.403678,37.635279]]]}},{"type":"Feature","properties":{"geoid":"06085512314","name":"Morgan Hill","city":"Morgan Hill","county":"Santa Clara","centroid":[-121.66614766666667,37.12535366666666]},"geometry":{"type":"Polygon","coordinates":[[[-121.67331,37.120253],[-121.671333,37.132379],[-121.67301,37.135016],[-121.66294,37.141726],[-121.64725,37.12641],[-121.66195,37.12159],[-121.66169,37.1171],[-121.670583,37.116446],[-121.673263,37.117263],[-121.67331,37.120253]]]}},{"type":"Feature","properties":{"geoid":"06085512604","name":"Gilroy","city":"Gilroy","county":"Santa Clara","centroid":[-121.56890055555556,37.01547988888889]},"geometry":{"type":"Polygon","coordinates":[[[-121.58004,37.02954],[-121.571817,37.032289],[-121.55959,37.00982],[-121.562344,37.008808],[-121.5614,37.01002],[-121.56284,37.01167],[-121.57375,37.00893],[-121.575914,37.013612],[-121.57241,37.01463],[-121.58004,37.02954]]]}},{"type":"Feature","properties":{"geoid":"06085502603","name":"Dry Creek","city":"Campbell","county":"Santa Clara","centroid":[-121.92725700000001,37.28618342857143]},"geometry":{"type":"Polygon","coordinates":[[[-121.93178,37.2895],[-121.931686,37.294397],[-121.922656,37.294373],[-121.922455,37.282627],[-121.923615,37.280715],[-121.926965,37.281491],[-121.931642,37.280181],[-121.93178,37.2895]]]}},{"type":"Feature","properties":{"geoid":"06013359104","name":"Hercules","city":"Hercules","county":"Contra Costa","centroid":[-122.27733814285715,38.01046985714286]},"geometry":{"type":"Polygon","coordinates":[[[-122.284979,38.009081],[-122.279253,38.012037],[-122.273916,38.012854],[-122.272454,38.016032],[-122.269372,38.015172],[-122.279746,38.004006],[-122.281647,38.004107],[-122.284979,38.009081]]]}},{"type":"Feature","properties":{"geoid":"06013368001","name":"Iron Triangle","city":"San Pablo","county":"Contra Costa","centroid":[-122.354771125,37.955060625]},"geometry":{"type":"Polygon","coordinates":[[[-122.357941,37.956102],[-122.357731,37.958759],[-122.356633,37.958857],[-122.346347,37.956636],[-122.347409,37.950324],[-122.35713,37.950335],[-122.356921,37.95473],[-122.358057,37.954742],[-122.357941,37.956102]]]}},{"type":"Feature","properties":{"geoid":"06013304003","name":"Discovery Bay","city":"Discovery Bay","county":"Contra Costa","centroid":[-121.58132926086957,37.906799869565205]},"geometry":{"type":"Polygon","coordinates":[[[-121.602252,37.894429],[-121.600772,37.911585],[-121.600104,37.913517],[-121.59665,37.915173],[-121.599485,37.916206],[-121.599514,37.917571],[-121.59321,37.918031],[-121.590022,37.920919],[-121.58216,37.917518],[-121.577135,37.918393],[-121.571735,37.915668],[-121.565919,37.916099],[-121.563212,37.912217],[-121.564769,37.909009],[-121.572824,37.904301],[-121.571769,37.902497],[-121.566951,37.899913],[-121.565904,37.897672],[-121.567679,37.892431],[-121.569901,37.890858],[-121.570906,37.892153],[-121.575471,37.890091],[-121.602229,37.890146],[-121.602252,37.894429]]]}},{"type":"Feature","properties":{"geoid":"06013303204","name":"Brentwood","city":"Brentwood","county":"Contra Costa","centroid":[-121.709626,37.9299614]},"geometry":{"type":"Polygon","coordinates":[[[-121.723794,37.925766],[-121.723676,37.93267],[-121.712248,37.932988],[-121.697454,37.932759],[-121.690958,37.925624],[-121.723794,37.925766]]]}},{"type":"Feature","properties":{"geoid":"06013355110","name":"Antioch","city":"Antioch","county":"Contra Costa","centroid":[-121.77118833333333,37.96978977777778]},"geometry":{"type":"Polygon","coordinates":[[[-121.78223,37.971208],[-121.773944,37.972319],[-121.772525,37.97116],[-121.769012,37.973645],[-121.762761,37.973653],[-121.760069,37.969701],[-121.759964,37.96171],[-121.780308,37.965909],[-121.779882,37.968803],[-121.78223,37.971208]]]}},{"type":"Feature","properties":{"geoid":"06013306004","name":"Antioch","city":"Antioch","county":"Contra Costa","centroid":[-121.78673257142859,38.00905028571429]},"geometry":{"type":"Polygon","coordinates":[[[-121.799088,38.014687],[-121.782587,38.011235],[-121.772627,38.011142],[-121.772612,38.00495],[-121.786484,38.004027],[-121.796766,38.004902],[-121.796964,38.012409],[-121.799088,38.014687]]]}},{"type":"Feature","properties":{"geoid":"06013304004","name":"Discovery Bay","city":"Discovery Bay","county":"Contra Costa","centroid":[-121.605512875,37.907993562499996]},"geometry":{"type":"Polygon","coordinates":[[[-121.618597,37.899944],[-121.618368,37.903545],[-121.613253,37.903129],[-121.610497,37.905154],[-121.605235,37.916194],[-121.60586,37.917368],[-121.599514,37.917571],[-121.599485,37.916206],[-121.596863,37.916093],[-121.596745,37.914895],[-121.599848,37.91373],[-121.600772,37.911585],[-121.600354,37.908646],[-121.602164,37.904322],[-121.602229,37.890146],[-121.618422,37.889369],[-121.618597,37.899944]]]}},{"type":"Feature","properties":{"geoid":"06013303202","name":"Sterling Pinnacle","city":"Brentwood","county":"Contra Costa","centroid":[-121.71863720000002,37.949439999999996]},"geometry":{"type":"Polygon","coordinates":[[[-121.725342,37.961229],[-121.723461,37.961606],[-121.697454,37.932759],[-121.723676,37.93267],[-121.723253,37.958936],[-121.725342,37.961229]]]}},{"type":"Feature","properties":{"geoid":"06013320003","name":"Martinez","city":"Martinez","county":"Contra Costa","centroid":[-122.10639214285713,37.99862157142858]},"geometry":{"type":"Polygon","coordinates":[[[-122.120524,37.995541],[-122.106873,38.004275],[-122.101867,38.005248],[-122.101698,37.9995],[-122.100269,37.997269],[-122.100758,37.992015],[-122.112756,37.996503],[-122.120524,37.995541]]]}},{"type":"Feature","properties":{"geoid":"06013392300","name":"Hercules","city":"Hercules","county":"Contra Costa","centroid":[-122.2787354,38.0287424]},"geometry":{"type":"Polygon","coordinates":[[[-122.28821,38.02721],[-122.28676,38.030386],[-122.281154,38.031689],[-122.280912,38.039567],[-122.276059,38.04349],[-122.27574,38.035953],[-122.262315,38.02273],[-122.269372,38.015172],[-122.282694,38.020796],[-122.284138,38.020431],[-122.28821,38.02721]]]}},{"type":"Feature","properties":{"geoid":"06013370000","name":"East Richmond","city":"Richmond","county":"Contra Costa","centroid":[-122.32133353846152,37.94124623076923]},"geometry":{"type":"Polygon","coordinates":[[[-122.32695,37.93543],[-122.323872,37.94257],[-122.326394,37.949154],[-122.323295,37.949748],[-122.320385,37.945044],[-122.319363,37.945607],[-122.318183,37.943252],[-122.316783,37.943335],[-122.318122,37.940976],[-122.317152,37.93894],[-122.320323,37.938342],[-122.32038,37.93112],[-122.326134,37.932683],[-122.32695,37.93543]]]}},{"type":"Feature","properties":{"geoid":"06013306003","name":"Antioch","city":"Antioch","county":"Contra Costa","centroid":[-121.80107944444444,38.00571155555556]},"geometry":{"type":"Polygon","coordinates":[[[-121.810033,38.009285],[-121.810024,38.011185],[-121.796946,38.012271],[-121.796766,38.004902],[-121.787588,38.004171],[-121.786334,37.998152],[-121.805999,38.001647],[-121.806003,38.004881],[-121.810022,38.00491],[-121.810033,38.009285]]]}},{"type":"Feature","properties":{"geoid":"06013313205","name":"Pittsburg","city":"Pittsburg","county":"Contra Costa","centroid":[-121.92199911111112,38.01540622222222]},"geometry":{"type":"Polygon","coordinates":[[[-121.938141,38.018768],[-121.906899,38.020168],[-121.90757,38.00821],[-121.911719,38.00935],[-121.914784,38.013801],[-121.924886,38.016232],[-121.927236,38.018003],[-121.932042,38.017881],[-121.934715,38.016243],[-121.938141,38.018768]]]}},{"type":"Feature","properties":{"geoid":"06013333101","name":"Unincorporated Contra Costa","city":"","county":"Contra Costa","centroid":[-121.96737883333334,37.9664945]},"geometry":{"type":"Polygon","coordinates":[[[-121.982693,37.96121],[-121.968324,37.973166],[-121.963877,37.972833],[-121.9585,37.968379],[-121.961905,37.967122],[-121.968974,37.956257],[-121.982693,37.96121]]]}},{"type":"Feature","properties":{"geoid":"06013333102","name":"Ayers Ranch","city":"Concord","county":"Contra Costa","centroid":[-121.95543071428573,37.96102885714286]},"geometry":{"type":"Polygon","coordinates":[[[-121.968891,37.956396],[-121.961052,37.967551],[-121.957112,37.967197],[-121.948499,37.963019],[-121.949096,37.961158],[-121.946022,37.959772],[-121.957343,37.952109],[-121.968891,37.956396]]]}},{"type":"Feature","properties":{"geoid":"06013329000","name":"Sun Terrace","city":"Concord","county":"Contra Costa","centroid":[-122.03321120000003,37.99503109999999]},"geometry":{"type":"Polygon","coordinates":[[[-122.043319,37.978992],[-122.036596,38.004344],[-122.037973,38.005204],[-122.031632,38.00824],[-122.022687,38.009927],[-122.023217,38.005676],[-122.033483,37.990909],[-122.03353,37.987432],[-122.031081,37.981595],[-122.038594,37.977992],[-122.043319,37.978992]]]}},{"type":"Feature","properties":{"geoid":"06013334008","name":"Turtle Creek","city":"Concord","county":"Contra Costa","centroid":[-121.97081666666668,37.95130677777778]},"geometry":{"type":"Polygon","coordinates":[[[-121.976418,37.952235],[-121.974992,37.953255],[-121.976175,37.954579],[-121.974161,37.958135],[-121.957343,37.952109],[-121.964787,37.94659],[-121.967627,37.945798],[-121.97176,37.946907],[-121.974087,37.952153],[-121.976418,37.952235]]]}},{"type":"Feature","properties":{"geoid":"06013340004","name":"Acalanes Ridge","city":"Acalanes Ridge","county":"Contra Costa","centroid":[-122.0817559,37.90974275000001]},"geometry":{"type":"Polygon","coordinates":[[[-122.100445,37.908394],[-122.099175,37.910224],[-122.084451,37.910566],[-122.084546,37.912652],[-122.087836,37.914348],[-122.081506,37.918924],[-122.080026,37.91719],[-122.081674,37.91506],[-122.079908,37.913021],[-122.078414,37.914298],[-122.078395,37.917191],[-122.07355,37.917232],[-122.073409,37.915099],[-122.069636,37.909281],[-122.067572,37.910979],[-122.070653,37.896559],[-122.07469,37.895832],[-122.084176,37.897747],[-122.092782,37.897634],[-122.092274,37.902624],[-122.100445,37.908394]]]}},{"type":"Feature","properties":{"geoid":"06013337202","name":"Four Corners","city":"Concord","county":"Contra Costa","centroid":[-122.02407572727274,37.95241627272728]},"geometry":{"type":"Polygon","coordinates":[[[-122.030629,37.96421],[-122.027515,37.964958],[-122.025881,37.96131],[-122.020934,37.957178],[-122.021499,37.956144],[-122.019089,37.951573],[-122.013762,37.946198],[-122.025035,37.938676],[-122.02914,37.943145],[-122.026462,37.944808],[-122.024887,37.948379],[-122.030629,37.96421]]]}},{"type":"Feature","properties":{"geoid":"06013334007","name":"Turtle Creek","city":"Concord","county":"Contra Costa","centroid":[-121.98835012499998,37.957031]},"geometry":{"type":"Polygon","coordinates":[[[-121.998248,37.95804],[-121.992637,37.964794],[-121.974161,37.958135],[-121.976887,37.953957],[-121.988943,37.953741],[-121.989231,37.955027],[-121.992263,37.953812],[-121.994431,37.958742],[-121.998248,37.95804]]]}},{"type":"Feature","properties":{"geoid":"06013380002","name":"Marina Bay","city":"Richmond","county":"Contra Costa","centroid":[-122.35320653846156,37.91612607692308]},"geometry":{"type":"Polygon","coordinates":[[[-122.365085,37.925246],[-122.338535,37.925159],[-122.330126,37.919041],[-122.35328,37.917258],[-122.353297,37.916174],[-122.349947,37.915316],[-122.349945,37.914268],[-122.354054,37.914305],[-122.354391,37.90947],[-122.35912,37.908968],[-122.360535,37.909528],[-122.361237,37.912269],[-122.362133,37.922637],[-122.365085,37.925246]]]}},{"type":"Feature","properties":{"geoid":"06013355123","name":"Windemere","city":"San Ramon","county":"Contra Costa","centroid":[-121.89411507142857,37.74671857142857]},"geometry":{"type":"Polygon","coordinates":[[[-121.915117,37.744247],[-121.914577,37.748646],[-121.908975,37.753376],[-121.90685,37.752796],[-121.902297,37.754239],[-121.895611,37.749621],[-121.889801,37.749261],[-121.889184,37.745144],[-121.885099,37.743036],[-121.881599,37.743651],[-121.875824,37.749352],[-121.871569,37.749456],[-121.870649,37.740842],[-121.910459,37.730393],[-121.915117,37.744247]]]}},{"type":"Feature","properties":{"geoid":"06013355125","name":"Windemere","city":"San Ramon","county":"Contra Costa","centroid":[-121.89723718181821,37.76718109090909]},"geometry":{"type":"Polygon","coordinates":[[[-121.907609,37.76943],[-121.904394,37.772278],[-121.902775,37.775758],[-121.899939,37.774529],[-121.898307,37.767616],[-121.893816,37.765492],[-121.88831,37.764949],[-121.887091,37.762115],[-121.887915,37.760788],[-121.895391,37.762916],[-121.904062,37.763121],[-121.907609,37.76943]]]}},{"type":"Feature","properties":{"geoid":"06013380001","name":"Marina Bay","city":"Richmond","county":"Contra Costa","centroid":[-122.35179923809524,37.90937614285714]},"geometry":{"type":"Polygon","coordinates":[[[-122.375994,37.902857],[-122.360331,37.901711],[-122.361174,37.912077],[-122.360417,37.909451],[-122.354391,37.90947],[-122.354352,37.914074],[-122.351025,37.915029],[-122.349945,37.914268],[-122.349947,37.915316],[-122.353297,37.916174],[-122.35328,37.917258],[-122.344611,37.917309],[-122.344945,37.91831],[-122.334991,37.918371],[-122.331647,37.919522],[-122.325319,37.914778],[-122.311359,37.89749],[-122.358981,37.887225],[-122.359806,37.89652],[-122.37501,37.898227],[-122.376962,37.901462],[-122.375994,37.902857]]]}},{"type":"Feature","properties":{"geoid":"06075012202","name":"Little Saigon","city":"San Francisco","county":"San Francisco","centroid":[-122.4196805,37.78542375]},"geometry":{"type":"Polygon","coordinates":[[[-122.421675,37.786605],[-122.418271,37.787038],[-122.417707,37.784236],[-122.421069,37.783816],[-122.421675,37.786605]]]}},{"type":"Feature","properties":{"geoid":"06075017102","name":"Cole Valley","city":"San Francisco","county":"San Francisco","centroid":[-122.449693,37.764563714285714]},"geometry":{"type":"Polygon","coordinates":[[[-122.453206,37.768249],[-122.44839,37.768865],[-122.447635,37.765139],[-122.448109,37.763367],[-122.449433,37.7632],[-122.44912,37.761648],[-122.451958,37.761478],[-122.453206,37.768249]]]}},{"type":"Feature","properties":{"geoid":"06075012302","name":"Lower Nob Hill","city":"San Francisco","county":"San Francisco","centroid":[-122.41156025000001,37.787172000000005]},"geometry":{"type":"Polygon","coordinates":[[[-122.414995,37.787454],[-122.408402,37.788293],[-122.408227,37.787359],[-122.414617,37.785582],[-122.414995,37.787454]]]}},{"type":"Feature","properties":{"geoid":"06075016801","name":"Western Addition","city":"San Francisco","county":"San Francisco","centroid":[-122.42826099999998,37.77141833333334]},"geometry":{"type":"Polygon","coordinates":[[[-122.432351,37.773779],[-122.428802,37.772316],[-122.425512,37.772734],[-122.424929,37.770778],[-122.426402,37.769596],[-122.43157,37.769307],[-122.432351,37.773779]]]}},{"type":"Feature","properties":{"geoid":"06075011902","name":"Union Square","city":"San Francisco","county":"San Francisco","centroid":[-122.4098055,37.7909955]},"geometry":{"type":"Polygon","coordinates":[[[-122.412461,37.791627],[-122.407536,37.792249],[-122.407149,37.790366],[-122.412076,37.78974],[-122.412461,37.791627]]]}},{"type":"Feature","properties":{"geoid":"06075012601","name":"Marina","city":"San Francisco","county":"San Francisco","centroid":[-122.43912350000001,37.802275]},"geometry":{"type":"Polygon","coordinates":[[[-122.441905,37.803744],[-122.437138,37.804352],[-122.436274,37.800814],[-122.441177,37.80019],[-122.441905,37.803744]]]}},{"type":"Feature","properties":{"geoid":"06075013101","name":"Polk Gulch","city":"San Francisco","county":"San Francisco","centroid":[-122.42475275000001,37.79377525]},"geometry":{"type":"Polygon","coordinates":[[[-122.426893,37.796272],[-122.423705,37.796678],[-122.422611,37.791277],[-122.425802,37.790874],[-122.426893,37.796272]]]}},{"type":"Feature","properties":{"geoid":"06075012602","name":"Marina","city":"San Francisco","county":"San Francisco","centroid":[-122.43399183333331,37.807621499999996]},"geometry":{"type":"Polygon","coordinates":[[[-122.443082,37.809728],[-122.425182,37.812628],[-122.425902,37.812057],[-122.424876,37.810799],[-122.426848,37.809019],[-122.425209,37.804133],[-122.43662,37.802673],[-122.437138,37.804352],[-122.441905,37.803744],[-122.442351,37.806523],[-122.439238,37.806919],[-122.439551,37.808883],[-122.443082,37.809728]]]}},{"type":"Feature","properties":{"geoid":"06075012902","name":"Cow Hollow","city":"San Francisco","county":"San Francisco","centroid":[-122.43009183333334,37.80065266666667]},"geometry":{"type":"Polygon","coordinates":[[[-122.436799,37.802715],[-122.430045,37.803518],[-122.42929,37.799788],[-122.424464,37.800402],[-122.424275,37.799472],[-122.435678,37.798021],[-122.436799,37.802715]]]}},{"type":"Feature","properties":{"geoid":"06075013102","name":"Polk Gulch","city":"San Francisco","county":"San Francisco","centroid":[-122.42613566666667,37.792361500000005]},"geometry":{"type":"Polygon","coordinates":[[[-122.430183,37.795854],[-122.426893,37.796272],[-122.425802,37.790874],[-122.422611,37.791277],[-122.42242,37.790358],[-122.428905,37.789534],[-122.430183,37.795854]]]}},{"type":"Feature","properties":{"geoid":"06075015801","name":"Western Addition","city":"San Francisco","county":"San Francisco","centroid":[-122.43758433333333,37.78046366666667]},"geometry":{"type":"Polygon","coordinates":[[[-122.44281,37.782971],[-122.434562,37.784152],[-122.433407,37.778422],[-122.436697,37.778006],[-122.437072,37.779867],[-122.440958,37.779364],[-122.44281,37.782971]]]}},{"type":"Feature","properties":{"geoid":"06041102202","name":"Old","city":"Novato","county":"Marin","centroid":[-122.5877805,38.116019666666666]},"geometry":{"type":"Polygon","coordinates":[[[-122.609766,38.117922],[-122.606752,38.121331],[-122.58784,38.124393],[-122.585341,38.121801],[-122.579319,38.120895],[-122.580152,38.119202],[-122.578617,38.117698],[-122.57759,38.11122],[-122.578401,38.107097],[-122.578988,38.106232],[-122.591679,38.111948],[-122.598921,38.112497],[-122.609766,38.117922]]]}},{"type":"Feature","properties":{"geoid":"06041102203","name":"Old","city":"Novato","county":"Marin","centroid":[-122.57177253846154,38.10938561538462]},"geometry":{"type":"Polygon","coordinates":[[[-122.580072,38.119362],[-122.579319,38.120895],[-122.571918,38.1213],[-122.564946,38.117622],[-122.561543,38.10306],[-122.561555,38.096712],[-122.564325,38.097124],[-122.569721,38.102256],[-122.571203,38.105334],[-122.573246,38.103198],[-122.578988,38.106232],[-122.57759,38.11122],[-122.578617,38.117698],[-122.580072,38.119362]]]}},{"type":"Feature","properties":{"geoid":"06041109001","name":"Dominican","city":"San Rafael","county":"Marin","centroid":[-122.53360849999999,37.9823991]},"geometry":{"type":"Polygon","coordinates":[[[-122.541894,37.980777],[-122.540209,37.983749],[-122.541155,37.986559],[-122.535847,37.987619],[-122.533282,37.986715],[-122.529077,37.990601],[-122.521247,37.980743],[-122.520982,37.973922],[-122.536653,37.975654],[-122.535739,37.977652],[-122.541894,37.980777]]]}},{"type":"Feature","properties":{"geoid":"06081604104","name":"Tanforan","city":"San Bruno","county":"San Mateo","centroid":[-122.41278220000001,37.6279338]},"geometry":{"type":"Polygon","coordinates":[[[-122.418981,37.632888],[-122.412985,37.634135],[-122.409458,37.626656],[-122.41123,37.624535],[-122.411257,37.621455],[-122.418981,37.632888]]]}},{"type":"Feature","properties":{"geoid":"06081613702","name":"Unincorporated San Mateo","city":"","county":"San Mateo","centroid":[-122.3656773168317,37.43821656435644]},"geometry":{"type":"Polygon","coordinates":[[[-122.444122,37.428807],[-122.434515,37.430306],[-122.431194,37.428057],[-122.426516,37.427685],[-122.428912,37.448258],[-122.43451,37.459451],[-122.433573,37.468036],[-122.423189,37.469901],[-122.418565,37.475551],[-122.414817,37.478035],[-122.404313,37.480981],[-122.397363,37.486524],[-122.385153,37.492538],[-122.378426,37.493183],[-122.373931,37.489486],[-122.372296,37.486087],[-122.37075,37.485884],[-122.37007,37.494785],[-122.367486,37.496319],[-122.363562,37.495839],[-122.360008,37.497823],[-122.359954,37.499933],[-122.356915,37.500141],[-122.358353,37.503554],[-122.357742,37.506825],[-122.353405,37.507963],[-122.349703,37.511834],[-122.347199,37.511934],[-122.343457,37.508125],[-122.339965,37.507652],[-122.328914,37.500849],[-122.318971,37.49963],[-122.303554,37.493717],[-122.298888,37.489088],[-122.299273,37.47639],[-122.292403,37.468454],[-122.299197,37.462533],[-122.297474,37.459684],[-122.300657,37.457554],[-122.299163,37.454704],[-122.319636,37.455327],[-122.334314,37.447569],[-122.324925,37.441911],[-122.320728,37.435465],[-122.316224,37.433502],[-122.310991,37.428114],[-122.311068,37.426466],[-122.315466,37.424309],[-122.318456,37.425157],[-122.3204,37.424296],[-122.320012,37.421248],[-122.321245,37.419743],[-122.325076,37.423689],[-122.325818,37.421541],[-122.329045,37.422867],[-122.328203,37.421692],[-122.330244,37.420095],[-122.338732,37.422896],[-122.343442,37.42216],[-122.346016,37.423825],[-122.34791,37.423478],[-122.348735,37.421995],[-122.34692,37.421737],[-122.346651,37.420164],[-122.348494,37.41916],[-122.350536,37.420096],[-122.351726,37.419019],[-122.350419,37.416495],[-122.352583,37.416747],[-122.350633,37.414929],[-122.351643,37.4128],[-122.350606,37.410583],[-122.353333,37.406259],[-122.357834,37.404814],[-122.366464,37.397043],[-122.367802,37.401408],[-122.36941,37.402305],[-122.373745,37.396942],[-122.378857,37.393626],[-122.379844,37.391254],[-122.386115,37.391465],[-122.387397,37.392585],[-122.386635,37.393477],[-122.391667,37.392961],[-122.391664,37.396309],[-122.397282,37.388965],[-122.398793,37.384955],[-122.400956,37.383225],[-122.405322,37.38238],[-122.406343,37.378627],[-122.409084,37.375826],[-122.416016,37.375766],[-122.417479,37.376917],[-122.420048,37.382647],[-122.426769,37.390813],[-122.427066,37.399057],[-122.430326,37.402274],[-122.432105,37.407064],[-122.435762,37.409969],[-122.439814,37.421195],[-122.444122,37.42657],[-122.444122,37.428807]]]}},{"type":"Feature","properties":{"geoid":"06081608025","name":"Foster","city":"Foster","county":"San Mateo","centroid":[-122.27034034615386,37.56381311538461]},"geometry":{"type":"Polygon","coordinates":[[[-122.288453,37.574494],[-122.288414,37.579442],[-122.283564,37.579861],[-122.2724,37.574828],[-122.2619,37.578008],[-122.248325,37.570032],[-122.244605,37.565373],[-122.248502,37.564108],[-122.251746,37.567633],[-122.262331,37.573775],[-122.270085,37.566765],[-122.267968,37.565516],[-122.269061,37.561347],[-122.258741,37.555511],[-122.264262,37.553736],[-122.269893,37.556015],[-122.275161,37.554562],[-122.27045,37.54905],[-122.269854,37.546404],[-122.272284,37.545743],[-122.274862,37.551494],[-122.2792,37.555357],[-122.279405,37.564423],[-122.284542,37.56449],[-122.284475,37.57062],[-122.288366,37.570554],[-122.288453,37.574494]]]}},{"type":"Feature","properties":{"geoid":"06081610901","name":"Redwood","city":"Redwood","county":"San Mateo","centroid":[-122.23438462499999,37.479608125000006]},"geometry":{"type":"Polygon","coordinates":[[[-122.239082,37.474854],[-122.235049,37.478708],[-122.238324,37.480283],[-122.233,37.484509],[-122.231402,37.483366],[-122.232476,37.482417],[-122.228672,37.479663],[-122.237072,37.473065],[-122.239082,37.474854]]]}},{"type":"Feature","properties":{"geoid":"06081602002","name":"South San Francisco","city":"South San Francisco","county":"San Mateo","centroid":[-122.41696925000001,37.67040239999999]},"geometry":{"type":"Polygon","coordinates":[[[-122.433481,37.670243],[-122.429172,37.68297],[-122.424156,37.679208],[-122.42403,37.676925],[-122.421756,37.675072],[-122.415111,37.674501],[-122.415129,37.671795],[-122.413649,37.6714],[-122.410449,37.670829],[-122.407667,37.671898],[-122.404449,37.667534],[-122.404946,37.665212],[-122.407013,37.666069],[-122.40783,37.664039],[-122.410644,37.662487],[-122.416081,37.667215],[-122.419597,37.66814],[-122.423253,37.667149],[-122.42414,37.668323],[-122.426832,37.667039],[-122.433481,37.670243]]]}},{"type":"Feature","properties":{"geoid":"06081612002","name":"East Palo Alto","city":"East Palo Alto","county":"San Mateo","centroid":[-122.1423395,37.465386333333335]},"geometry":{"type":"Polygon","coordinates":[[[-122.147187,37.464122],[-122.145601,37.47093],[-122.139479,37.471714],[-122.139233,37.462577],[-122.141753,37.46271],[-122.140784,37.460265],[-122.147187,37.464122]]]}},{"type":"Feature","properties":{"geoid":"06081612102","name":"East Palo Alto","city":"East Palo Alto","county":"San Mateo","centroid":[-122.13656179999998,37.4558804]},"geometry":{"type":"Polygon","coordinates":[[[-122.141838,37.457912],[-122.140784,37.460265],[-122.128008,37.452085],[-122.133405,37.454338],[-122.138774,37.454802],[-122.141838,37.457912]]]}},{"type":"Feature","properties":{"geoid":"06081602201","name":"Tanforan","city":"South San Francisco","county":"San Mateo","centroid":[-122.42332325000001,37.6573675]},"geometry":{"type":"Polygon","coordinates":[[[-122.430803,37.657758],[-122.4298,37.660567],[-122.415691,37.657453],[-122.416999,37.653692],[-122.430803,37.657758]]]}},{"type":"Feature","properties":{"geoid":"06081611902","name":"East Palo Alto","city":"East Palo Alto","county":"San Mateo","centroid":[-122.12576586666667,37.464127]},"geometry":{"type":"Polygon","coordinates":[[[-122.134647,37.460708],[-122.130074,37.460944],[-122.130338,37.470273],[-122.131892,37.472917],[-122.121299,37.476722],[-122.12252,37.476128],[-122.122801,37.472503],[-122.120857,37.473007],[-122.113265,37.46753],[-122.123919,37.461145],[-122.121772,37.454241],[-122.124125,37.4528],[-122.126612,37.453649],[-122.127856,37.452737],[-122.134511,37.456601],[-122.134647,37.460708]]]}},{"type":"Feature","properties":{"geoid":"06081600702","name":"Top of the Hill","city":"Daly","county":"San Mateo","centroid":[-122.4680665,37.703508]},"geometry":{"type":"Polygon","coordinates":[[[-122.471806,37.703923],[-122.471724,37.705024],[-122.467609,37.705189],[-122.462035,37.704106],[-122.463482,37.701288],[-122.471743,37.701518],[-122.471806,37.703923]]]}},{"type":"Feature","properties":{"geoid":"06081602602","name":"Pacific Manor","city":"South San Francisco","county":"San Mateo","centroid":[-122.46438466666667,37.645426666666665]},"geometry":{"type":"Polygon","coordinates":[[[-122.471733,37.649159],[-122.468389,37.6505],[-122.460758,37.649949],[-122.460984,37.648739],[-122.463122,37.648986],[-122.462248,37.646185],[-122.463922,37.645372],[-122.462143,37.642717],[-122.463409,37.641914],[-122.463268,37.639151],[-122.464132,37.638791],[-122.468508,37.643657],[-122.471733,37.649159]]]}},{"type":"Feature","properties":{"geoid":"06081600502","name":"Top of the Hill","city":"Daly","county":"San Mateo","centroid":[-122.455619,37.69603621428571]},"geometry":{"type":"Polygon","coordinates":[[[-122.461732,37.693024],[-122.460071,37.694535],[-122.460224,37.697449],[-122.458787,37.697497],[-122.458476,37.698868],[-122.454268,37.698087],[-122.450546,37.70245],[-122.446857,37.702833],[-122.449654,37.700941],[-122.452732,37.695386],[-122.455864,37.693765],[-122.452741,37.691705],[-122.455617,37.688379],[-122.461097,37.689588],[-122.461732,37.693024]]]}},{"type":"Feature","properties":{"geoid":"06081600701","name":"Top of the Hill","city":"Daly","county":"San Mateo","centroid":[-122.46102971428571,37.70533028571429]},"geometry":{"type":"Polygon","coordinates":[[[-122.471714,37.705083],[-122.468939,37.708232],[-122.45247,37.708148],[-122.458116,37.705411],[-122.456961,37.702655],[-122.459132,37.70293],[-122.459876,37.704853],[-122.471714,37.705083]]]}},{"type":"Feature","properties":{"geoid":"06081605502","name":"Burlingame","city":"Burlingame","county":"San Mateo","centroid":[-122.34844170000001,37.5748818]},"geometry":{"type":"Polygon","coordinates":[[[-122.354124,37.572105],[-122.352883,37.57285],[-122.35383,37.574463],[-122.35266,37.577084],[-122.350057,37.576397],[-122.345348,37.579769],[-122.338699,37.577483],[-122.342893,37.574508],[-122.342009,37.57421],[-122.351914,37.569949],[-122.354124,37.572105]]]}},{"type":"Feature","properties":{"geoid":"06081612101","name":"Menlo Park","city":"Menlo Park","county":"San Mateo","centroid":[-122.14748728571429,37.45906885714286]},"geometry":{"type":"Polygon","coordinates":[[[-122.153971,37.456804],[-122.150954,37.466225],[-122.140784,37.460265],[-122.141907,37.457831],[-122.14514,37.458151],[-122.147112,37.456525],[-122.152543,37.457681],[-122.153971,37.456804]]]}},{"type":"Feature","properties":{"geoid":"06081612001","name":"East Palo Alto","city":"East Palo Alto","county":"San Mateo","centroid":[-122.14966266666669,37.47056233333333]},"geometry":{"type":"Polygon","coordinates":[[[-122.156422,37.469698],[-122.153693,37.474498],[-122.147181,37.473573],[-122.147842,37.470638],[-122.145601,37.47093],[-122.147237,37.464037],[-122.156422,37.469698]]]}},{"type":"Feature","properties":{"geoid":"06081611901","name":"East Palo Alto","city":"East Palo Alto","county":"San Mateo","centroid":[-122.13585677777776,37.464301]},"geometry":{"type":"Polygon","coordinates":[[[-122.141753,37.46271],[-122.139233,37.462577],[-122.139479,37.471714],[-122.131892,37.472917],[-122.130338,37.470273],[-122.130074,37.460944],[-122.134647,37.460708],[-122.134511,37.456601],[-122.140784,37.460265],[-122.141753,37.46271]]]}},{"type":"Feature","properties":{"geoid":"06081605902","name":"San Mateo","city":"San Mateo","county":"San Mateo","centroid":[-122.33042900000001,37.570167]},"geometry":{"type":"Polygon","coordinates":[[[-122.33523,37.569921],[-122.330666,37.573862],[-122.325816,37.569894],[-122.330004,37.566991],[-122.33523,37.569921]]]}},{"type":"Feature","properties":{"geoid":"06081602202","name":"Tanforan","city":"South San Francisco","county":"San Mateo","centroid":[-122.41199157142857,37.65519257142857]},"geometry":{"type":"Polygon","coordinates":[[[-122.41697,37.653774],[-122.415691,37.657453],[-122.412134,37.656668],[-122.41147,37.658575],[-122.406389,37.657442],[-122.41021,37.650026],[-122.411077,37.65241],[-122.41697,37.653774]]]}},{"type":"Feature","properties":{"geoid":"06081608024","name":"Foster","city":"Foster","county":"San Mateo","centroid":[-122.27952210000001,37.549669400000006]},"geometry":{"type":"Polygon","coordinates":[[[-122.284527,37.55029],[-122.281669,37.552371],[-122.28391,37.55445],[-122.278478,37.555176],[-122.274862,37.551494],[-122.272284,37.545743],[-122.276593,37.544727],[-122.278977,37.545651],[-122.280208,37.54847],[-122.283713,37.548322],[-122.284527,37.55029]]]}},{"type":"Feature","properties":{"geoid":"06081610902","name":"Redwood","city":"Redwood","county":"San Mateo","centroid":[-122.22829775,37.47430525]},"geometry":{"type":"Polygon","coordinates":[[[-122.236365,37.473548],[-122.228672,37.479663],[-122.224763,37.476587],[-122.225773,37.475787],[-122.224662,37.474907],[-122.227752,37.47245],[-122.227027,37.471867],[-122.231368,37.469633],[-122.236365,37.473548]]]}},{"type":"Feature","properties":{"geoid":"06081605501","name":"Burlingame","city":"Burlingame","county":"San Mateo","centroid":[-122.35036249999999,37.57936625000001]},"geometry":{"type":"Polygon","coordinates":[[[-122.356314,37.578661],[-122.350721,37.582541],[-122.344358,37.579866],[-122.350057,37.576397],[-122.356314,37.578661]]]}},{"type":"Feature","properties":{"geoid":"06081606201","name":"San Mateo","city":"San Mateo","county":"San Mateo","centroid":[-122.32513300000001,37.576097399999995]},"geometry":{"type":"Polygon","coordinates":[[[-122.330645,37.573891],[-122.324769,37.580086],[-122.32591,37.581694],[-122.318525,37.574922],[-122.325816,37.569894],[-122.330645,37.573891]]]}},{"type":"Feature","properties":{"geoid":"06081606202","name":"San Mateo","city":"San Mateo","county":"San Mateo","centroid":[-122.31897628571429,37.56929]},"geometry":{"type":"Polygon","coordinates":[[[-122.32579,37.569912],[-122.318525,37.574922],[-122.311793,37.568683],[-122.313126,37.569515],[-122.318556,37.565748],[-122.321749,37.568659],[-122.323295,37.567591],[-122.32579,37.569912]]]}},{"type":"Feature","properties":{"geoid":"06081601301","name":"Westlake","city":"Daly","county":"San Mateo","centroid":[-122.46607283333333,37.689540666666666]},"geometry":{"type":"Polygon","coordinates":[[[-122.471549,37.685244],[-122.470603,37.693306],[-122.461732,37.693024],[-122.460725,37.688387],[-122.465743,37.687845],[-122.466085,37.689438],[-122.471549,37.685244]]]}},{"type":"Feature","properties":{"geoid":"06081601302","name":"Unincorporated San Mateo","city":"","county":"San Mateo","centroid":[-122.46433242857142,37.685876500000006]},"geometry":{"type":"Polygon","coordinates":[[[-122.471664,37.683264],[-122.471561,37.685009],[-122.466085,37.689438],[-122.465743,37.687845],[-122.461865,37.687928],[-122.460725,37.688387],[-122.461097,37.689588],[-122.455748,37.68835],[-122.458916,37.684562],[-122.464121,37.685376],[-122.463565,37.683971],[-122.465348,37.683921],[-122.463522,37.682523],[-122.470694,37.682109],[-122.471664,37.683264]]]}},{"type":"Feature","properties":{"geoid":"06081604103","name":"Tanforan","city":"San Bruno","county":"San Mateo","centroid":[-122.40563116666668,37.6182575]},"geometry":{"type":"Polygon","coordinates":[[[-122.411471,37.621359],[-122.410473,37.626532],[-122.409458,37.626656],[-122.400163,37.612646],[-122.400479,37.611499],[-122.401743,37.610853],[-122.411471,37.621359]]]}},{"type":"Feature","properties":{"geoid":"06081613701","name":"Half Moon Bay","city":"Half Moon Bay","county":"San Mateo","centroid":[-122.439036,37.443048000000005]},"geometry":{"type":"Polygon","coordinates":[[[-122.451155,37.465476],[-122.434262,37.464129],[-122.434377,37.458909],[-122.428824,37.447872],[-122.426516,37.427685],[-122.431194,37.428057],[-122.434515,37.430306],[-122.444122,37.428807],[-122.446852,37.431044],[-122.448613,37.438036],[-122.448966,37.453207],[-122.451155,37.465476]]]}},{"type":"Feature","properties":{"geoid":"06081602601","name":"South San Francisco","city":"South San Francisco","county":"San Mateo","centroid":[-122.45811599999999,37.64604033333333]},"geometry":{"type":"Polygon","coordinates":[[[-122.463922,37.645372],[-122.462248,37.646185],[-122.463122,37.648986],[-122.455649,37.650555],[-122.452222,37.649347],[-122.44946,37.645153],[-122.455348,37.642567],[-122.45893,37.643481],[-122.462143,37.642717],[-122.463922,37.645372]]]}},{"type":"Feature","properties":{"geoid":"06081602001","name":"South San Francisco","city":"South San Francisco","county":"San Mateo","centroid":[-122.42031662500001,37.664716625000004]},"geometry":{"type":"Polygon","coordinates":[[[-122.429765,37.660664],[-122.427449,37.667195],[-122.42414,37.668323],[-122.423253,37.667149],[-122.419597,37.66814],[-122.41596,37.667172],[-122.410235,37.662422],[-122.412134,37.656668],[-122.429765,37.660664]]]}},{"type":"Feature","properties":{"geoid":"06081605901","name":"San Mateo","city":"San Mateo","county":"San Mateo","centroid":[-122.33684600000001,37.573977]},"geometry":{"type":"Polygon","coordinates":[[[-122.342738,37.574702],[-122.338699,37.577483],[-122.330666,37.573862],[-122.335281,37.569861],[-122.342738,37.574702]]]}},{"type":"Feature","properties":{"geoid":"06081600501","name":"Top of the Hill","city":"Daly","county":"San Mateo","centroid":[-122.45884345454546,37.69968872727273]},"geometry":{"type":"Polygon","coordinates":[[[-122.462299,37.702725],[-122.462035,37.704106],[-122.459876,37.704853],[-122.459132,37.70293],[-122.450546,37.70245],[-122.454268,37.698087],[-122.458308,37.69892],[-122.458787,37.697497],[-122.460224,37.697449],[-122.460071,37.694535],[-122.461732,37.693024],[-122.462299,37.702725]]]}},{"type":"Feature","properties":{"geoid":"06075016802","name":"Western Addition","city":"San Francisco","county":"San Francisco","centroid":[-122.42588540000001,37.7730466]},"geometry":{"type":"Polygon","coordinates":[[[-122.430825,37.773973],[-122.419359,37.775432],[-122.424929,37.770778],[-122.425512,37.772734],[-122.428802,37.772316],[-122.430825,37.773973]]]}},{"type":"Feature","properties":{"geoid":"06075032602","name":"Golden Gate Heights","city":"San Francisco","county":"San Francisco","centroid":[-122.48262533333336,37.760223]},"geometry":{"type":"Polygon","coordinates":[[[-122.486906,37.765054],[-122.484763,37.76516],[-122.484365,37.759501],[-122.47687,37.759832],[-122.4766,37.756108],[-122.486248,37.755683],[-122.486906,37.765054]]]}},{"type":"Feature","properties":{"geoid":"06075017101","name":"Cole Valley","city":"San Francisco","county":"San Francisco","centroid":[-122.446356,37.765292333333335]},"geometry":{"type":"Polygon","coordinates":[[[-122.449433,37.7632],[-122.448109,37.763367],[-122.447635,37.765139],[-122.44839,37.768865],[-122.442384,37.7696],[-122.443866,37.767536],[-122.442575,37.765928],[-122.445692,37.762348],[-122.44912,37.761648],[-122.449433,37.7632]]]}},{"type":"Feature","properties":{"geoid":"06075017801","name":"South of Market","city":"San Francisco","county":"San Francisco","centroid":[-122.4011575,37.782029]},"geometry":{"type":"Polygon","coordinates":[[[-122.404933,37.7815],[-122.400468,37.78503],[-122.397386,37.782554],[-122.401843,37.779032],[-122.404933,37.7815]]]}},{"type":"Feature","properties":{"geoid":"06075022704","name":"Potrero Hill","city":"San Francisco","county":"San Francisco","centroid":[-122.402389,37.7609404]},"geometry":{"type":"Polygon","coordinates":[[[-122.406493,37.760686],[-122.40509,37.764628],[-122.398703,37.765014],[-122.39797,37.757359],[-122.403689,37.757015],[-122.406493,37.760686]]]}},{"type":"Feature","properties":{"geoid":"06075025701","name":"Portola","city":"San Francisco","county":"San Francisco","centroid":[-122.41120308333335,37.73224483333333]},"geometry":{"type":"Polygon","coordinates":[[[-122.419536,37.729129],[-122.419244,37.73206],[-122.414388,37.732417],[-122.409505,37.735044],[-122.407009,37.738002],[-122.406295,37.735307],[-122.40713,37.735047],[-122.405608,37.732439],[-122.408509,37.731552],[-122.40756,37.729261],[-122.41446,37.727457],[-122.415193,37.729223],[-122.419536,37.729129]]]}},{"type":"Feature","properties":{"geoid":"06075025702","name":"Portola","city":"San Francisco","county":"San Francisco","centroid":[-122.40639277777778,37.72940366666667]},"geometry":{"type":"Polygon","coordinates":[[[-122.410519,37.728488],[-122.40756,37.729261],[-122.408509,37.731552],[-122.405608,37.732439],[-122.40713,37.735047],[-122.406295,37.735307],[-122.400785,37.723616],[-122.4026,37.725235],[-122.408529,37.723688],[-122.410519,37.728488]]]}},{"type":"Feature","properties":{"geoid":"06075031201","name":"Ingleside","city":"San Francisco","county":"San Francisco","centroid":[-122.45735016666667,37.72067283333333]},"geometry":{"type":"Polygon","coordinates":[[[-122.462279,37.724866],[-122.449546,37.723011],[-122.451646,37.719686],[-122.459198,37.720024],[-122.459187,37.71823],[-122.462245,37.71822],[-122.462279,37.724866]]]}},{"type":"Feature","properties":{"geoid":"06075031202","name":"Ingleside","city":"San Francisco","county":"San Francisco","centroid":[-122.45257550000001,37.719596875]},"geometry":{"type":"Polygon","coordinates":[[[-122.459198,37.720024],[-122.451646,37.719686],[-122.449546,37.723011],[-122.447878,37.723005],[-122.448582,37.718411],[-122.450378,37.716169],[-122.454189,37.718239],[-122.459187,37.71823],[-122.459198,37.720024]]]}},{"type":"Feature","properties":{"geoid":"06075032801","name":"Parkside","city":"San Francisco","county":"San Francisco","centroid":[-122.48028849999999,37.74721266666667]},"geometry":{"type":"Polygon","coordinates":[[[-122.485727,37.74822],[-122.479296,37.748504],[-122.479426,37.750368],[-122.476221,37.750509],[-122.475726,37.743049],[-122.485335,37.742626],[-122.485727,37.74822]]]}},{"type":"Feature","properties":{"geoid":"06075032802","name":"Golden Gate Heights","city":"San Francisco","county":"San Francisco","centroid":[-122.48058633333333,37.75156533333333]},"geometry":{"type":"Polygon","coordinates":[[[-122.486248,37.755683],[-122.4766,37.756108],[-122.476221,37.750509],[-122.479426,37.750368],[-122.479296,37.748504],[-122.485727,37.74822],[-122.486248,37.755683]]]}},{"type":"Feature","properties":{"geoid":"06075032901","name":"Parkside","city":"San Francisco","county":"San Francisco","centroid":[-122.49018550000001,37.7461535]},"geometry":{"type":"Polygon","coordinates":[[[-122.495046,37.749681],[-122.485857,37.750085],[-122.485335,37.742626],[-122.494504,37.742222],[-122.495046,37.749681]]]}},{"type":"Feature","properties":{"geoid":"06041119202","name":"Canal","city":"Larkspur","county":"Marin","centroid":[-122.52295771428571,37.95185257142857]},"geometry":{"type":"Polygon","coordinates":[[[-122.538135,37.953088],[-122.532533,37.959968],[-122.528434,37.958802],[-122.517193,37.95174],[-122.509538,37.951875],[-122.515988,37.942455],[-122.518883,37.94504],[-122.538135,37.953088]]]}},{"type":"Feature","properties":{"geoid":"06041119201","name":"Larkspur","city":"Larkspur","county":"Marin","centroid":[-122.52851512500001,37.94498575]},"geometry":{"type":"Polygon","coordinates":[[[-122.538322,37.944637],[-122.537249,37.94839],[-122.533686,37.95054],[-122.519492,37.945326],[-122.515988,37.942455],[-122.521212,37.941819],[-122.52863,37.944292],[-122.533542,37.942427],[-122.538322,37.944637]]]}},{"type":"Feature","properties":{"geoid":"06075061200","name":"Silver Terrace","city":"San Francisco","county":"San Francisco","centroid":[-122.39062738461537,37.736624846153845]},"geometry":{"type":"Polygon","coordinates":[[[-122.396232,37.737468],[-122.394093,37.736729],[-122.391268,37.739853],[-122.389425,37.738803],[-122.387999,37.742757],[-122.385282,37.74024],[-122.388653,37.736483],[-122.386812,37.735492],[-122.389035,37.732919],[-122.39106,37.734066],[-122.391617,37.732487],[-122.393904,37.733788],[-122.392776,37.735038],[-122.396232,37.737468]]]}},{"type":"Feature","properties":{"geoid":"06075033203","name":"Parkmerced","city":"San Francisco","county":"San Francisco","centroid":[-122.47787677777777,37.71641155555556]},"geometry":{"type":"Polygon","coordinates":[[[-122.485211,37.716209],[-122.485124,37.718575],[-122.475818,37.716891],[-122.474383,37.717507],[-122.474661,37.719151],[-122.472672,37.717248],[-122.471355,37.712802],[-122.476624,37.714567],[-122.485043,37.714754],[-122.485211,37.716209]]]}},{"type":"Feature","properties":{"geoid":"06075033204","name":"Parkmerced","city":"San Francisco","county":"San Francisco","centroid":[-122.48153825000001,37.720107875]},"geometry":{"type":"Polygon","coordinates":[[[-122.485143,37.722904],[-122.485092,37.724134],[-122.480869,37.720727],[-122.475347,37.720914],[-122.474383,37.717507],[-122.483205,37.717585],[-122.483143,37.718517],[-122.485124,37.718575],[-122.485143,37.722904]]]}},{"type":"Feature","properties":{"geoid":"06075042601","name":"Inner Richmond","city":"San Francisco","county":"San Francisco","centroid":[-122.48119274999999,37.783120499999995]},"geometry":{"type":"Polygon","coordinates":[[[-122.48408,37.785795],[-122.478714,37.786031],[-122.47831,37.780449],[-122.483667,37.780207],[-122.48408,37.785795]]]}},{"type":"Feature","properties":{"geoid":"06075042602","name":"Inner Richmond","city":"San Francisco","county":"San Francisco","centroid":[-122.47546775,37.783386]},"geometry":{"type":"Polygon","coordinates":[[[-122.478714,37.786031],[-122.472583,37.786317],[-122.472264,37.780747],[-122.47831,37.780449],[-122.478714,37.786031]]]}},{"type":"Feature","properties":{"geoid":"06075047801","name":"Outer Richmond","city":"San Francisco","county":"San Francisco","centroid":[-122.493601875,37.776383124999995]},"geometry":{"type":"Polygon","coordinates":[[[-122.497455,37.777579],[-122.493168,37.777774],[-122.493305,37.779752],[-122.489019,37.779977],[-122.488471,37.772374],[-122.494903,37.772081],[-122.495175,37.775813],[-122.497319,37.775715],[-122.497455,37.777579]]]}},{"type":"Feature","properties":{"geoid":"06075980300","name":"Inner Sunset","city":"San Francisco","county":"San Francisco","centroid":[-122.47153055555555,37.76982977777777]},"geometry":{"type":"Polygon","coordinates":[[[-122.517256,37.770684],[-122.454683,37.774755],[-122.454083,37.77193],[-122.440922,37.773635],[-122.440735,37.772713],[-122.453902,37.771054],[-122.452947,37.766374],[-122.51237,37.763586],[-122.516877,37.763737],[-122.517256,37.770684]]]}},{"type":"Feature","properties":{"geoid":"06075980401","name":"San Francisco","city":"San Francisco","county":"San Francisco","centroid":[-123.05437713333335,37.72933091111112]},"geometry":{"type":"Polygon","coordinates":[[[-123.173825,37.775727],[-123.169107,37.792365],[-123.166012,37.796885],[-123.160936,37.802002],[-123.147209,37.811951],[-123.132272,37.819676],[-123.118289,37.823058],[-123.095261,37.821877],[-123.070494,37.81383],[-123.048817,37.799816],[-123.038726,37.788881],[-123.033841,37.778375],[-123.031436,37.777153],[-123.010588,37.774926],[-122.997538,37.770784],[-122.981429,37.758916],[-122.973256,37.748652],[-122.964099,37.744281],[-122.949985,37.732187],[-122.942294,37.721057],[-122.935865,37.702459],[-122.93571,37.697618],[-122.941364,37.67658],[-122.949068,37.663377],[-122.963006,37.651984],[-122.973012,37.646581],[-122.986747,37.641783],[-123.00111,37.63983],[-123.00111,37.641775],[-123.011605,37.641506],[-123.027153,37.645221],[-123.040696,37.650328],[-123.05358,37.658648],[-123.068589,37.673041],[-123.073063,37.682583],[-123.074921,37.690066],[-123.086057,37.70075],[-123.09285,37.713688],[-123.104921,37.712648],[-123.126114,37.71673],[-123.132597,37.719393],[-123.156757,37.73784],[-123.162751,37.743533],[-123.169985,37.75593],[-123.172926,37.7636],[-123.173825,37.775727]]]}},{"type":"Feature","properties":{"geoid":"06075012502","name":"Tenderloin","city":"San Francisco","county":"San Francisco","centroid":[-122.41259725,37.783935]},"geometry":{"type":"Polygon","coordinates":[[[-122.41443,37.784657],[-122.41114,37.785075],[-122.410765,37.783214],[-122.414054,37.782794],[-122.41443,37.784657]]]}},{"type":"Feature","properties":{"geoid":"06075980200","name":"Outer Richmond","city":"San Francisco","county":"San Francisco","centroid":[-122.50445475000001,37.785808624999994]},"geometry":{"type":"Polygon","coordinates":[[[-122.510636,37.782123],[-122.507484,37.782185],[-122.509783,37.784029],[-122.509563,37.789909],[-122.500783,37.795029],[-122.493878,37.790559],[-122.493394,37.781629],[-122.510117,37.781006],[-122.510636,37.782123]]]}},{"type":"Feature","properties":{"geoid":"06013340001","name":"Pleasant Valley","city":"Walnut Creek","county":"Contra Costa","centroid":[-122.07131522222221,37.921908111111115]},"geometry":{"type":"Polygon","coordinates":[[[-122.078273,37.926281],[-122.073508,37.926336],[-122.0735,37.933345],[-122.060084,37.931695],[-122.061979,37.920709],[-122.069636,37.909281],[-122.073409,37.915099],[-122.07355,37.917232],[-122.077898,37.917195],[-122.078273,37.926281]]]}},{"type":"Feature","properties":{"geoid":"06013322000","name":"Valhalla","city":"Pleasant Hill","county":"Contra Costa","centroid":[-122.07996281818181,37.96147449999999]},"geometry":{"type":"Polygon","coordinates":[[[-122.093963,37.960242],[-122.092578,37.960628],[-122.09272,37.963682],[-122.089714,37.966361],[-122.088406,37.969806],[-122.084838,37.968205],[-122.079486,37.968746],[-122.076843,37.967443],[-122.074851,37.968601],[-122.073668,37.971376],[-122.063606,37.971583],[-122.060127,37.954811],[-122.067412,37.953982],[-122.066267,37.959218],[-122.068567,37.956958],[-122.073449,37.956569],[-122.074973,37.954632],[-122.078555,37.954519],[-122.083854,37.951185],[-122.090511,37.955889],[-122.092448,37.958057],[-122.092346,37.959946],[-122.093963,37.960242]]]}},{"type":"Feature","properties":{"geoid":"06013314103","name":"Bay Point","city":"Bay Point","county":"Contra Costa","centroid":[-121.94634288888889,38.03737088888889]},"geometry":{"type":"Polygon","coordinates":[[[-121.9606,38.036989],[-121.960265,38.042166],[-121.956694,38.041829],[-121.957572,38.055319],[-121.928097,38.046983],[-121.92805,38.029815],[-121.932769,38.029971],[-121.932856,38.02678],[-121.960183,38.026486],[-121.9606,38.036989]]]}},{"type":"Feature","properties":{"geoid":"06013356002","name":"Unincorporated Contra Costa","city":"","county":"Contra Costa","centroid":[-122.21270114159289,37.946315424778774]},"geometry":{"type":"Polygon","coordinates":[[[-122.278563,37.920006],[-122.270672,37.92392],[-122.270606,37.921384],[-122.254611,37.920579],[-122.271061,37.939807],[-122.260894,37.945705],[-122.266563,37.946227],[-122.271941,37.953213],[-122.270604,37.955884],[-122.266349,37.959208],[-122.253231,37.963971],[-122.246354,37.964161],[-122.24314,37.967924],[-122.243152,37.971105],[-122.237422,37.972076],[-122.231153,37.975058],[-122.223748,37.972761],[-122.221396,37.970535],[-122.214916,37.970441],[-122.210023,37.96868],[-122.204969,37.964742],[-122.221769,37.98589],[-122.226511,37.986198],[-122.227185,37.984991],[-122.235999,37.983406],[-122.249966,37.992076],[-122.248818,37.995376],[-122.247391,37.994702],[-122.247271,37.996399],[-122.245501,37.995805],[-122.241485,38.000013],[-122.244808,38.001904],[-122.23771,38.005371],[-122.2391,38.007218],[-122.248065,38.008679],[-122.253672,38.014187],[-122.242109,38.015005],[-122.224682,38.008336],[-122.213956,38.007092],[-122.205052,38.008888],[-122.188656,38.01616],[-122.178998,38.015567],[-122.165828,38.006687],[-122.156302,38.005208],[-122.147869,38.000477],[-122.140525,37.990438],[-122.136371,37.989598],[-122.130027,37.990734],[-122.125813,37.983749],[-122.124809,37.980197],[-122.127459,37.973785],[-122.126146,37.972618],[-122.126154,37.966789],[-122.132153,37.962456],[-122.133256,37.958318],[-122.13519,37.957465],[-122.138193,37.958329],[-122.135294,37.956203],[-122.134955,37.953482],[-122.136445,37.949591],[-122.13492,37.947823],[-122.135518,37.946401],[-122.134242,37.946124],[-122.13831,37.939212],[-122.13755,37.937964],[-122.140838,37.937268],[-122.142056,37.934983],[-122.148242,37.933735],[-122.149221,37.930846],[-122.152132,37.928595],[-122.162717,37.925778],[-122.16517,37.920396],[-122.171168,37.918278],[-122.184728,37.919162],[-122.196191,37.922],[-122.200146,37.917538],[-122.200552,37.914303],[-122.204327,37.908957],[-122.211004,37.908042],[-122.211088,37.906428],[-122.207082,37.90188],[-122.210709,37.89932],[-122.216923,37.900158],[-122.219328,37.89767],[-122.220122,37.899302],[-122.222666,37.899274],[-122.222924,37.898253],[-122.227187,37.899757],[-122.229943,37.898219],[-122.235672,37.89933],[-122.244189,37.904923],[-122.250299,37.900615],[-122.244179,37.896599],[-122.242167,37.893292],[-122.244508,37.892285],[-122.246313,37.893007],[-122.249145,37.891128],[-122.250162,37.893356],[-122.253047,37.893863],[-122.253702,37.896193],[-122.255936,37.896031],[-122.256929,37.899841],[-122.260776,37.899658],[-122.263946,37.903734],[-122.267643,37.904246],[-122.268023,37.906535],[-122.266395,37.907474],[-122.272525,37.911918],[-122.270847,37.913647],[-122.275527,37.916179],[-122.276343,37.917969],[-122.277726,37.917771],[-122.279365,37.919609],[-122.278563,37.920006]]]}},{"type":"Feature","properties":{"geoid":"06013354002","name":"Orinda","city":"Orinda","county":"Contra Costa","centroid":[-122.17407586842106,37.904958342105274]},"geometry":{"type":"Polygon","coordinates":[[[-122.211284,37.907167],[-122.209753,37.908862],[-122.204327,37.908957],[-122.200552,37.914303],[-122.200146,37.917538],[-122.195831,37.922131],[-122.18544,37.919287],[-122.174026,37.917919],[-122.166383,37.919708],[-122.164546,37.92129],[-122.161981,37.920393],[-122.160339,37.917886],[-122.158009,37.917668],[-122.15999,37.917204],[-122.158265,37.914915],[-122.162631,37.914493],[-122.162494,37.909834],[-122.159157,37.90975],[-122.158784,37.908444],[-122.152959,37.906427],[-122.153036,37.904455],[-122.159651,37.903661],[-122.157313,37.898623],[-122.15736,37.896827],[-122.158704,37.897314],[-122.156756,37.895882],[-122.15121,37.895292],[-122.151517,37.892965],[-122.154398,37.891824],[-122.165056,37.89271],[-122.172458,37.890877],[-122.176952,37.887668],[-122.183395,37.878398],[-122.191602,37.883172],[-122.195663,37.889356],[-122.205332,37.893715],[-122.210494,37.899516],[-122.207089,37.901986],[-122.211284,37.907167]]]}},{"type":"Feature","properties":{"geoid":"06013321103","name":"Valley High","city":"Martinez","county":"Contra Costa","centroid":[-122.11230694999999,37.9714037]},"geometry":{"type":"Polygon","coordinates":[[[-122.130027,37.990734],[-122.126565,37.991635],[-122.123184,37.989221],[-122.119269,37.98493],[-122.121591,37.983351],[-122.115775,37.982377],[-122.106462,37.971526],[-122.099302,37.967615],[-122.093792,37.959935],[-122.092346,37.959946],[-122.092448,37.958057],[-122.090923,37.956504],[-122.093217,37.955063],[-122.10699,37.956],[-122.109801,37.959867],[-122.119911,37.967276],[-122.126154,37.966789],[-122.126146,37.972618],[-122.127459,37.973785],[-122.124777,37.980845],[-122.130027,37.990734]]]}},{"type":"Feature","properties":{"geoid":"06013353001","name":"Wilder","city":"Orinda","county":"Contra Costa","centroid":[-122.17907010714289,37.855716821428565]},"geometry":{"type":"Polygon","coordinates":[[[-122.212923,37.857784],[-122.209477,37.861203],[-122.207756,37.865439],[-122.195608,37.868033],[-122.186515,37.874875],[-122.182673,37.879333],[-122.17966,37.877168],[-122.175657,37.866348],[-122.168441,37.862208],[-122.162454,37.868993],[-122.155867,37.870032],[-122.15306,37.863666],[-122.155374,37.85637],[-122.152692,37.854577],[-122.151782,37.852227],[-122.152572,37.8481],[-122.155333,37.844816],[-122.158005,37.846281],[-122.168486,37.843676],[-122.172601,37.84516],[-122.181285,37.839716],[-122.183758,37.84007],[-122.188496,37.8379],[-122.195623,37.841913],[-122.195106,37.843605],[-122.200761,37.847445],[-122.2031,37.851192],[-122.208898,37.851941],[-122.212923,37.857784]]]}},{"type":"Feature","properties":{"geoid":"06013309000","name":"Pittsburg","city":"Pittsburg","county":"Contra Costa","centroid":[-121.87427665517242,38.03623082758621]},"geometry":{"type":"Polygon","coordinates":[[[-121.908682,38.039362],[-121.90857,38.04502],[-121.889573,38.046657],[-121.874743,38.050676],[-121.867402,38.056895],[-121.862138,38.066066],[-121.853639,38.064776],[-121.846802,38.059955],[-121.841659,38.051974],[-121.837936,38.038944],[-121.830317,38.029723],[-121.842294,38.028341],[-121.847534,38.029759],[-121.850366,38.022332],[-121.855788,38.02352],[-121.86023,38.014913],[-121.873916,38.019524],[-121.871814,38.024262],[-121.878712,38.025761],[-121.878501,38.027797],[-121.881233,38.028812],[-121.891407,38.030893],[-121.892996,38.030867],[-121.893571,38.029425],[-121.906264,38.029479],[-121.905081,38.030783],[-121.900945,38.031097],[-121.902005,38.034551],[-121.899905,38.03853],[-121.908682,38.039362]]]}},{"type":"Feature","properties":{"geoid":"06013323000","name":"Gregory Gardens","city":"Pleasant Hill","county":"Contra Costa","centroid":[-122.0693718125,37.951785812500006]},"geometry":{"type":"Polygon","coordinates":[[[-122.083854,37.951185],[-122.078555,37.954519],[-122.074973,37.954632],[-122.073449,37.956569],[-122.068567,37.956958],[-122.066267,37.959218],[-122.067412,37.953982],[-122.061677,37.954906],[-122.060831,37.951692],[-122.06284,37.951683],[-122.062883,37.950205],[-122.060174,37.950168],[-122.060219,37.947964],[-122.073128,37.947932],[-122.073005,37.943486],[-122.082115,37.943474],[-122.083854,37.951185]]]}},{"type":"Feature","properties":{"geoid":"06013359203","name":"Hercules","city":"Hercules","county":"Contra Costa","centroid":[-122.25250407692307,38.00818961538462]},"geometry":{"type":"Polygon","coordinates":[[[-122.272711,38.011538],[-122.262315,38.02273],[-122.256118,38.016658],[-122.256687,38.013779],[-122.253672,38.014187],[-122.248065,38.008679],[-122.2391,38.007218],[-122.23771,38.005371],[-122.244808,38.001904],[-122.241485,38.000013],[-122.246143,37.995894],[-122.256692,38.002289],[-122.267047,38.006205],[-122.272711,38.011538]]]}},{"type":"Feature","properties":{"geoid":"06013369001","name":"East Richmond","city":"San Pablo","county":"Contra Costa","centroid":[-122.33679191666666,37.95620616666666]},"geometry":{"type":"Polygon","coordinates":[[[-122.347305,37.95706],[-122.345425,37.962844],[-122.340172,37.960838],[-122.334628,37.962811],[-122.329244,37.962228],[-122.330739,37.957542],[-122.326394,37.949154],[-122.33239,37.949074],[-122.333508,37.951664],[-122.338854,37.953423],[-122.340315,37.952483],[-122.342529,37.955353],[-122.347305,37.95706]]]}},{"type":"Feature","properties":{"geoid":"06001408200","name":"Millsmont","city":"Oakland","county":"Alameda","centroid":[-122.17531483333335,37.77591233333333]},"geometry":{"type":"Polygon","coordinates":[[[-122.183919,37.776509],[-122.180375,37.779668],[-122.175055,37.78021],[-122.171582,37.777324],[-122.168958,37.77259],[-122.172,37.769173],[-122.183919,37.776509]]]}},{"type":"Feature","properties":{"geoid":"06001408400","name":"Eastmont","city":"Oakland","county":"Alameda","centroid":[-122.171169,37.764449]},"geometry":{"type":"Polygon","coordinates":[[[-122.177054,37.765984],[-122.172133,37.769131],[-122.164942,37.762685],[-122.170547,37.759996],[-122.177054,37.765984]]]}},{"type":"Feature","properties":{"geoid":"06001408500","name":"Elmhurst","city":"Oakland","county":"Alameda","centroid":[-122.17856825000001,37.76018075]},"geometry":{"type":"Polygon","coordinates":[[[-122.187054,37.759264],[-122.177197,37.765816],[-122.170547,37.759996],[-122.179475,37.755647],[-122.187054,37.759264]]]}},{"type":"Feature","properties":{"geoid":"06001408600","name":"Seminary Park","city":"Oakland","county":"Alameda","centroid":[-122.1826,37.76766166666667]},"geometry":{"type":"Polygon","coordinates":[[[-122.19283,37.761996],[-122.182006,37.769222],[-122.181981,37.772422],[-122.179729,37.773893],[-122.172,37.769173],[-122.187054,37.759264],[-122.19283,37.761996]]]}},{"type":"Feature","properties":{"geoid":"06001408700","name":"Seminary Park","city":"Oakland","county":"Alameda","centroid":[-122.18670766666666,37.76985133333333]},"geometry":{"type":"Polygon","coordinates":[[[-122.199502,37.765149],[-122.184198,37.776426],[-122.179729,37.773893],[-122.181981,37.772422],[-122.182006,37.769222],[-122.19283,37.761996],[-122.199502,37.765149]]]}},{"type":"Feature","properties":{"geoid":"06001408800","name":"Lockwood Gardens","city":"Oakland","county":"Alameda","centroid":[-122.19736790000002,37.756509]},"geometry":{"type":"Polygon","coordinates":[[[-122.205584,37.760863],[-122.199502,37.765149],[-122.187054,37.759264],[-122.194338,37.754615],[-122.193215,37.75466],[-122.195904,37.752356],[-122.196675,37.75311],[-122.198076,37.752214],[-122.202509,37.756077],[-122.200822,37.756782],[-122.205584,37.760863]]]}},{"type":"Feature","properties":{"geoid":"06001408900","name":"Lockwood Gardens","city":"Oakland","county":"Alameda","centroid":[-122.19159242857144,37.75385957142857]},"geometry":{"type":"Polygon","coordinates":[[[-122.197895,37.752329],[-122.195904,37.752356],[-122.193215,37.75466],[-122.194338,37.754615],[-122.187054,37.759264],[-122.179117,37.755471],[-122.193624,37.748322],[-122.197895,37.752329]]]}},{"type":"Feature","properties":{"geoid":"06001409100","name":"Brookfield Village","city":"Oakland","county":"Alameda","centroid":[-122.18348375,37.732913999999994]},"geometry":{"type":"Polygon","coordinates":[[[-122.188784,37.731729],[-122.181561,37.737835],[-122.179423,37.735563],[-122.184167,37.726529],[-122.188784,37.731729]]]}},{"type":"Feature","properties":{"geoid":"06001409200","name":"Brookfield Village","city":"Oakland","county":"Alameda","centroid":[-122.17864133333335,37.7291715]},"geometry":{"type":"Polygon","coordinates":[[[-122.184097,37.726633],[-122.179459,37.7338],[-122.179782,37.736267],[-122.170313,37.727733],[-122.175802,37.725231],[-122.182395,37.725365],[-122.184097,37.726633]]]}},{"type":"Feature","properties":{"geoid":"06001409300","name":"Brookfield Village","city":"Oakland","county":"Alameda","centroid":[-122.17214783333333,37.736398666666666]},"geometry":{"type":"Polygon","coordinates":[[[-122.181561,37.737835],[-122.170489,37.744471],[-122.165472,37.737689],[-122.171556,37.734996],[-122.169769,37.732211],[-122.17404,37.73119],[-122.181561,37.737835]]]}},{"type":"Feature","properties":{"geoid":"06013306002","name":"Antioch","city":"Antioch","county":"Contra Costa","centroid":[-121.7786105,38.01062114285714]},"geometry":{"type":"Polygon","coordinates":[[[-121.80127,38.021622],[-121.790769,38.01862],[-121.78139,38.018612],[-121.763474,38.023518],[-121.75168,38.024308],[-121.750497,37.988554],[-121.759671,37.993487],[-121.786334,37.998152],[-121.787588,38.004171],[-121.772612,38.00495],[-121.772627,38.011142],[-121.782587,38.011235],[-121.799088,38.014687],[-121.80096,38.015638],[-121.80127,38.021622]]]}},{"type":"Feature","properties":{"geoid":"06013326000","name":"Hillsdale","city":"Reliez Valley","county":"Contra Costa","centroid":[-122.08997038461538,37.93632384615384]},"geometry":{"type":"Polygon","coordinates":[[[-122.09726,37.931234],[-122.096106,37.933306],[-122.089993,37.936878],[-122.089805,37.950806],[-122.087837,37.95416],[-122.084169,37.951667],[-122.082378,37.947892],[-122.081861,37.935096],[-122.086675,37.933049],[-122.086334,37.926034],[-122.094424,37.923704],[-122.096973,37.921547],[-122.0958,37.926837],[-122.09726,37.931234]]]}},{"type":"Feature","properties":{"geoid":"06013301000","name":"Unincorporated Contra Costa","city":"","county":"Contra Costa","centroid":[-121.61536660256417,38.03084975641025]},"geometry":{"type":"Polygon","coordinates":[[[-121.732565,38.02902],[-121.725565,38.03382],[-121.709561,38.039944],[-121.699765,38.04522],[-121.691665,38.05352],[-121.68147,38.061244],[-121.679593,38.068111],[-121.681865,38.082019],[-121.679265,38.089319],[-121.673065,38.093518],[-121.661865,38.095618],[-121.645183,38.087413],[-121.638088,38.086131],[-121.632595,38.088611],[-121.628994,38.097261],[-121.627376,38.09836],[-121.604923,38.099878],[-121.585283,38.096366],[-121.579252,38.09342],[-121.57776,38.089466],[-121.576749,38.078193],[-121.572893,38.073742],[-121.582203,38.068423],[-121.583879,38.059897],[-121.582305,38.051436],[-121.584719,38.043545],[-121.584388,38.036025],[-121.581686,38.032355],[-121.578834,38.03264],[-121.577948,38.033817],[-121.580786,38.038789],[-121.580185,38.041268],[-121.577634,38.04296],[-121.573009,38.04215],[-121.570819,38.038003],[-121.571388,38.030423],[-121.564638,38.030236],[-121.563754,38.024757],[-121.557528,38.016615],[-121.561069,38.015441],[-121.567998,38.018521],[-121.572052,38.01841],[-121.572605,38.016395],[-121.566965,38.013528],[-121.567149,38.011983],[-121.577015,38.01111],[-121.579632,38.008535],[-121.579795,38.006231],[-121.578245,38.003898],[-121.568845,38.002234],[-121.57056,37.999025],[-121.578945,37.99855],[-121.576084,37.994855],[-121.581025,37.989525],[-121.582463,37.983922],[-121.579527,37.98155],[-121.573583,37.980309],[-121.572706,37.97809],[-121.579311,37.977442],[-121.580221,37.975704],[-121.57935,37.974294],[-121.58202,37.972654],[-121.594053,37.972475],[-121.594979,37.976506],[-121.640224,37.976159],[-121.659232,37.990651],[-121.659002,38.00834],[-121.6612,38.013111],[-121.667369,38.013214],[-121.678587,38.011032],[-121.684364,38.014321],[-121.684933,38.01586],[-121.682643,38.017749],[-121.687782,38.01989],[-121.691141,38.025338],[-121.693493,38.026774],[-121.699343,38.026924],[-121.712042,38.022198],[-121.732565,38.02902]]]}},{"type":"Feature","properties":{"geoid":"06013361000","name":"East Richmond","city":"Richmond","county":"Contra Costa","centroid":[-122.29315934375002,37.942612]},"geometry":{"type":"Polygon","coordinates":[[[-122.320523,37.960169],[-122.315421,37.961429],[-122.314221,37.963189],[-122.314793,37.964818],[-122.304057,37.966981],[-122.294953,37.963553],[-122.285817,37.96222],[-122.275225,37.954308],[-122.271147,37.952678],[-122.266563,37.946227],[-122.260894,37.945705],[-122.271061,37.939807],[-122.254611,37.920579],[-122.270606,37.921384],[-122.270672,37.92392],[-122.279365,37.919609],[-122.270847,37.913647],[-122.274048,37.911234],[-122.2867,37.924254],[-122.291799,37.927256],[-122.29064,37.929245],[-122.292238,37.930689],[-122.297092,37.932035],[-122.303674,37.937968],[-122.303189,37.939123],[-122.307602,37.94273],[-122.311614,37.944079],[-122.311776,37.94723],[-122.316691,37.951012],[-122.316131,37.953218],[-122.318486,37.955177],[-122.318643,37.958111],[-122.320523,37.960169]]]}},{"type":"Feature","properties":{"geoid":"06013378000","name":"Point Richmond","city":"Richmond","county":"Contra Costa","centroid":[-122.3919721891892,37.929474405405415]},"geometry":{"type":"Polygon","coordinates":[[[-122.435795,37.964352],[-122.434231,37.967798],[-122.40251,37.967769],[-122.400272,37.963626],[-122.387639,37.95267],[-122.380462,37.954063],[-122.370584,37.954058],[-122.370664,37.951245],[-122.360482,37.951603],[-122.360067,37.950321],[-122.377515,37.931358],[-122.375076,37.93136],[-122.362133,37.922637],[-122.360331,37.901711],[-122.375994,37.902857],[-122.376962,37.901462],[-122.37501,37.898227],[-122.359806,37.89652],[-122.359328,37.891137],[-122.364588,37.895316],[-122.376071,37.89502],[-122.38098,37.898796],[-122.382187,37.903393],[-122.390884,37.904476],[-122.396539,37.907677],[-122.393335,37.918117],[-122.399072,37.92296],[-122.402693,37.923682],[-122.406439,37.926637],[-122.410976,37.927425],[-122.417802,37.932514],[-122.419898,37.93599],[-122.419731,37.940324],[-122.427766,37.944592],[-122.428391,37.947875],[-122.426527,37.951684],[-122.434231,37.959301],[-122.435795,37.964352]]]}},{"type":"Feature","properties":{"geoid":"06013352102","name":"Unincorporated Contra Costa","city":"","county":"Contra Costa","centroid":[-122.09912706451614,37.82600987096775]},"geometry":{"type":"Polygon","coordinates":[[[-122.146484,37.819115],[-122.142189,37.822756],[-122.135202,37.821839],[-122.132483,37.822925],[-122.129906,37.831796],[-122.126066,37.835517],[-122.126164,37.838471],[-122.123228,37.840985],[-122.115822,37.842512],[-122.114523,37.841562],[-122.113955,37.837896],[-122.10928,37.838173],[-122.105404,37.843436],[-122.102234,37.843194],[-122.099103,37.841133],[-122.096778,37.836865],[-122.09076,37.834406],[-122.087163,37.831168],[-122.074745,37.830091],[-122.071172,37.828497],[-122.070438,37.821701],[-122.066843,37.818298],[-122.069944,37.819484],[-122.069081,37.814534],[-122.073452,37.81397],[-122.073619,37.811334],[-122.069069,37.80804],[-122.069881,37.806447],[-122.067619,37.806309],[-122.061681,37.79922],[-122.138651,37.804632],[-122.146484,37.819115]]]}},{"type":"Feature","properties":{"geoid":"06013338302","name":"Walnut Heights","city":"Walnut Creek","county":"Contra Costa","centroid":[-122.01760382352941,37.906988941176465]},"geometry":{"type":"Polygon","coordinates":[[[-122.043749,37.913201],[-122.038048,37.918903],[-122.034337,37.920829],[-122.025662,37.915812],[-121.998321,37.913137],[-121.996033,37.910877],[-121.993702,37.902474],[-121.990644,37.899584],[-121.994859,37.898622],[-122.00594,37.890913],[-122.007067,37.893405],[-122.025053,37.899611],[-122.026636,37.902482],[-122.025923,37.911039],[-122.028237,37.909402],[-122.030396,37.910494],[-122.034658,37.908027],[-122.043749,37.913201]]]}},{"type":"Feature","properties":{"geoid":"06013346101","name":"Unincorporated Contra Costa","city":"","county":"Contra Costa","centroid":[-122.01180841666667,37.87874483333333]},"geometry":{"type":"Polygon","coordinates":[[[-122.043775,37.873653],[-122.031401,37.876317],[-122.027633,37.875296],[-122.026937,37.876539],[-122.028151,37.879352],[-122.025796,37.879528],[-122.025262,37.880761],[-122.013387,37.886517],[-121.994859,37.898622],[-121.990644,37.899584],[-121.988203,37.898199],[-121.987825,37.894498],[-121.978637,37.88594],[-121.971141,37.882218],[-122.005237,37.87752],[-122.003204,37.87641],[-122.007333,37.874073],[-122.007202,37.872347],[-122.012033,37.869471],[-122.017307,37.869039],[-122.018563,37.86799],[-122.017373,37.866146],[-122.026216,37.866482],[-122.035283,37.863374],[-122.043775,37.873653]]]}},{"type":"Feature","properties":{"geoid":"06013349000","name":"Burton Valley","city":"Lafayette","county":"Contra Costa","centroid":[-122.09965459999998,37.8900572]},"geometry":{"type":"Polygon","coordinates":[[[-122.120981,37.893764],[-122.092858,37.897631],[-122.090017,37.896601],[-122.091586,37.895631],[-122.08977,37.891878],[-122.091156,37.891947],[-122.091838,37.889937],[-122.090062,37.887015],[-122.092948,37.886961],[-122.093409,37.885409],[-122.097848,37.885968],[-122.095171,37.878526],[-122.11817,37.885755],[-122.118728,37.892024],[-122.120277,37.891811],[-122.120981,37.893764]]]}},{"type":"Feature","properties":{"geoid":"06013369002","name":"East Richmond","city":"El Sobrante","county":"Contra Costa","centroid":[-122.32133793333335,37.958893333333336]},"geometry":{"type":"Polygon","coordinates":[[[-122.330774,37.958891],[-122.329244,37.962228],[-122.322552,37.966332],[-122.319177,37.965492],[-122.31838,37.964127],[-122.314793,37.964818],[-122.314225,37.963292],[-122.31558,37.961346],[-122.320523,37.960169],[-122.318643,37.958111],[-122.318459,37.95442],[-122.324403,37.953845],[-122.322077,37.951996],[-122.324845,37.949179],[-122.326394,37.949154],[-122.330774,37.958891]]]}},{"type":"Feature","properties":{"geoid":"06013345105","name":"Danville","city":"Danville","county":"Contra Costa","centroid":[-121.9771948,37.7967082]},"geometry":{"type":"Polygon","coordinates":[[[-121.992791,37.811391],[-121.976718,37.811967],[-121.977477,37.806501],[-121.97564,37.804535],[-121.973137,37.792699],[-121.971952,37.791825],[-121.974191,37.790004],[-121.966875,37.780485],[-121.975093,37.777196],[-121.988074,37.800479],[-121.992791,37.811391]]]}},{"type":"Feature","properties":{"geoid":"06013337300","name":"Turtle Creek","city":"Walnut Creek","county":"Contra Costa","centroid":[-122.00575090909092,37.94157918181818]},"geometry":{"type":"Polygon","coordinates":[[[-122.024649,37.938876],[-122.01361,37.946289],[-122.006461,37.948887],[-122.005171,37.952205],[-122.001615,37.95545],[-121.992234,37.947158],[-121.996312,37.9439],[-121.997702,37.937208],[-122.004041,37.930572],[-122.006787,37.92936],[-122.014678,37.927466],[-122.024649,37.938876]]]}},{"type":"Feature","properties":{"geoid":"06013343003","name":"Walnut Heights","city":"San Miguel","county":"Contra Costa","centroid":[-122.031778,37.88667788888889]},"geometry":{"type":"Polygon","coordinates":[[[-122.049978,37.885304],[-122.04817,37.886327],[-122.039988,37.884912],[-122.026007,37.889995],[-122.029134,37.889789],[-122.034771,37.892379],[-122.030151,37.899926],[-122.033351,37.902011],[-122.033373,37.903424],[-122.00876,37.894141],[-122.005583,37.891942],[-122.025796,37.879528],[-122.028151,37.879352],[-122.026937,37.876539],[-122.027633,37.875296],[-122.031401,37.876317],[-122.043775,37.873653],[-122.049045,37.879367],[-122.049978,37.885304]]]}},{"type":"Feature","properties":{"geoid":"06013345103","name":"Dougherty Valley","city":"San Ramon","county":"Contra Costa","centroid":[-121.92724472727272,37.74071190909091]},"geometry":{"type":"Polygon","coordinates":[[[-121.947025,37.753747],[-121.941925,37.752436],[-121.938483,37.75354],[-121.925308,37.737597],[-121.922922,37.73799],[-121.919137,37.7358],[-121.916489,37.738989],[-121.913997,37.739724],[-121.910459,37.730393],[-121.925823,37.726848],[-121.938124,37.740767],[-121.947025,37.753747]]]}},{"type":"Feature","properties":{"geoid":"06013352202","name":"Unincorporated Contra Costa","city":"","county":"Contra Costa","centroid":[-122.16290551724138,37.82817096551724]},"geometry":{"type":"Polygon","coordinates":[[[-122.188923,37.837966],[-122.183758,37.84007],[-122.181285,37.839716],[-122.172601,37.84516],[-122.168486,37.843676],[-122.158005,37.846281],[-122.155333,37.844816],[-122.152572,37.8481],[-122.150307,37.845459],[-122.127504,37.834027],[-122.129967,37.831671],[-122.132601,37.822817],[-122.135202,37.821839],[-122.142517,37.822666],[-122.146857,37.818742],[-122.138564,37.805192],[-122.140698,37.804717],[-122.148808,37.81376],[-122.157392,37.817952],[-122.166873,37.813424],[-122.172775,37.815826],[-122.177873,37.816323],[-122.181224,37.819341],[-122.185577,37.820726],[-122.186871,37.822082],[-122.185729,37.825366],[-122.187024,37.827537],[-122.183818,37.834353],[-122.185116,37.837353],[-122.188923,37.837966]]]}},{"type":"Feature","properties":{"geoid":"06013346102","name":"Unincorporated Contra Costa","city":"","county":"Contra Costa","centroid":[-121.96541875438595,37.86392049122807]},"geometry":{"type":"Polygon","coordinates":[[[-122.035216,37.8634],[-122.026216,37.866482],[-122.017373,37.866146],[-122.018563,37.86799],[-122.017307,37.869039],[-122.012033,37.869471],[-122.007202,37.872347],[-122.007333,37.874073],[-122.003204,37.87641],[-122.005237,37.87752],[-121.971141,37.882218],[-121.966187,37.881174],[-121.96159,37.877814],[-121.961202,37.876778],[-121.962411,37.876788],[-121.962948,37.87517],[-121.959875,37.873238],[-121.949065,37.873033],[-121.950274,37.870717],[-121.946622,37.869407],[-121.943792,37.865774],[-121.942577,37.867636],[-121.944047,37.869515],[-121.940852,37.868377],[-121.941085,37.869478],[-121.939716,37.869583],[-121.94269,37.87209],[-121.935383,37.869796],[-121.935207,37.867611],[-121.932818,37.867358],[-121.931725,37.865809],[-121.933316,37.864968],[-121.932665,37.862671],[-121.935654,37.857376],[-121.930419,37.853376],[-121.925567,37.851955],[-121.928349,37.851818],[-121.929975,37.85023],[-121.932448,37.851047],[-121.932995,37.849998],[-121.934408,37.853763],[-121.945283,37.855333],[-121.950836,37.854199],[-121.956005,37.855398],[-121.956474,37.857918],[-121.960046,37.859272],[-121.963959,37.860573],[-121.966719,37.859807],[-121.969296,37.862425],[-121.979052,37.862133],[-121.979998,37.856377],[-121.977428,37.850997],[-121.978479,37.845146],[-121.988784,37.844748],[-122.011348,37.85233],[-122.028714,37.851491],[-122.029761,37.855877],[-122.035216,37.8634]]]}},{"type":"Feature","properties":{"geoid":"06013321102","name":"Diablo Valley Estates","city":"Pleasant Hill","county":"Contra Costa","centroid":[-122.09279752000003,37.97486836]},"geometry":{"type":"Polygon","coordinates":[[[-122.121599,37.983559],[-122.119269,37.98493],[-122.115146,37.982223],[-122.106567,37.982882],[-122.103577,37.981913],[-122.099007,37.984689],[-122.095948,37.983682],[-122.080404,37.983691],[-122.079234,37.983379],[-122.079575,37.980307],[-122.076817,37.979105],[-122.073963,37.974804],[-122.073845,37.971348],[-122.074851,37.968601],[-122.076843,37.967443],[-122.079486,37.968746],[-122.084838,37.968205],[-122.088406,37.969806],[-122.089714,37.966361],[-122.09272,37.963682],[-122.092578,37.960628],[-122.094012,37.960207],[-122.099302,37.967615],[-122.106462,37.971526],[-122.115775,37.982377],[-122.121599,37.983559]]]}},{"type":"Feature","properties":{"geoid":"06013321200","name":"Camelback","city":"Pacheco","county":"Contra Costa","centroid":[-122.07383729999997,37.982459500000004]},"geometry":{"type":"Polygon","coordinates":[[[-122.079663,37.980528],[-122.079122,37.98389],[-122.076949,37.985368],[-122.076444,37.992437],[-122.070089,37.994585],[-122.067728,37.990764],[-122.063606,37.971583],[-122.07386,37.971312],[-122.074095,37.975023],[-122.076817,37.979105],[-122.079663,37.980528]]]}},{"type":"Feature","properties":{"geoid":"06013325000","name":"Poet's Corner","city":"Pleasant Hill","county":"Contra Costa","centroid":[-122.073219,37.934853000000004]},"geometry":{"type":"Polygon","coordinates":[[[-122.086785,37.932698],[-122.081861,37.935096],[-122.082115,37.943474],[-122.063958,37.943487],[-122.063867,37.938333],[-122.060178,37.938032],[-122.060084,37.931695],[-122.0735,37.933345],[-122.073508,37.926336],[-122.086334,37.926034],[-122.086785,37.932698]]]}},{"type":"Feature","properties":{"geoid":"06013343001","name":"Walnut Heights","city":"Walnut Creek","county":"Contra Costa","centroid":[-122.04477390909092,37.89380581818182]},"geometry":{"type":"Polygon","coordinates":[[[-122.057811,37.907083],[-122.05489,37.908127],[-122.048897,37.898857],[-122.042143,37.894508],[-122.039073,37.894825],[-122.031053,37.890377],[-122.026007,37.889995],[-122.039988,37.884912],[-122.04817,37.886327],[-122.050034,37.885277],[-122.054447,37.891576],[-122.057811,37.907083]]]}},{"type":"Feature","properties":{"geoid":"06013307204","name":"Antioch","city":"Antioch","county":"Contra Costa","centroid":[-121.82953149999999,37.995014]},"geometry":{"type":"Polygon","coordinates":[[[-121.84016,37.990579],[-121.837989,37.998607],[-121.828872,38.000485],[-121.822199,37.998024],[-121.822402,37.992718],[-121.825567,37.989671],[-121.84016,37.990579]]]}},{"type":"Feature","properties":{"geoid":"06013367100","name":"Richmond","city":"Richmond","county":"Contra Costa","centroid":[-122.33257015384615,37.972078538461545]},"geometry":{"type":"Polygon","coordinates":[[[-122.34302,37.972755],[-122.342057,37.976118],[-122.338614,37.975767],[-122.33306,37.978343],[-122.328764,37.976575],[-122.318511,37.976332],[-122.322552,37.966332],[-122.322189,37.969607],[-122.326563,37.969453],[-122.33398,37.966364],[-122.337016,37.967774],[-122.337008,37.969324],[-122.340078,37.972277],[-122.34302,37.972755]]]}},{"type":"Feature","properties":{"geoid":"06001409400","name":"Elmhurst","city":"Oakland","county":"Alameda","centroid":[-122.18115766666666,37.745714166666666]},"geometry":{"type":"Polygon","coordinates":[[[-122.190731,37.745815],[-122.185875,37.749156],[-122.183321,37.746462],[-122.174969,37.750546],[-122.170489,37.744471],[-122.181561,37.737835],[-122.190731,37.745815]]]}},{"type":"Feature","properties":{"geoid":"06001409500","name":"Elmhurst","city":"Oakland","county":"Alameda","centroid":[-122.18460416666666,37.749297166666665]},"geometry":{"type":"Polygon","coordinates":[[[-122.193612,37.748333],[-122.179117,37.755471],[-122.174969,37.750546],[-122.183321,37.746462],[-122.185875,37.749156],[-122.190731,37.745815],[-122.193612,37.748333]]]}},{"type":"Feature","properties":{"geoid":"06001409600","name":"Elmhurst","city":"Oakland","county":"Alameda","centroid":[-122.17120916666666,37.75263449999999]},"geometry":{"type":"Polygon","coordinates":[[[-122.179431,37.75568],[-122.172296,37.75915],[-122.167571,37.752785],[-122.168291,37.75126],[-122.167145,37.749709],[-122.172521,37.747223],[-122.179431,37.75568]]]}},{"type":"Feature","properties":{"geoid":"06001409700","name":"Elmhurst","city":"Oakland","county":"Alameda","centroid":[-122.16675616666664,37.75475683333334]},"geometry":{"type":"Polygon","coordinates":[[[-122.172188,37.759199],[-122.164942,37.762685],[-122.1604,37.752903],[-122.167145,37.749709],[-122.168291,37.75126],[-122.167571,37.752785],[-122.172188,37.759199]]]}},{"type":"Feature","properties":{"geoid":"06001410100","name":"Elmhurst","city":"Oakland","county":"Alameda","centroid":[-122.15268700000001,37.74867081818182]},"geometry":{"type":"Polygon","coordinates":[[[-122.160335,37.752934],[-122.157388,37.753833],[-122.154381,37.751643],[-122.152524,37.753892],[-122.151206,37.75364],[-122.151602,37.75079],[-122.149447,37.746311],[-122.145883,37.742969],[-122.148558,37.740874],[-122.151838,37.742412],[-122.156395,37.746081],[-122.160335,37.752934]]]}},{"type":"Feature","properties":{"geoid":"06001410200","name":"Elmhurst","city":"Oakland","county":"Alameda","centroid":[-122.1569366,37.746023]},"geometry":{"type":"Polygon","coordinates":[[[-122.164044,37.75119],[-122.1604,37.752903],[-122.156395,37.746081],[-122.148725,37.740859],[-122.155119,37.739082],[-122.164044,37.75119]]]}},{"type":"Feature","properties":{"geoid":"06001410400","name":"Elmhurst","city":"Oakland","county":"Alameda","centroid":[-122.16199925,37.7407085]},"geometry":{"type":"Polygon","coordinates":[[[-122.169212,37.742763],[-122.159506,37.745049],[-122.155119,37.739082],[-122.16416,37.73594],[-122.169212,37.742763]]]}},{"type":"Feature","properties":{"geoid":"06001420100","name":"Thousand Oaks","city":"Albany","county":"Alameda","centroid":[-122.2905804,37.8952826]},"geometry":{"type":"Polygon","coordinates":[[[-122.296207,37.898925],[-122.289568,37.89749],[-122.286693,37.898513],[-122.287047,37.890918],[-122.293387,37.890567],[-122.296207,37.898925]]]}},{"type":"Feature","properties":{"geoid":"06001420200","name":"Albany Hill","city":"Albany","county":"Alameda","centroid":[-122.2975205,37.894479]},"geometry":{"type":"Polygon","coordinates":[[[-122.301437,37.89816],[-122.296207,37.898925],[-122.293387,37.890567],[-122.299051,37.890264],[-122.301437,37.89816]]]}},{"type":"Feature","properties":{"geoid":"06001420500","name":"University Village","city":"Albany","county":"Alameda","centroid":[-122.29501925,37.88686225000001]},"geometry":{"type":"Polygon","coordinates":[[[-122.299051,37.890264],[-122.293387,37.890567],[-122.290757,37.883147],[-122.296882,37.883471],[-122.299051,37.890264]]]}},{"type":"Feature","properties":{"geoid":"06001421100","name":"Cragmont","city":"Berkeley","county":"Alameda","centroid":[-122.2659721,37.900166299999995]},"geometry":{"type":"Polygon","coordinates":[[[-122.271186,37.899696],[-122.269575,37.901304],[-122.27068,37.901802],[-122.270269,37.904345],[-122.265538,37.904316],[-122.26129,37.901392],[-122.260703,37.899639],[-122.261959,37.898485],[-122.260784,37.897553],[-122.267737,37.893131],[-122.271186,37.899696]]]}},{"type":"Feature","properties":{"geoid":"06001421400","name":"Northbrae","city":"Berkeley","county":"Alameda","centroid":[-122.27136875,37.888220499999996]},"geometry":{"type":"Polygon","coordinates":[[[-122.276586,37.888821],[-122.267737,37.893131],[-122.266609,37.886035],[-122.274543,37.884895],[-122.276586,37.888821]]]}},{"type":"Feature","properties":{"geoid":"06001421700","name":"Gourmet Ghetto","city":"Berkeley","county":"Alameda","centroid":[-122.27016250000001,37.881881]},"geometry":{"type":"Polygon","coordinates":[[[-122.274543,37.884895],[-122.266609,37.886035],[-122.265752,37.878806],[-122.273746,37.877788],[-122.274543,37.884895]]]}},{"type":"Feature","properties":{"geoid":"06001421800","name":"North Berkeley","city":"Berkeley","county":"Alameda","centroid":[-122.27869375,37.88017875]},"geometry":{"type":"Polygon","coordinates":[[[-122.283273,37.880926],[-122.274963,37.885341],[-122.273746,37.877788],[-122.282793,37.87666],[-122.283273,37.880926]]]}},{"type":"Feature","properties":{"geoid":"06001421900","name":"Westbrae","city":"Berkeley","county":"Alameda","centroid":[-122.28917200000001,37.879450250000005]},"geometry":{"type":"Polygon","coordinates":[[[-122.296882,37.883471],[-122.28279,37.882502],[-122.282793,37.87666],[-122.294223,37.875168],[-122.296882,37.883471]]]}},{"type":"Feature","properties":{"geoid":"06001420600","name":"Westbrae","city":"Albany","county":"Alameda","centroid":[-122.28510628571428,37.88658399999999]},"geometry":{"type":"Polygon","coordinates":[[[-122.293387,37.890567],[-122.282409,37.891171],[-122.281643,37.888384],[-122.282738,37.885375],[-122.28185,37.885025],[-122.28296,37.882419],[-122.290757,37.883147],[-122.293387,37.890567]]]}},{"type":"Feature","properties":{"geoid":"06075023102","name":"Silver Terrace","city":"San Francisco","county":"San Francisco","centroid":[-122.38463463636363,37.735125909090904]},"geometry":{"type":"Polygon","coordinates":[[[-122.388482,37.733534],[-122.386812,37.735492],[-122.388653,37.736483],[-122.385282,37.74024],[-122.381558,37.738123],[-122.381973,37.737083],[-122.384047,37.737514],[-122.38236,37.733715],[-122.379348,37.731544],[-122.383431,37.729738],[-122.389035,37.732919],[-122.388482,37.733534]]]}},{"type":"Feature","properties":{"geoid":"06075023200","name":"Hunters Point","city":"San Francisco","county":"San Francisco","centroid":[-122.38607825,37.727686750000004]},"geometry":{"type":"Polygon","coordinates":[[[-122.393244,37.727875],[-122.39106,37.734066],[-122.377833,37.72656],[-122.382176,37.722246],[-122.393244,37.727875]]]}},{"type":"Feature","properties":{"geoid":"06075023300","name":"Silver Terrace","city":"San Francisco","county":"San Francisco","centroid":[-122.3983035,37.726293749999996]},"geometry":{"type":"Polygon","coordinates":[[[-122.401955,37.727957],[-122.399867,37.730292],[-122.392699,37.729284],[-122.398693,37.717642],[-122.401955,37.727957]]]}},{"type":"Feature","properties":{"geoid":"06075022901","name":"Mission","city":"San Francisco","county":"San Francisco","centroid":[-122.4139545,37.75120225]},"geometry":{"type":"Polygon","coordinates":[[[-122.416413,37.753968],[-122.412047,37.75423],[-122.411488,37.748344],[-122.41587,37.748267],[-122.416413,37.753968]]]}},{"type":"Feature","properties":{"geoid":"06001407000","name":"Laurel","city":"Oakland","county":"Alameda","centroid":[-122.202476,37.78788874999999]},"geometry":{"type":"Polygon","coordinates":[[[-122.210265,37.78804],[-122.200653,37.793713],[-122.194846,37.787285],[-122.20414,37.782517],[-122.210265,37.78804]]]}},{"type":"Feature","properties":{"geoid":"06001407200","name":"Fruitvale","city":"Oakland","county":"Alameda","centroid":[-122.2188666,37.77820440000001]},"geometry":{"type":"Polygon","coordinates":[[[-122.225754,37.77774],[-122.222729,37.783749],[-122.219322,37.782476],[-122.211734,37.774681],[-122.214794,37.772376],[-122.225754,37.77774]]]}},{"type":"Feature","properties":{"geoid":"06085504316","name":"Berryessa","city":"San Jose","county":"Santa Clara","centroid":[-121.871011,37.38449671428572]},"geometry":{"type":"Polygon","coordinates":[[[-121.879072,37.391072],[-121.873808,37.395275],[-121.862864,37.38467],[-121.86899,37.378029],[-121.870195,37.378456],[-121.871799,37.381276],[-121.870349,37.382699],[-121.879072,37.391072]]]}},{"type":"Feature","properties":{"geoid":"06001407300","name":"Lockwood Gardens","city":"Oakland","county":"Alameda","centroid":[-122.2095114,37.7599995]},"geometry":{"type":"Polygon","coordinates":[[[-122.224904,37.764563],[-122.214794,37.772376],[-122.199502,37.765149],[-122.205611,37.760846],[-122.200822,37.756782],[-122.202509,37.756077],[-122.201102,37.754884],[-122.207537,37.753148],[-122.214852,37.761468],[-122.223481,37.754702],[-122.224904,37.764563]]]}},{"type":"Feature","properties":{"geoid":"06001407400","name":"Melrose","city":"Oakland","county":"Alameda","centroid":[-122.206563,37.771447499999994]},"geometry":{"type":"Polygon","coordinates":[[[-122.214794,37.772376],[-122.211734,37.774681],[-122.207525,37.772711],[-122.200805,37.772661],[-122.20084,37.76913],[-122.20368,37.767126],[-122.214794,37.772376]]]}},{"type":"Feature","properties":{"geoid":"06001407600","name":"Maxwell Park","city":"Oakland","county":"Alameda","centroid":[-122.20233900000001,37.777899142857144]},"geometry":{"type":"Polygon","coordinates":[[[-122.211667,37.774755],[-122.204215,37.782476],[-122.200124,37.784571],[-122.195924,37.780924],[-122.201116,37.777237],[-122.19592,37.772639],[-122.207407,37.772692],[-122.211667,37.774755]]]}},{"type":"Feature","properties":{"geoid":"06001407700","name":"Maxwell Park","city":"Oakland","county":"Alameda","centroid":[-122.1932566,37.775890399999994]},"geometry":{"type":"Polygon","coordinates":[[[-122.201116,37.777237],[-122.193537,37.782575],[-122.185365,37.775425],[-122.190345,37.771576],[-122.19592,37.772639],[-122.201116,37.777237]]]}},{"type":"Feature","properties":{"geoid":"06001407800","name":"Maxwell Park","city":"Oakland","county":"Alameda","centroid":[-122.18798044444445,37.782166555555555]},"geometry":{"type":"Polygon","coordinates":[[[-122.199967,37.784651],[-122.195775,37.786829],[-122.188757,37.784473],[-122.178401,37.783822],[-122.173619,37.781129],[-122.180375,37.779668],[-122.185365,37.775425],[-122.193537,37.782575],[-122.196028,37.780927],[-122.199967,37.784651]]]}},{"type":"Feature","properties":{"geoid":"06085503324","name":"Evergreen","city":"San Jose","county":"Santa Clara","centroid":[-121.79006150000001,37.3275705]},"geometry":{"type":"Polygon","coordinates":[[[-121.798301,37.328667],[-121.782847,37.33173],[-121.782141,37.324967],[-121.796957,37.324918],[-121.798301,37.328667]]]}},{"type":"Feature","properties":{"geoid":"06001423700","name":"Claremont","city":"Berkeley","county":"Alameda","centroid":[-122.246379375,37.861186875]},"geometry":{"type":"Polygon","coordinates":[[[-122.253954,37.865737],[-122.244733,37.865788],[-122.245525,37.864036],[-122.244148,37.861508],[-122.244627,37.859008],[-122.242602,37.85872],[-122.242347,37.85761],[-122.253099,37.857088],[-122.253954,37.865737]]]}},{"type":"Feature","properties":{"geoid":"06001423800","name":"Claremont","city":"Berkeley","county":"Alameda","centroid":[-122.245465,37.8544838]},"geometry":{"type":"Polygon","coordinates":[[[-122.253346,37.85383],[-122.25212,37.85765],[-122.234761,37.85779],[-122.234179,37.852377],[-122.252919,37.850772],[-122.253346,37.85383]]]}},{"type":"Feature","properties":{"geoid":"06085503509","name":"San Jose","city":"San Jose","county":"Santa Clara","centroid":[-121.80241255555555,37.349554222222224]},"geometry":{"type":"Polygon","coordinates":[[[-121.811629,37.347889],[-121.805544,37.352047],[-121.804028,37.355428],[-121.801604,37.355527],[-121.801194,37.353208],[-121.790636,37.346218],[-121.796091,37.343429],[-121.802402,37.347693],[-121.808585,37.344549],[-121.811629,37.347889]]]}},{"type":"Feature","properties":{"geoid":"06001423901","name":"Lorin","city":"Oakland","county":"Alameda","centroid":[-122.26755966666667,37.85138666666666]},"geometry":{"type":"Polygon","coordinates":[[[-122.271852,37.847251],[-122.271161,37.854268],[-122.262407,37.855865],[-122.261829,37.85258],[-122.268965,37.851616],[-122.269144,37.84674],[-122.271852,37.847251]]]}},{"type":"Feature","properties":{"geoid":"06001427700","name":"West End","city":"Alameda","county":"Alameda","centroid":[-122.28302666666667,37.76893166666667]},"geometry":{"type":"Polygon","coordinates":[[[-122.291652,37.766241],[-122.291088,37.776478],[-122.276796,37.775134],[-122.276849,37.771384],[-122.278362,37.771424],[-122.278489,37.768358],[-122.279931,37.768179],[-122.282265,37.760179],[-122.291808,37.763008],[-122.291652,37.766241]]]}},{"type":"Feature","properties":{"geoid":"06085503510","name":"San Jose","city":"San Jose","county":"Santa Clara","centroid":[-121.81837600000001,37.3468641111111]},"geometry":{"type":"Polygon","coordinates":[[[-121.826968,37.350859],[-121.819147,37.356142],[-121.811132,37.347343],[-121.815846,37.346178],[-121.817174,37.345117],[-121.816183,37.344277],[-121.81762,37.343627],[-121.819347,37.344771],[-121.821967,37.343463],[-121.826968,37.350859]]]}},{"type":"Feature","properties":{"geoid":"06001427800","name":"West End","city":"Alameda","county":"Alameda","centroid":[-122.27191042857143,37.77136442857143]},"geometry":{"type":"Polygon","coordinates":[[[-122.276894,37.772367],[-122.276796,37.775134],[-122.263307,37.774715],[-122.263677,37.765421],[-122.272973,37.769256],[-122.272877,37.771274],[-122.276849,37.771384],[-122.276894,37.772367]]]}},{"type":"Feature","properties":{"geoid":"06085504317","name":"Berryessa","city":"San Jose","county":"Santa Clara","centroid":[-121.87534587500001,37.382709375000005]},"geometry":{"type":"Polygon","coordinates":[[[-121.886054,37.387353],[-121.882047,37.388182],[-121.879161,37.390981],[-121.870349,37.382699],[-121.871799,37.381276],[-121.871305,37.379364],[-121.86899,37.378029],[-121.873062,37.373791],[-121.886054,37.387353]]]}},{"type":"Feature","properties":{"geoid":"06085504319","name":"Berryessa","city":"San Jose","county":"Santa Clara","centroid":[-121.869116,37.37338939999999]},"geometry":{"type":"Polygon","coordinates":[[[-121.880698,37.368007],[-121.872752,37.37407],[-121.862864,37.38467],[-121.854757,37.376782],[-121.874509,37.363418],[-121.880698,37.368007]]]}},{"type":"Feature","properties":{"geoid":"06085504320","name":"Berryessa","city":"San Jose","county":"Santa Clara","centroid":[-121.87188259999998,37.40234159999999]},"geometry":{"type":"Polygon","coordinates":[[[-121.877501,37.405584],[-121.870267,37.409124],[-121.864361,37.401056],[-121.871725,37.396704],[-121.875559,37.39924],[-121.877501,37.405584]]]}},{"type":"Feature","properties":{"geoid":"06085511501","name":"Escondido Village","city":"Stanford","county":"Santa Clara","centroid":[-122.14992579999998,37.4275665]},"geometry":{"type":"Polygon","coordinates":[[[-122.16021,37.437297],[-122.15614,37.43826],[-122.15461,37.43732],[-122.14002,37.42812],[-122.14044,37.42495],[-122.14211,37.42302],[-122.14588,37.42499],[-122.153338,37.415988],[-122.15727,37.41803],[-122.14924,37.42769],[-122.16021,37.437297]]]}},{"type":"Feature","properties":{"geoid":"06001424001","name":"Harmon Tract","city":"Berkeley","county":"Alameda","centroid":[-122.27521200000001,37.849191]},"geometry":{"type":"Polygon","coordinates":[[[-122.279121,37.853287],[-122.271161,37.854268],[-122.271236,37.846465],[-122.2758,37.845867],[-122.276188,37.847734],[-122.277766,37.847525],[-122.279121,37.853287]]]}},{"type":"Feature","properties":{"geoid":"06001428100","name":"East End","city":"Alameda","county":"Alameda","centroid":[-122.23143571428571,37.757848857142854]},"geometry":{"type":"Polygon","coordinates":[[[-122.244179,37.762558],[-122.240792,37.766583],[-122.229686,37.7603],[-122.223779,37.754428],[-122.224579,37.753028],[-122.22732,37.754951],[-122.229715,37.753094],[-122.244179,37.762558]]]}},{"type":"Feature","properties":{"geoid":"06001428200","name":"East End","city":"Alameda","county":"Alameda","centroid":[-122.2344782857143,37.75298828571429]},"geometry":{"type":"Polygon","coordinates":[[[-122.253354,37.749113],[-122.244241,37.762486],[-122.229715,37.753094],[-122.22732,37.754951],[-122.224579,37.753028],[-122.225895,37.749694],[-122.236244,37.748552],[-122.253354,37.749113]]]}},{"type":"Feature","properties":{"geoid":"06085503511","name":"San Jose","city":"San Jose","county":"Santa Clara","centroid":[-121.8157922857143,37.343565142857145]},"geometry":{"type":"Polygon","coordinates":[[[-121.821967,37.343463],[-121.819347,37.344771],[-121.817463,37.343689],[-121.815911,37.346136],[-121.812506,37.347559],[-121.805913,37.341519],[-121.817439,37.337819],[-121.821967,37.343463]]]}},{"type":"Feature","properties":{"geoid":"06085503601","name":"Little Portugal","city":"San Jose","county":"Santa Clara","centroid":[-121.86693299999999,37.357674599999996]},"geometry":{"type":"Polygon","coordinates":[[[-121.877383,37.361155],[-121.869365,37.366808],[-121.855465,37.352735],[-121.861728,37.349762],[-121.870724,37.357913],[-121.877383,37.361155]]]}},{"type":"Feature","properties":{"geoid":"06085504321","name":"Berryessa","city":"San Jose","county":"Santa Clara","centroid":[-121.86724349999999,37.394205666666664]},"geometry":{"type":"Polygon","coordinates":[[[-121.875559,37.39924],[-121.871725,37.396704],[-121.864361,37.401056],[-121.856207,37.389684],[-121.862864,37.38467],[-121.872745,37.39388],[-121.875559,37.39924]]]}},{"type":"Feature","properties":{"geoid":"06085504410","name":"San Jose","city":"San Jose","county":"Santa Clara","centroid":[-121.87991714285715,37.41074514285714]},"geometry":{"type":"Polygon","coordinates":[[[-121.888863,37.407575],[-121.880811,37.411522],[-121.882056,37.413152],[-121.880261,37.414516],[-121.875045,37.416007],[-121.870267,37.409124],[-121.882117,37.40332],[-121.888863,37.407575]]]}},{"type":"Feature","properties":{"geoid":"06085507003","name":"Unincorporated Santa Clara","city":"","county":"Santa Clara","centroid":[-121.99430029787237,37.217825744680844]},"geometry":{"type":"Polygon","coordinates":[[[-122.024891,37.216828],[-122.02307,37.218587],[-122.022985,37.220677],[-122.021494,37.220115],[-122.018773,37.222651],[-122.013056,37.224154],[-122.011508,37.22634],[-122.011031,37.231318],[-122.00542,37.235573],[-122.005926,37.240254],[-122.002383,37.241492],[-121.99706,37.23997],[-121.984581,37.231291],[-121.985999,37.229726],[-121.98763,37.23069],[-121.99223,37.22833],[-121.99304,37.22562],[-121.98703,37.22395],[-121.987563,37.223022],[-121.98433,37.22174],[-121.987512,37.217934],[-121.98181,37.221526],[-121.98095,37.22041],[-121.97424,37.220291],[-121.976582,37.217889],[-121.976583,37.215331],[-121.973462,37.218477],[-121.97192,37.210992],[-121.976705,37.208119],[-121.979649,37.208634],[-121.980825,37.210129],[-121.97803,37.21236],[-121.97919,37.21382],[-121.984313,37.213718],[-121.987492,37.210157],[-121.986055,37.207942],[-121.986922,37.20247],[-121.991525,37.200557],[-121.991447,37.198176],[-121.992978,37.19799],[-121.99196,37.203512],[-121.994699,37.201964],[-121.997468,37.202737],[-122.005086,37.207797],[-122.007713,37.212344],[-122.012328,37.214362],[-122.02467,37.215844],[-122.024891,37.216828]]]}},{"type":"Feature","properties":{"geoid":"06085507004","name":"Los Gatos","city":"Los Gatos","county":"Santa Clara","centroid":[-121.97726770370367,37.22376355555556]},"geometry":{"type":"Polygon","coordinates":[[[-121.99304,37.22562],[-121.99223,37.22833],[-121.98763,37.23069],[-121.985999,37.229726],[-121.984581,37.231291],[-121.974999,37.226525],[-121.970671,37.234545],[-121.96809,37.23543],[-121.96443,37.23289],[-121.96077,37.23227],[-121.9643,37.22659],[-121.96789,37.22736],[-121.974158,37.221045],[-121.970152,37.217238],[-121.971873,37.212659],[-121.972816,37.212849],[-121.972403,37.215891],[-121.973596,37.218574],[-121.976583,37.215331],[-121.976582,37.217889],[-121.97424,37.220291],[-121.98095,37.22041],[-121.98181,37.221526],[-121.987512,37.217934],[-121.98433,37.22174],[-121.987563,37.223022],[-121.98703,37.22395],[-121.99304,37.22562]]]}},{"type":"Feature","properties":{"geoid":"06085502204","name":"Gardner","city":"San Jose","county":"Santa Clara","centroid":[-121.92661375,37.30054199999999]},"geometry":{"type":"Polygon","coordinates":[[[-121.931674,37.29803],[-121.921973,37.306913],[-121.922689,37.299831],[-121.930119,37.297394],[-121.931674,37.29803]]]}},{"type":"Feature","properties":{"geoid":"06085502203","name":"Gardner","city":"San Jose","county":"Santa Clara","centroid":[-121.91860028571429,37.30513914285715]},"geometry":{"type":"Polygon","coordinates":[[[-121.922963,37.302813],[-121.921973,37.306913],[-121.914908,37.313338],[-121.913628,37.307067],[-121.915124,37.30476],[-121.918917,37.301252],[-121.922689,37.299831],[-121.922963,37.302813]]]}},{"type":"Feature","properties":{"geoid":"06085501902","name":"Buena Vista","city":"San Jose","county":"Santa Clara","centroid":[-121.907677875,37.316006875]},"geometry":{"type":"Polygon","coordinates":[[[-121.915134,37.314351],[-121.913733,37.320753],[-121.902625,37.32136],[-121.903238,37.319608],[-121.901919,37.317387],[-121.903998,37.312746],[-121.90692,37.311062],[-121.913856,37.310788],[-121.915134,37.314351]]]}},{"type":"Feature","properties":{"geoid":"06085502104","name":"Gardner","city":"San Jose","county":"Santa Clara","centroid":[-121.92717975,37.306523]},"geometry":{"type":"Polygon","coordinates":[[[-121.931792,37.310452],[-121.92328,37.310697],[-121.921973,37.306913],[-121.931674,37.29803],[-121.931792,37.310452]]]}},{"type":"Feature","properties":{"geoid":"06085502103","name":"Gardner","city":"San Jose","county":"Santa Clara","centroid":[-121.92246328571427,37.31290757142858]},"geometry":{"type":"Polygon","coordinates":[[[-121.931841,37.316949],[-121.91845,37.316501],[-121.915001,37.315221],[-121.914908,37.313338],[-121.921973,37.306913],[-121.92328,37.310697],[-121.93179,37.310734],[-121.931841,37.316949]]]}},{"type":"Feature","properties":{"geoid":"06085504424","name":"Milpitas","city":"Milpitas","county":"Santa Clara","centroid":[-121.85056565853658,37.44532592682927]},"geometry":{"type":"Polygon","coordinates":[[[-121.903917,37.46454],[-121.890856,37.467982],[-121.887738,37.470936],[-121.881155,37.471076],[-121.865267,37.484637],[-121.855762,37.484537],[-121.85158,37.47952],[-121.84657,37.46623],[-121.84491,37.46556],[-121.8451,37.46263],[-121.84216,37.45997],[-121.84342,37.45671],[-121.84076,37.45483],[-121.84106,37.45227],[-121.83986,37.45178],[-121.84212,37.45011],[-121.83915,37.44764],[-121.84062,37.44439],[-121.83603,37.44211],[-121.83492,37.43852],[-121.82594,37.43996],[-121.82115,37.43885],[-121.8191,37.43678],[-121.824527,37.43266],[-121.823473,37.431895],[-121.830486,37.431988],[-121.832766,37.429883],[-121.830237,37.425213],[-121.831159,37.423153],[-121.841526,37.42102],[-121.84727,37.418496],[-121.850868,37.421836],[-121.852996,37.421901],[-121.855134,37.418345],[-121.857224,37.421032],[-121.861088,37.42202],[-121.864635,37.433499],[-121.87234,37.437693],[-121.876137,37.444095],[-121.889843,37.441183],[-121.892338,37.450883],[-121.903917,37.46454]]]}},{"type":"Feature","properties":{"geoid":"06085505015","name":"San Jose","city":"San Jose","county":"Santa Clara","centroid":[-121.93732642857142,37.41643871428572]},"geometry":{"type":"Polygon","coordinates":[[[-121.959392,37.419325],[-121.943735,37.419472],[-121.926432,37.422761],[-121.931082,37.419847],[-121.922974,37.411035],[-121.93282,37.413411],[-121.94485,37.40922],[-121.959392,37.419325]]]}},{"type":"Feature","properties":{"geoid":"06085505012","name":"San Jose","city":"San Jose","county":"Santa Clara","centroid":[-121.94810044444444,37.40457955555556]},"geometry":{"type":"Polygon","coordinates":[[[-121.960081,37.409856],[-121.957247,37.411431],[-121.949815,37.407934],[-121.94485,37.40922],[-121.936129,37.397375],[-121.940655,37.395672],[-121.942259,37.400682],[-121.947445,37.40154],[-121.954423,37.407506],[-121.960081,37.409856]]]}},{"type":"Feature","properties":{"geoid":"06085505014","name":"Alviso","city":"San Jose","county":"Santa Clara","centroid":[-121.95656799999999,37.41279516666666]},"geometry":{"type":"Polygon","coordinates":[[[-121.968023,37.419005],[-121.959392,37.419325],[-121.94485,37.40922],[-121.949815,37.407934],[-121.957247,37.411431],[-121.960081,37.409856],[-121.968023,37.419005]]]}},{"type":"Feature","properties":{"geoid":"06085505010","name":"Santa Clara","city":"Santa Clara","county":"Santa Clara","centroid":[-121.97065077777776,37.39960388888889]},"geometry":{"type":"Polygon","coordinates":[[[-121.987111,37.402943],[-121.986838,37.412059],[-121.968023,37.419005],[-121.960081,37.409856],[-121.96647,37.40636],[-121.95504,37.38942],[-121.96127,37.38645],[-121.964048,37.381894],[-121.986976,37.388448],[-121.987111,37.402943]]]}},{"type":"Feature","properties":{"geoid":"06085501901","name":"Buena Vista","city":"San Jose","county":"Santa Clara","centroid":[-121.90767625,37.3236305]},"geometry":{"type":"Polygon","coordinates":[[[-121.913791,37.325905],[-121.900194,37.326611],[-121.902987,37.321253],[-121.913733,37.320753],[-121.913791,37.325905]]]}},{"type":"Feature","properties":{"geoid":"06085511502","name":"College Terrace","city":"Stanford","county":"Santa Clara","centroid":[-122.1625693,37.4167521]},"geometry":{"type":"Polygon","coordinates":[[[-122.17592,37.41942],[-122.17074,37.41952],[-122.16539,37.42286],[-122.16141,37.42256],[-122.15636,37.41911],[-122.15727,37.41803],[-122.149713,37.413921],[-122.15597,37.40632],[-122.16318,37.41173],[-122.16974,37.41405],[-122.17592,37.41942]]]}},{"type":"Feature","properties":{"geoid":"06085504903","name":"Santa Clara","city":"Santa Clara","county":"Santa Clara","centroid":[-121.94603028571429,37.398106]},"geometry":{"type":"Polygon","coordinates":[[[-121.952674,37.396515],[-121.94936,37.400814],[-121.94719,37.39951],[-121.943667,37.40101],[-121.941646,37.400091],[-121.940655,37.395672],[-121.94702,37.39313],[-121.952674,37.396515]]]}},{"type":"Feature","properties":{"geoid":"06085504808","name":"Sunnyvale","city":"Sunnyvale","county":"Santa Clara","centroid":[-122.02632733333333,37.40093166666667]},"geometry":{"type":"Polygon","coordinates":[[[-122.035937,37.400637],[-122.020378,37.40444],[-122.022667,37.397718],[-122.035937,37.400637]]]}},{"type":"Feature","properties":{"geoid":"06085503338","name":"Silver Creek","city":"San Jose","county":"Santa Clara","centroid":[-121.76983813636362,37.276712454545454]},"geometry":{"type":"Polygon","coordinates":[[[-121.81016,37.294668],[-121.801987,37.299885],[-121.788371,37.294895],[-121.785092,37.296071],[-121.782101,37.289936],[-121.755513,37.270441],[-121.752639,37.269949],[-121.749557,37.272378],[-121.744347,37.27298],[-121.738345,37.268597],[-121.727571,37.264056],[-121.733081,37.248904],[-121.746271,37.258501],[-121.763109,37.268719],[-121.765656,37.268791],[-121.767628,37.271733],[-121.771953,37.270989],[-121.772388,37.274963],[-121.776266,37.279552],[-121.795088,37.281569],[-121.79975,37.284064],[-121.809566,37.286033],[-121.81016,37.294668]]]}},{"type":"Feature","properties":{"geoid":"06085512057","name":"Edenvale","city":"San Jose","county":"Santa Clara","centroid":[-121.82110257142857,37.27381457142857]},"geometry":{"type":"Polygon","coordinates":[[[-121.835053,37.277976],[-121.822433,37.278841],[-121.821072,37.276849],[-121.813966,37.276869],[-121.813649,37.269185],[-121.819439,37.269552],[-121.822106,37.26743],[-121.835053,37.277976]]]}},{"type":"Feature","properties":{"geoid":"06085512059","name":"San Jose","city":"San Jose","county":"Santa Clara","centroid":[-121.79309191666665,37.230011]},"geometry":{"type":"Polygon","coordinates":[[[-121.804057,37.242869],[-121.789099,37.23954],[-121.789531,37.23877],[-121.784202,37.235574],[-121.790701,37.229608],[-121.791031,37.224986],[-121.788459,37.222942],[-121.790398,37.223162],[-121.791634,37.225909],[-121.793516,37.226151],[-121.800813,37.225982],[-121.803662,37.224639],[-121.804057,37.242869]]]}},{"type":"Feature","properties":{"geoid":"06085503339","name":"Silver Creek","city":"San Jose","county":"Santa Clara","centroid":[-121.76429723076924,37.28494353846154]},"geometry":{"type":"Polygon","coordinates":[[[-121.785092,37.296071],[-121.782056,37.297546],[-121.774739,37.29753],[-121.771341,37.299344],[-121.765388,37.291146],[-121.765246,37.288488],[-121.758587,37.281054],[-121.749258,37.277403],[-121.744347,37.27298],[-121.749557,37.272378],[-121.752639,37.269949],[-121.755513,37.270441],[-121.782101,37.289936],[-121.785092,37.296071]]]}},{"type":"Feature","properties":{"geoid":"06085501601","name":"Spartan Keyes","city":"San Jose","county":"Santa Clara","centroid":[-121.87341485714286,37.330309]},"geometry":{"type":"Polygon","coordinates":[[[-121.883049,37.326078],[-121.871747,37.32822],[-121.875381,37.333102],[-121.868321,37.337039],[-121.867228,37.336446],[-121.867889,37.328572],[-121.880289,37.322706],[-121.883049,37.326078]]]}},{"type":"Feature","properties":{"geoid":"06085512056","name":"Edenvale","city":"San Jose","county":"Santa Clara","centroid":[-121.80948775000002,37.2718025]},"geometry":{"type":"Polygon","coordinates":[[[-121.814241,37.272181],[-121.813966,37.276869],[-121.811788,37.277793],[-121.805581,37.277079],[-121.801787,37.266029],[-121.805829,37.265839],[-121.809061,37.269445],[-121.813649,37.269185],[-121.814241,37.272181]]]}},{"type":"Feature","properties":{"geoid":"06085503219","name":"Seven Trees","city":"San Jose","county":"Santa Clara","centroid":[-121.84149,37.29270175]},"geometry":{"type":"Polygon","coordinates":[[[-121.84804,37.290505],[-121.837626,37.297714],[-121.835028,37.295134],[-121.845266,37.287454],[-121.84804,37.290505]]]}},{"type":"Feature","properties":{"geoid":"06085503222","name":"Seven Trees","city":"San Jose","county":"Santa Clara","centroid":[-121.84507224999999,37.29616925]},"geometry":{"type":"Polygon","coordinates":[[[-121.852519,37.294645],[-121.841878,37.301953],[-121.837626,37.297714],[-121.848266,37.290365],[-121.852519,37.294645]]]}},{"type":"Feature","properties":{"geoid":"06085509111","name":"Whisman Station","city":"Mountain View","county":"Santa Clara","centroid":[-122.05943,37.383056714285715]},"geometry":{"type":"Polygon","coordinates":[[[-122.068418,37.384224],[-122.057573,37.387708],[-122.05227,37.38597],[-122.052728,37.384557],[-122.056931,37.385452],[-122.060329,37.375354],[-122.067761,37.378132],[-122.068418,37.384224]]]}},{"type":"Feature","properties":{"geoid":"06085507705","name":"Cupertino","city":"Cupertino","county":"Santa Clara","centroid":[-122.07253242857144,37.30837971428572]},"geometry":{"type":"Polygon","coordinates":[[[-122.096192,37.300928],[-122.093623,37.306095],[-122.079134,37.322379],[-122.060476,37.322179],[-122.062375,37.319146],[-122.061027,37.314745],[-122.062946,37.315547],[-122.06437,37.314113],[-122.064288,37.311767],[-122.063002,37.311069],[-122.063827,37.308327],[-122.065705,37.308904],[-122.068236,37.305833],[-122.070776,37.307558],[-122.072283,37.306031],[-122.073182,37.306696],[-122.074502,37.305052],[-122.075281,37.298224],[-122.078672,37.295842],[-122.084279,37.295376],[-122.089005,37.300163],[-122.096192,37.300928]]]}},{"type":"Feature","properties":{"geoid":"06085507704","name":"Creston","city":"Cupertino","county":"Santa Clara","centroid":[-122.06706622222221,37.32702344444444]},"geometry":{"type":"Polygon","coordinates":[[[-122.079134,37.322379],[-122.075431,37.323512],[-122.07214,37.32695],[-122.07021,37.33336],[-122.063841,37.333237],[-122.059654,37.329347],[-122.059939,37.326712],[-122.06179,37.324833],[-122.061457,37.322881],[-122.079134,37.322379]]]}},{"type":"Feature","properties":{"geoid":"06085512058","name":"San Jose","city":"San Jose","county":"Santa Clara","centroid":[-121.79889916666666,37.246910500000006]},"geometry":{"type":"Polygon","coordinates":[[[-121.804056,37.244441],[-121.803941,37.252267],[-121.80249,37.255625],[-121.786095,37.245854],[-121.792757,37.240139],[-121.804056,37.243137],[-121.804056,37.244441]]]}},{"type":"Feature","properties":{"geoid":"06085504807","name":"Sunnyvale","city":"Sunnyvale","county":"Santa Clara","centroid":[-122.0163655,37.40116925]},"geometry":{"type":"Polygon","coordinates":[[[-122.022639,37.397789],[-122.020378,37.40444],[-122.00964,37.40689],[-122.012805,37.395558],[-122.022639,37.397789]]]}},{"type":"Feature","properties":{"geoid":"06085508205","name":"Sunnyvale","city":"Sunnyvale","county":"Santa Clara","centroid":[-122.00559333333332,37.34845833333333]},"geometry":{"type":"Polygon","coordinates":[[[-122.01418,37.35035],[-122.01404,37.35295],[-121.99633,37.35218],[-121.99564,37.34547],[-121.99922,37.34436],[-122.01415,37.34544],[-122.01418,37.35035]]]}},{"type":"Feature","properties":{"geoid":"06085508510","name":"Sunnyvale","city":"Sunnyvale","county":"Santa Clara","centroid":[-122.01873166666667,37.36231166666666]},"geometry":{"type":"Polygon","coordinates":[[[-122.0249,37.36173],[-122.02428,37.36354],[-122.01817,37.36232],[-122.01726,37.36667],[-122.01374,37.36666],[-122.01404,37.35295],[-122.0249,37.36173]]]}},{"type":"Feature","properties":{"geoid":"06085508206","name":"Birdland","city":"Sunnyvale","county":"Santa Clara","centroid":[-122.00547999999999,37.34239]},"geometry":{"type":"Polygon","coordinates":[[[-122.01417,37.34346],[-122.01415,37.34544],[-121.99922,37.34436],[-121.99564,37.34547],[-121.99554,37.33787],[-122.01416,37.33774],[-122.01417,37.34346]]]}},{"type":"Feature","properties":{"geoid":"06085512513","name":"Gilroy","city":"Gilroy","county":"Santa Clara","centroid":[-121.5822496,37.0236283]},"geometry":{"type":"Polygon","coordinates":[[[-121.5892,37.03722],[-121.58455,37.03823],[-121.57241,37.01463],[-121.577345,37.013281],[-121.586674,37.013505],[-121.58665,37.01689],[-121.57709,37.01926],[-121.581585,37.024382],[-121.58209,37.02833],[-121.584902,37.030555],[-121.5892,37.03722]]]}},{"type":"Feature","properties":{"geoid":"06085512512","name":"Glen Loma Ranch","city":"Gilroy","county":"Santa Clara","centroid":[-121.576068,37.001678500000004]},"geometry":{"type":"Polygon","coordinates":[[[-121.58426,36.99976],[-121.58191,37.00029],[-121.58185,37.00298],[-121.57229,37.00575],[-121.57161,37.00413],[-121.5692,37.00485],[-121.566958,36.999967],[-121.580466,36.995701],[-121.58426,36.99976]]]}},{"type":"Feature","properties":{"geoid":"06085512514","name":"Gilroy","city":"Gilroy","county":"Santa Clara","centroid":[-121.58314833333333,37.02484666666667]},"geometry":{"type":"Polygon","coordinates":[[[-121.58748,37.02973],[-121.58415,37.03078],[-121.58203,37.02821],[-121.58149,37.02421],[-121.57709,37.01926],[-121.58665,37.01689],[-121.58748,37.02973]]]}},{"type":"Feature","properties":{"geoid":"06085512516","name":"Gilroy","city":"Gilroy","county":"Santa Clara","centroid":[-121.61540483333333,37.01960316666667]},"geometry":{"type":"Polygon","coordinates":[[[-121.62843,37.01659],[-121.62803,37.01997],[-121.62293,37.02061],[-121.62208,37.02229],[-121.61943,37.02246],[-121.61387,37.0198],[-121.60885,37.02047],[-121.60931,37.02818],[-121.59808,37.02801],[-121.59962,37.01321],[-121.60794,37.01194],[-121.626288,37.011708],[-121.62843,37.01659]]]}},{"type":"Feature","properties":{"geoid":"06085508305","name":"Sunnyvale","city":"Sunnyvale","county":"Santa Clara","centroid":[-122.03606666666667,37.34008166666667]},"geometry":{"type":"Polygon","coordinates":[[[-122.04153,37.34243],[-122.03502,37.343],[-122.03355,37.33994],[-122.0324,37.33994],[-122.03239,37.33761],[-122.04151,37.33757],[-122.04153,37.34243]]]}},{"type":"Feature","properties":{"geoid":"06085504509","name":"Milpitas","city":"Milpitas","county":"Santa Clara","centroid":[-121.88802177777777,37.41764655555555]},"geometry":{"type":"Polygon","coordinates":[[[-121.903169,37.432002],[-121.888412,37.434834],[-121.883288,37.424756],[-121.880043,37.41384],[-121.882056,37.413152],[-121.880811,37.411522],[-121.888863,37.407575],[-121.894089,37.410174],[-121.891465,37.410964],[-121.903169,37.432002]]]}},{"type":"Feature","properties":{"geoid":"06085502704","name":"Vasona Junction","city":"San Jose","county":"Santa Clara","centroid":[-121.9423813076923,37.25615084615384]},"geometry":{"type":"Polygon","coordinates":[[[-121.95247,37.25321],[-121.94861,37.25786],[-121.943998,37.256372],[-121.943019,37.2582],[-121.940453,37.258215],[-121.940484,37.260223],[-121.935512,37.260249],[-121.935319,37.26221],[-121.931411,37.261742],[-121.931315,37.250544],[-121.948848,37.251093],[-121.948574,37.250234],[-121.950944,37.249809],[-121.95247,37.25321]]]}},{"type":"Feature","properties":{"geoid":"06085501602","name":"SoFA","city":"San Jose","county":"Santa Clara","centroid":[-121.87876700000001,37.328997]},"geometry":{"type":"Polygon","coordinates":[[[-121.884891,37.328588],[-121.875381,37.333102],[-121.871747,37.32822],[-121.883049,37.326078],[-121.884891,37.328588]]]}},{"type":"Feature","properties":{"geoid":"06085506505","name":"San Jose","city":"San Jose","county":"Santa Clara","centroid":[-121.95562466666667,37.2975085]},"geometry":{"type":"Polygon","coordinates":[[[-121.964285,37.301176],[-121.954468,37.301545],[-121.954448,37.296844],[-121.949917,37.296866],[-121.9498,37.29431],[-121.96083,37.29431],[-121.964285,37.301176]]]}},{"type":"Feature","properties":{"geoid":"06085504510","name":"Milpitas","city":"Milpitas","county":"Santa Clara","centroid":[-121.90056,37.419809400000005]},"geometry":{"type":"Polygon","coordinates":[[[-121.909008,37.43032],[-121.903169,37.432002],[-121.891465,37.410964],[-121.894089,37.410174],[-121.905069,37.415587],[-121.909008,37.43032]]]}},{"type":"Feature","properties":{"geoid":"06085508708","name":"Sunnyvale","city":"Sunnyvale","county":"Santa Clara","centroid":[-122.00278440000002,37.38297919999999]},"geometry":{"type":"Polygon","coordinates":[[[-122.01722,37.374572],[-122.013922,37.383649],[-122.01575,37.38509],[-122.01497,37.38878],[-121.99899,37.38824],[-121.99584,37.388646],[-121.99593,37.391065],[-121.986976,37.388448],[-121.987296,37.370442],[-122.00095,37.37086],[-122.01722,37.374572]]]}},{"type":"Feature","properties":{"geoid":"06085505902","name":"Santa Clara","city":"Santa Clara","county":"Santa Clara","centroid":[-121.95400285714285,37.33475685714286]},"geometry":{"type":"Polygon","coordinates":[[[-121.96007,37.33501],[-121.95535,37.34053],[-121.95139,37.34167],[-121.95019,37.33941],[-121.9502,37.327363],[-121.95543,37.326995],[-121.95539,37.33232],[-121.96007,37.33501]]]}},{"type":"Feature","properties":{"geoid":"06085503127","name":"Communications Hill","city":"San Jose","county":"Santa Clara","centroid":[-121.85455188888889,37.286152333333334]},"geometry":{"type":"Polygon","coordinates":[[[-121.872864,37.294715],[-121.871144,37.296703],[-121.866388,37.293913],[-121.846415,37.287146],[-121.843599,37.285925],[-121.837354,37.27989],[-121.841897,37.276928],[-121.846557,37.280346],[-121.864749,37.279805],[-121.872864,37.294715]]]}},{"type":"Feature","properties":{"geoid":"06085503126","name":"Communications Hill","city":"San Jose","county":"Santa Clara","centroid":[-121.86056775,37.2950535]},"geometry":{"type":"Polygon","coordinates":[[[-121.870997,37.296854],[-121.861287,37.303522],[-121.843599,37.285925],[-121.866388,37.293913],[-121.870997,37.296854]]]}},{"type":"Feature","properties":{"geoid":"06085503124","name":"Communications Hill","city":"San Jose","county":"Santa Clara","centroid":[-121.87410124999997,37.28435108333333]},"geometry":{"type":"Polygon","coordinates":[[[-121.881894,37.28865],[-121.880689,37.292242],[-121.87539,37.292772],[-121.872864,37.294715],[-121.865661,37.281842],[-121.862939,37.27445],[-121.876789,37.2757],[-121.877846,37.278496],[-121.871379,37.278153],[-121.873729,37.282847],[-121.873469,37.284759],[-121.876566,37.287587],[-121.881894,37.28865]]]}},{"type":"Feature","properties":{"geoid":"06085503125","name":"Communications Hill","city":"San Jose","county":"Santa Clara","centroid":[-121.87741466666665,37.28391366666667]},"geometry":{"type":"Polygon","coordinates":[[[-121.883217,37.28559],[-121.881894,37.28865],[-121.876566,37.287587],[-121.873586,37.285006],[-121.871379,37.278153],[-121.877846,37.278496],[-121.883217,37.28559]]]}},{"type":"Feature","properties":{"geoid":"06085512055","name":"Parkview","city":"San Jose","county":"Santa Clara","centroid":[-121.83523528571429,37.26986885714285]},"geometry":{"type":"Polygon","coordinates":[[[-121.841057,37.26897],[-121.839513,37.273011],[-121.831086,37.273821],[-121.82905,37.272403],[-121.833825,37.268902],[-121.831087,37.26598],[-121.841029,37.265995],[-121.841057,37.26897]]]}},{"type":"Feature","properties":{"geoid":"06085509002","name":"Sunnyvale","city":"Sunnyvale","county":"Santa Clara","centroid":[-122.01912214285714,37.39034685714285]},"geometry":{"type":"Polygon","coordinates":[[[-122.02579,37.38816],[-122.02485,37.3909],[-122.01997,37.38959],[-122.01765,37.3966],[-122.012805,37.395558],[-122.01569,37.38631],[-122.0171,37.38531],[-122.02579,37.38816]]]}},{"type":"Feature","properties":{"geoid":"06085509001","name":"Sunnyvale","city":"Sunnyvale","county":"Santa Clara","centroid":[-122.02444000000001,37.392363333333336]},"geometry":{"type":"Polygon","coordinates":[[[-122.03052,37.39007],[-122.02786,37.39886],[-122.01765,37.3966],[-122.01997,37.38959],[-122.02485,37.3909],[-122.02579,37.38816],[-122.03052,37.39007]]]}},{"type":"Feature","properties":{"geoid":"06085508306","name":"Sunnyvale","city":"Sunnyvale","county":"Santa Clara","centroid":[-122.036075,37.34499666666667]},"geometry":{"type":"Polygon","coordinates":[[[-122.04154,37.35207],[-122.03242,37.35204],[-122.0324,37.33994],[-122.03355,37.33994],[-122.03502,37.343],[-122.04152,37.34299],[-122.04154,37.35207]]]}},{"type":"Feature","properties":{"geoid":"06001428301","name":"Bay Farm Island","city":"Alameda","county":"Alameda","centroid":[-122.23890513333335,37.73766586666667]},"geometry":{"type":"Polygon","coordinates":[[[-122.260998,37.737834],[-122.25107,37.73786],[-122.239945,37.73553],[-122.235734,37.746901],[-122.236405,37.748549],[-122.225895,37.749694],[-122.223481,37.754702],[-122.223377,37.748036],[-122.2265,37.74808],[-122.226768,37.727657],[-122.228343,37.727729],[-122.236181,37.719851],[-122.247912,37.728375],[-122.256542,37.721242],[-122.264426,37.732948],[-122.260998,37.737834]]]}},{"type":"Feature","properties":{"geoid":"06001428302","name":"Bay Farm Island","city":"Alameda","county":"Alameda","centroid":[-122.24942171428572,37.742353]},"geometry":{"type":"Polygon","coordinates":[[[-122.261715,37.740582],[-122.260067,37.749206],[-122.236423,37.748558],[-122.235734,37.746901],[-122.239945,37.73553],[-122.25107,37.73786],[-122.260998,37.737834],[-122.261715,37.740582]]]}},{"type":"Feature","properties":{"geoid":"06001428400","name":"South Shore","city":"Alameda","county":"Alameda","centroid":[-122.25727018181819,37.751414090909094]},"geometry":{"type":"Polygon","coordinates":[[[-122.268754,37.738534],[-122.253787,37.76102],[-122.252881,37.762913],[-122.255755,37.764173],[-122.253994,37.766746],[-122.244241,37.762486],[-122.253354,37.749113],[-122.260067,37.749206],[-122.261715,37.740582],[-122.260998,37.737834],[-122.264426,37.732948],[-122.268754,37.738534]]]}},{"type":"Feature","properties":{"geoid":"06001430900","name":"Castro Valley","city":"Castro Valley","county":"Alameda","centroid":[-122.0824404,37.6972446]},"geometry":{"type":"Polygon","coordinates":[[[-122.091887,37.700444],[-122.074064,37.701822],[-122.073974,37.695616],[-122.082586,37.695442],[-122.089691,37.692899],[-122.091887,37.700444]]]}},{"type":"Feature","properties":{"geoid":"06075022803","name":"Mission","city":"San Francisco","county":"San Francisco","centroid":[-122.412084,37.7558365]},"geometry":{"type":"Polygon","coordinates":[[[-122.41672,37.757167],[-122.407754,37.757705],[-122.407449,37.754506],[-122.416413,37.753968],[-122.41672,37.757167]]]}},{"type":"Feature","properties":{"geoid":"06075047702","name":"Outer Richmond","city":"San Francisco","county":"San Francisco","centroid":[-122.48378875,37.7744605]},"geometry":{"type":"Polygon","coordinates":[[[-122.488741,37.776107],[-122.479106,37.776546],[-122.478837,37.772815],[-122.488471,37.772374],[-122.488741,37.776107]]]}},{"type":"Feature","properties":{"geoid":"06075035202","name":"Outer Sunset","city":"San Francisco","county":"San Francisco","centroid":[-122.50613550000001,37.761387]},"geometry":{"type":"Polygon","coordinates":[[[-122.50987,37.76409],[-122.502979,37.764344],[-122.502582,37.7587],[-122.509111,37.758414],[-122.50987,37.76409]]]}},{"type":"Feature","properties":{"geoid":"06075013300","name":"Presidio Heights","city":"San Francisco","county":"San Francisco","centroid":[-122.45258925,37.788677500000006]},"geometry":{"type":"Polygon","coordinates":[[[-122.459476,37.789711],[-122.4463,37.791879],[-122.445402,37.787438],[-122.459179,37.785682],[-122.459476,37.789711]]]}},{"type":"Feature","properties":{"geoid":"06075025403","name":"St. Mary's Park","city":"San Francisco","county":"San Francisco","centroid":[-122.42305871428572,37.73364985714285]},"geometry":{"type":"Polygon","coordinates":[[[-122.428573,37.735082],[-122.426722,37.736372],[-122.410418,37.734457],[-122.415939,37.732072],[-122.425563,37.731579],[-122.428038,37.732016],[-122.426158,37.733971],[-122.428573,37.735082]]]}},{"type":"Feature","properties":{"geoid":"06075022702","name":"Potrero Hill","city":"San Francisco","county":"San Francisco","centroid":[-122.39567125,37.762691249999996]},"geometry":{"type":"Polygon","coordinates":[[[-122.398703,37.765014],[-122.39351,37.765585],[-122.392256,37.760257],[-122.398216,37.759909],[-122.398703,37.765014]]]}},{"type":"Feature","properties":{"geoid":"06001431000","name":"Castro Valley","city":"Castro Valley","county":"Alameda","centroid":[-122.07435883333333,37.69325333333333]},"geometry":{"type":"Polygon","coordinates":[[[-122.093224,37.690844],[-122.081415,37.695597],[-122.073473,37.695551],[-122.065457,37.692921],[-122.062442,37.693508],[-122.070142,37.691099],[-122.093224,37.690844]]]}},{"type":"Feature","properties":{"geoid":"06001432100","name":"San Leandro","city":"San Leandro","county":"Alameda","centroid":[-122.14644799999999,37.735948428571426]},"geometry":{"type":"Polygon","coordinates":[[[-122.155015,37.739106],[-122.14767,37.741138],[-122.146051,37.742802],[-122.14071,37.737182],[-122.138977,37.730932],[-122.147977,37.731344],[-122.148736,37.729135],[-122.155015,37.739106]]]}},{"type":"Feature","properties":{"geoid":"06085503325","name":"Evergreen","city":"San Jose","county":"Santa Clara","centroid":[-121.78666328571428,37.31990642857143]},"geometry":{"type":"Polygon","coordinates":[[[-121.796957,37.324918],[-121.782141,37.324967],[-121.78181,37.322929],[-121.779117,37.320143],[-121.787911,37.317803],[-121.787183,37.314619],[-121.791524,37.313966],[-121.796957,37.324918]]]}},{"type":"Feature","properties":{"geoid":"06013303206","name":"Antioch","city":"Antioch","county":"Contra Costa","centroid":[-121.76404881249998,37.93988637499999]},"geometry":{"type":"Polygon","coordinates":[[[-121.778082,37.926341],[-121.777051,37.930079],[-121.777948,37.933612],[-121.773604,37.939254],[-121.774439,37.946573],[-121.772418,37.946387],[-121.770322,37.942428],[-121.765378,37.943176],[-121.763669,37.945792],[-121.759,37.94824],[-121.755749,37.946006],[-121.753364,37.946823],[-121.749617,37.945499],[-121.743199,37.947356],[-121.732829,37.925347],[-121.778112,37.925269],[-121.778082,37.926341]]]}},{"type":"Feature","properties":{"geoid":"06085503602","name":"Little Portugal","city":"San Jose","county":"Santa Clara","centroid":[-121.8521555,37.3445855]},"geometry":{"type":"Polygon","coordinates":[[[-121.861457,37.349891],[-121.855465,37.352735],[-121.843109,37.339904],[-121.848591,37.335812],[-121.861457,37.349891]]]}},{"type":"Feature","properties":{"geoid":"06085503703","name":"Little Portugal","city":"San Jose","county":"Santa Clara","centroid":[-121.83981639999999,37.3463256]},"geometry":{"type":"Polygon","coordinates":[[[-121.846326,37.343204],[-121.839202,37.349053],[-121.837798,37.352481],[-121.832647,37.346986],[-121.843109,37.339904],[-121.846326,37.343204]]]}},{"type":"Feature","properties":{"geoid":"06085503712","name":"Little Portugal","city":"San Jose","county":"Santa Clara","centroid":[-121.84666475,37.36202525]},"geometry":{"type":"Polygon","coordinates":[[[-121.852828,37.363433],[-121.846104,37.368075],[-121.840908,37.359656],[-121.846819,37.356937],[-121.852828,37.363433]]]}},{"type":"Feature","properties":{"geoid":"06001428000","name":"South Shore","city":"Alameda","county":"Alameda","centroid":[-122.24753325,37.76668175]},"geometry":{"type":"Polygon","coordinates":[[[-122.253956,37.766798],[-122.251144,37.77086],[-122.240792,37.766583],[-122.244241,37.762486],[-122.253956,37.766798]]]}},{"type":"Feature","properties":{"geoid":"06001428500","name":"South Shore","city":"Alameda","county":"Alameda","centroid":[-122.26177485714285,37.76092614285715]},"geometry":{"type":"Polygon","coordinates":[[[-122.264475,37.758975],[-122.261421,37.763845],[-122.263677,37.765421],[-122.263596,37.767431],[-122.252881,37.762913],[-122.259468,37.752594],[-122.266906,37.755304],[-122.264475,37.758975]]]}},{"type":"Feature","properties":{"geoid":"06001428600","name":"West End","city":"Alameda","county":"Alameda","centroid":[-122.2749708888889,37.76563322222223]},"geometry":{"type":"Polygon","coordinates":[[[-122.281514,37.76288],[-122.279931,37.768179],[-122.278489,37.768358],[-122.278362,37.771424],[-122.272877,37.771274],[-122.272973,37.769256],[-122.261421,37.763845],[-122.266906,37.755304],[-122.282265,37.760179],[-122.281514,37.76288]]]}},{"type":"Feature","properties":{"geoid":"06001430300","name":"Castro Valley","city":"Castro Valley","county":"Alameda","centroid":[-122.08704333333334,37.723145583333334]},"geometry":{"type":"Polygon","coordinates":[[[-122.096941,37.727907],[-122.095704,37.730326],[-122.088404,37.730213],[-122.085804,37.728788],[-122.085379,37.725238],[-122.079763,37.72483],[-122.073793,37.718748],[-122.074034,37.709604],[-122.088763,37.710251],[-122.089038,37.720325],[-122.092323,37.723388],[-122.094574,37.728129],[-122.096941,37.727907]]]}},{"type":"Feature","properties":{"geoid":"06001430400","name":"Unincorporated Alameda","city":"","county":"Alameda","centroid":[-122.10633361111111,37.722751944444454]},"geometry":{"type":"Polygon","coordinates":[[[-122.127244,37.729827],[-122.122926,37.729045],[-122.119964,37.732042],[-122.106553,37.722472],[-122.101126,37.729112],[-122.098816,37.727539],[-122.094574,37.728129],[-122.092323,37.723388],[-122.089038,37.720325],[-122.088649,37.710356],[-122.092589,37.70985],[-122.098791,37.713278],[-122.104695,37.714756],[-122.109414,37.719228],[-122.110039,37.721676],[-122.112732,37.72241],[-122.119069,37.72891],[-122.125463,37.727192],[-122.127244,37.729827]]]}},{"type":"Feature","properties":{"geoid":"06001430700","name":"Castro Valley","city":"Castro Valley","county":"Alameda","centroid":[-122.08390360000001,37.70622]},"geometry":{"type":"Polygon","coordinates":[[[-122.092494,37.709948],[-122.074034,37.709604],[-122.074064,37.701822],[-122.088165,37.701141],[-122.090761,37.708585],[-122.092494,37.709948]]]}},{"type":"Feature","properties":{"geoid":"06085503708","name":"Berryessa","city":"San Jose","county":"Santa Clara","centroid":[-121.85472975,37.369471749999995]},"geometry":{"type":"Polygon","coordinates":[[[-121.863251,37.37094],[-121.854757,37.376782],[-121.846104,37.368075],[-121.854807,37.36209],[-121.863251,37.37094]]]}},{"type":"Feature","properties":{"geoid":"06013304006","name":"Unincorporated Contra Costa","city":"","county":"Contra Costa","centroid":[-121.58165709999999,37.943333175]},"geometry":{"type":"Polygon","coordinates":[[[-121.641197,37.918826],[-121.640946,37.968818],[-121.620227,37.968856],[-121.620149,37.976706],[-121.594979,37.976506],[-121.594053,37.972475],[-121.58202,37.972654],[-121.57935,37.974294],[-121.579462,37.975982],[-121.574424,37.972477],[-121.573713,37.966434],[-121.565138,37.959849],[-121.565586,37.957785],[-121.573289,37.957319],[-121.575285,37.955613],[-121.573589,37.953756],[-121.563514,37.954745],[-121.568846,37.948452],[-121.568173,37.94455],[-121.56555,37.944168],[-121.560683,37.947579],[-121.557583,37.946496],[-121.563618,37.94344],[-121.56088,37.93988],[-121.561455,37.935885],[-121.557274,37.932247],[-121.558899,37.927926],[-121.556419,37.923302],[-121.558262,37.921381],[-121.565114,37.919173],[-121.565919,37.916099],[-121.571735,37.915668],[-121.577135,37.918393],[-121.58216,37.917518],[-121.590022,37.920919],[-121.59321,37.918031],[-121.60586,37.917368],[-121.605602,37.915867],[-121.61376,37.917931],[-121.641204,37.917959],[-121.641197,37.918826]]]}},{"type":"Feature","properties":{"geoid":"06013392202","name":"Bayview","city":"Bayview","county":"Contra Costa","centroid":[-122.32657635714284,38.00171535714286]},"geometry":{"type":"Polygon","coordinates":[[[-122.338558,37.995838],[-122.336119,37.996476],[-122.337141,37.998867],[-122.329025,38.000511],[-122.331237,38.006425],[-122.320297,38.015483],[-122.312916,38.015364],[-122.314386,38.004769],[-122.312938,38.005611],[-122.31188,38.004441],[-122.322932,37.999426],[-122.33179,37.991656],[-122.334901,37.994677],[-122.337949,37.994471],[-122.338558,37.995838]]]}},{"type":"Feature","properties":{"geoid":"06013392201","name":"Richmond","city":"Richmond","county":"Contra Costa","centroid":[-122.3573506875,37.99007625]},"geometry":{"type":"Polygon","coordinates":[[[-122.387826,37.978431],[-122.383715,37.980559],[-122.377306,37.980496],[-122.368277,37.991319],[-122.370978,37.995958],[-122.373352,38.008591],[-122.370812,38.014247],[-122.36783,38.016931],[-122.36363,38.017307],[-122.331023,38.003783],[-122.329025,38.000511],[-122.337141,37.998867],[-122.336119,37.996476],[-122.338558,37.995838],[-122.337949,37.994471],[-122.334901,37.994677],[-122.33179,37.991656],[-122.338327,37.981558],[-122.346711,37.981555],[-122.352953,37.979904],[-122.356387,37.967181],[-122.363696,37.968773],[-122.369405,37.967758],[-122.378503,37.968267],[-122.381839,37.972034],[-122.383021,37.97598],[-122.387826,37.978431]],[[-122.356652,37.992419],[-122.354944,37.992114],[-122.353172,37.98898],[-122.353526,37.992582],[-122.350303,37.995446],[-122.355551,37.997771],[-122.356652,37.992419]]]}},{"type":"Feature","properties":{"geoid":"06013303210","name":"Brentwood","city":"Brentwood","county":"Contra Costa","centroid":[-121.72079788888888,37.91425433333333]},"geometry":{"type":"Polygon","coordinates":[[[-121.732829,37.925347],[-121.710222,37.925466],[-121.714224,37.920599],[-121.715954,37.913371],[-121.714487,37.910069],[-121.716156,37.903782],[-121.720754,37.903674],[-121.730523,37.911314],[-121.732032,37.914667],[-121.732829,37.925347]]]}},{"type":"Feature","properties":{"geoid":"06013355121","name":"Gale Ranch","city":"San Ramon","county":"Contra Costa","centroid":[-121.91534519999999,37.786398999999996]},"geometry":{"type":"Polygon","coordinates":[[[-121.927577,37.789818],[-121.92547,37.792408],[-121.923709,37.791926],[-121.922997,37.792918],[-121.921534,37.799157],[-121.912922,37.798458],[-121.910658,37.794509],[-121.912754,37.788753],[-121.900635,37.788665],[-121.900663,37.781404],[-121.898485,37.781405],[-121.907834,37.768851],[-121.91727,37.773272],[-121.924984,37.77371],[-121.922686,37.780731],[-121.927577,37.789818]]]}},{"type":"Feature","properties":{"geoid":"06013355124","name":"Windemere","city":"San Ramon","county":"Contra Costa","centroid":[-121.89717855555556,37.75527811111111]},"geometry":{"type":"Polygon","coordinates":[[[-121.908675,37.753864],[-121.904062,37.763121],[-121.891702,37.762161],[-121.886483,37.759362],[-121.889677,37.753185],[-121.889801,37.749261],[-121.895611,37.749621],[-121.901746,37.754132],[-121.90685,37.752796],[-121.908675,37.753864]]]}},{"type":"Feature","properties":{"geoid":"06013345205","name":"California Chateau","city":"Danville","county":"Contra Costa","centroid":[-121.99062731818184,37.78849463636364]},"geometry":{"type":"Polygon","coordinates":[[[-122.000156,37.800576],[-121.988838,37.800956],[-121.990908,37.805657],[-121.992717,37.804646],[-121.994609,37.807546],[-121.99526,37.811362],[-121.992791,37.811391],[-121.988074,37.800479],[-121.972237,37.771516],[-121.976846,37.769917],[-121.980216,37.775116],[-121.989309,37.770548],[-121.992726,37.772695],[-121.995869,37.772654],[-121.997525,37.776401],[-121.990713,37.776687],[-121.989013,37.779477],[-121.994096,37.785275],[-121.994062,37.786357],[-121.991204,37.786435],[-121.993278,37.787544],[-121.993354,37.793647],[-122.000156,37.800576]]]}},{"type":"Feature","properties":{"geoid":"06013355126","name":"Windemere","city":"San Ramon","county":"Contra Costa","centroid":[-121.88218266666662,37.77027775]},"geometry":{"type":"Polygon","coordinates":[[[-121.902779,37.77608],[-121.895699,37.783402],[-121.890982,37.790453],[-121.886605,37.792956],[-121.886202,37.795659],[-121.883234,37.799295],[-121.872364,37.798452],[-121.866695,37.796274],[-121.864605,37.794177],[-121.861702,37.775838],[-121.866438,37.765128],[-121.86817,37.75601],[-121.871161,37.752684],[-121.871569,37.749456],[-121.875824,37.749352],[-121.882077,37.743343],[-121.886535,37.743343],[-121.889668,37.746148],[-121.889826,37.752617],[-121.886435,37.758696],[-121.887915,37.760788],[-121.887653,37.76437],[-121.898307,37.767616],[-121.899939,37.774529],[-121.902779,37.77608]]]}},{"type":"Feature","properties":{"geoid":"06001422500","name":"Northside","city":"Berkeley","county":"Alameda","centroid":[-122.26023525,37.87724675]},"geometry":{"type":"Polygon","coordinates":[[[-122.265752,37.878806],[-122.255083,37.880257],[-122.254723,37.875627],[-122.265383,37.874297],[-122.265752,37.878806]]]}},{"type":"Feature","properties":{"geoid":"06001422700","name":"Panoramic Hill","city":"Berkeley","county":"Alameda","centroid":[-122.24907620000002,37.868297]},"geometry":{"type":"Polygon","coordinates":[[[-122.254588,37.869321],[-122.246806,37.870414],[-122.245156,37.869737],[-122.244877,37.866276],[-122.253954,37.865737],[-122.254588,37.869321]]]}},{"type":"Feature","properties":{"geoid":"06001423000","name":"Central Berkeley","city":"Berkeley","county":"Alameda","centroid":[-122.2771235,37.8668555]},"geometry":{"type":"Polygon","coordinates":[[[-122.28204,37.870353],[-122.273067,37.871512],[-122.272161,37.863352],[-122.281226,37.862205],[-122.28204,37.870353]]]}},{"type":"Feature","properties":{"geoid":"06001423100","name":"Poets Corner","city":"Berkeley","county":"Alameda","centroid":[-122.28628575,37.865676]},"geometry":{"type":"Polygon","coordinates":[[[-122.292226,37.869042],[-122.28204,37.870353],[-122.281226,37.862205],[-122.289651,37.861104],[-122.292226,37.869042]]]}},{"type":"Feature","properties":{"geoid":"06001424002","name":"Harmon Tract","city":"Berkeley","county":"Alameda","centroid":[-122.28252616666668,37.85013]},"geometry":{"type":"Polygon","coordinates":[[[-122.286794,37.852178],[-122.279121,37.853287],[-122.277766,37.847525],[-122.281899,37.846975],[-122.283571,37.850642],[-122.286006,37.850173],[-122.286794,37.852178]]]}},{"type":"Feature","properties":{"geoid":"06075030202","name":"Inner Sunset","city":"San Francisco","county":"San Francisco","centroid":[-122.46732225,37.763095]},"geometry":{"type":"Polygon","coordinates":[[[-122.47073,37.765779],[-122.464312,37.766072],[-122.463912,37.760405],[-122.470335,37.760124],[-122.47073,37.765779]]]}},{"type":"Feature","properties":{"geoid":"06075026001","name":"Excelsior","city":"San Francisco","county":"San Francisco","centroid":[-122.43307240000001,37.7232252]},"geometry":{"type":"Polygon","coordinates":[[[-122.436468,37.722465],[-122.432447,37.727637],[-122.426912,37.725151],[-122.432385,37.719298],[-122.43715,37.721575],[-122.436468,37.722465]]]}},{"type":"Feature","properties":{"geoid":"06075026003","name":"Excelsior","city":"San Francisco","county":"San Francisco","centroid":[-122.42848925000001,37.71979875]},"geometry":{"type":"Polygon","coordinates":[[[-122.433555,37.717744],[-122.428837,37.723955],[-122.424342,37.721947],[-122.427223,37.715549],[-122.433555,37.717744]]]}},{"type":"Feature","properties":{"geoid":"06075026404","name":"Visitacion Valley","city":"San Francisco","county":"San Francisco","centroid":[-122.41600733333333,37.7098385]},"geometry":{"type":"Polygon","coordinates":[[[-122.420083,37.708311],[-122.419348,37.709947],[-122.416884,37.70995],[-122.416,37.711915],[-122.411349,37.710605],[-122.41238,37.708303],[-122.420083,37.708311]]]}},{"type":"Feature","properties":{"geoid":"06001426200","name":"Piedmont Avenue","city":"Piedmont","county":"Alameda","centroid":[-122.2403743333333,37.82455616666667]},"geometry":{"type":"Polygon","coordinates":[[[-122.249294,37.822909],[-122.24768,37.826241],[-122.24426,37.828317],[-122.24362,37.830032],[-122.237251,37.830836],[-122.235254,37.830534],[-122.231539,37.824413],[-122.236344,37.823185],[-122.238375,37.820974],[-122.236608,37.820221],[-122.23931,37.817841],[-122.244957,37.819171],[-122.249294,37.822909]]]}},{"type":"Feature","properties":{"geoid":"06001427100","name":"Fernside","city":"Alameda","county":"Alameda","centroid":[-122.23067000000002,37.7641785]},"geometry":{"type":"Polygon","coordinates":[[[-122.240739,37.766646],[-122.236488,37.771696],[-122.226583,37.766934],[-122.224213,37.762813],[-122.223481,37.754702],[-122.232516,37.76228],[-122.240739,37.766646]]]}},{"type":"Feature","properties":{"geoid":"06001427200","name":"Jingletown","city":"Alameda","county":"Alameda","centroid":[-122.24982263636366,37.77763627272727]},"geometry":{"type":"Polygon","coordinates":[[[-122.258959,37.774346],[-122.257832,37.776037],[-122.253547,37.775337],[-122.251634,37.778096],[-122.251281,37.779135],[-122.256889,37.785677],[-122.251332,37.786881],[-122.245759,37.783933],[-122.243536,37.776278],[-122.236488,37.771696],[-122.240792,37.766583],[-122.258959,37.774346]]]}},{"type":"Feature","properties":{"geoid":"06085503401","name":"Little Saigon","city":"San Jose","county":"Santa Clara","centroid":[-121.83901966666667,37.33130333333333]},"geometry":{"type":"Polygon","coordinates":[[[-121.848506,37.335862],[-121.843109,37.339904],[-121.831756,37.328287],[-121.833859,37.326883],[-121.836705,37.329635],[-121.840183,37.327249],[-121.848506,37.335862]]]}},{"type":"Feature","properties":{"geoid":"06013314106","name":"Bay Point","city":"Bay Point","county":"Contra Costa","centroid":[-121.93510825,38.02295425]},"geometry":{"type":"Polygon","coordinates":[[[-121.941939,38.026759],[-121.928366,38.026781],[-121.92824,38.019182],[-121.941888,38.019095],[-121.941939,38.026759]]]}},{"type":"Feature","properties":{"geoid":"06013302011","name":"Oakley","city":"Oakley","county":"Contra Costa","centroid":[-121.66891912500002,37.996661687499994]},"geometry":{"type":"Polygon","coordinates":[[[-121.696106,37.991526],[-121.695536,37.998117],[-121.691455,38.005521],[-121.68923,38.015098],[-121.684933,38.01586],[-121.684364,38.014321],[-121.678587,38.011032],[-121.667369,38.013214],[-121.6612,38.013111],[-121.659002,38.00834],[-121.659232,37.990651],[-121.640224,37.976159],[-121.620149,37.976706],[-121.62012,37.968989],[-121.677631,37.968842],[-121.677568,37.9791],[-121.696106,37.991526]]]}},{"type":"Feature","properties":{"geoid":"06013340003","name":"Hillsdale","city":"Walnut Creek","county":"Contra Costa","centroid":[-122.08677785714283,37.91665721428571]},"geometry":{"type":"Polygon","coordinates":[[[-122.100053,37.918557],[-122.094424,37.923704],[-122.086031,37.926122],[-122.078273,37.926281],[-122.078609,37.913924],[-122.079908,37.913021],[-122.081641,37.914962],[-122.080026,37.91719],[-122.081506,37.918924],[-122.087836,37.914348],[-122.084546,37.912652],[-122.084549,37.910522],[-122.099055,37.910208],[-122.098433,37.912786],[-122.100053,37.918557]]]}},{"type":"Feature","properties":{"geoid":"06013355307","name":"Unincorporated Contra Costa","city":"","county":"Contra Costa","centroid":[-121.92691608695652,37.95741847826088]},"geometry":{"type":"Polygon","coordinates":[[[-121.954671,37.954071],[-121.941735,37.962654],[-121.93014,37.962036],[-121.925132,37.968629],[-121.915683,37.974323],[-121.910579,37.974907],[-121.910426,37.969797],[-121.91298,37.967551],[-121.914428,37.962678],[-121.921542,37.96034],[-121.923722,37.960706],[-121.926092,37.958458],[-121.924779,37.958065],[-121.924582,37.955496],[-121.914617,37.955142],[-121.914464,37.942992],[-121.922809,37.944399],[-121.92745,37.943076],[-121.928394,37.941313],[-121.934315,37.948033],[-121.938877,37.950507],[-121.948554,37.95118],[-121.953099,37.954272],[-121.954671,37.954071]]]}},{"type":"Feature","properties":{"geoid":"06013355120","name":"Antioch","city":"Antioch","county":"Contra Costa","centroid":[-121.787830125,37.96275725]},"geometry":{"type":"Polygon","coordinates":[[[-121.79748,37.962967],[-121.796528,37.971439],[-121.780308,37.965909],[-121.780902,37.964021],[-121.777927,37.957618],[-121.783864,37.958817],[-121.78889,37.961512],[-121.796742,37.959775],[-121.79748,37.962967]]]}},{"type":"Feature","properties":{"geoid":"06013313106","name":"Unincorporated Contra Costa","city":"","county":"Contra Costa","centroid":[-121.87791437142857,37.984716600000006]},"geometry":{"type":"Polygon","coordinates":[[[-121.898882,37.982917],[-121.895875,37.99078],[-121.897303,37.995079],[-121.896586,37.998075],[-121.888889,37.997959],[-121.891677,37.996461],[-121.891609,37.992594],[-121.890081,37.991154],[-121.888687,37.991749],[-121.88767,37.99558],[-121.885916,37.995008],[-121.883373,37.997265],[-121.882676,37.996763],[-121.88457,37.994093],[-121.887416,37.991723],[-121.87727,37.990845],[-121.873181,37.991679],[-121.87077,37.994165],[-121.870774,37.996196],[-121.875514,37.995983],[-121.875061,37.997973],[-121.850749,37.997984],[-121.847483,37.995041],[-121.851309,37.991644],[-121.855455,37.981337],[-121.861776,37.976072],[-121.86362,37.96835],[-121.862971,37.959146],[-121.865683,37.956051],[-121.86934,37.956441],[-121.869518,37.95764],[-121.874444,37.956103],[-121.882539,37.958384],[-121.884152,37.964836],[-121.894184,37.972011],[-121.898882,37.982917]]]}},{"type":"Feature","properties":{"geoid":"06013355119","name":"Antioch","city":"Antioch","county":"Contra Costa","centroid":[-121.80434714814815,37.940775814814806]},"geometry":{"type":"Polygon","coordinates":[[[-121.837928,37.942248],[-121.83389,37.946403],[-121.821303,37.952334],[-121.822347,37.953755],[-121.805389,37.953874],[-121.805221,37.95547],[-121.807252,37.957181],[-121.806079,37.958479],[-121.789025,37.961522],[-121.783864,37.958817],[-121.777927,37.957618],[-121.778154,37.949113],[-121.773785,37.945686],[-121.773562,37.93963],[-121.777992,37.933453],[-121.777064,37.929775],[-121.778706,37.917962],[-121.787233,37.917972],[-121.796417,37.923982],[-121.803803,37.925642],[-121.813135,37.924916],[-121.817862,37.926166],[-121.824561,37.929769],[-121.826531,37.932872],[-121.830587,37.932955],[-121.831057,37.934974],[-121.836699,37.938379],[-121.837928,37.942248]]]}},{"type":"Feature","properties":{"geoid":"06013303207","name":"Sterling Pinnacle","city":"Antioch","county":"Contra Costa","centroid":[-121.76347529411765,37.95226270588235]},"geometry":{"type":"Polygon","coordinates":[[[-121.780952,37.964467],[-121.780308,37.965909],[-121.763228,37.961733],[-121.742744,37.961506],[-121.744396,37.956738],[-121.743199,37.947356],[-121.749617,37.945499],[-121.753364,37.946823],[-121.755749,37.946006],[-121.759,37.94824],[-121.763669,37.945792],[-121.765378,37.943176],[-121.770565,37.942423],[-121.772418,37.946387],[-121.778065,37.948878],[-121.777564,37.956069],[-121.778864,37.961464],[-121.780952,37.964467]]]}},{"type":"Feature","properties":{"geoid":"06075045100","name":"Inner Richmond","city":"San Francisco","county":"San Francisco","centroid":[-122.4613205,37.777587]},"geometry":{"type":"Polygon","coordinates":[[[-122.464284,37.781089],[-122.458878,37.781326],[-122.458371,37.774309],[-122.463749,37.773624],[-122.464284,37.781089]]]}},{"type":"Feature","properties":{"geoid":"06013302014","name":"Oakley","city":"Oakley","county":"Contra Costa","centroid":[-121.7245936,37.97804659999999]},"geometry":{"type":"Polygon","coordinates":[[[-121.732474,37.971375],[-121.732281,37.990543],[-121.713935,37.990535],[-121.714094,37.96898],[-121.730184,37.9688],[-121.732474,37.971375]]]}},{"type":"Feature","properties":{"geoid":"06013303104","name":"Brentwood","city":"Brentwood","county":"Contra Costa","centroid":[-121.71114316666666,37.96483183333333]},"geometry":{"type":"Polygon","coordinates":[[[-121.729756,37.968793],[-121.714094,37.96898],[-121.714118,37.971467],[-121.696001,37.97133],[-121.696168,37.954277],[-121.716722,37.954144],[-121.729756,37.968793]]]}},{"type":"Feature","properties":{"geoid":"06013303106","name":"Unincorporated Contra Costa","city":"","county":"Contra Costa","centroid":[-121.67074985714285,37.931673428571436]},"geometry":{"type":"Polygon","coordinates":[[[-121.696227,37.939984],[-121.696026,37.968852],[-121.640946,37.968818],[-121.641347,37.896454],[-121.664811,37.896494],[-121.678002,37.91114],[-121.67789,37.939972],[-121.696227,37.939984]]]}},{"type":"Feature","properties":{"geoid":"06075025401","name":"St. Mary's Park","city":"San Francisco","county":"San Francisco","centroid":[-122.42093260000001,37.7374352]},"geometry":{"type":"Polygon","coordinates":[[[-122.426659,37.736418],[-122.422841,37.741027],[-122.415801,37.738949],[-122.41676,37.735605],[-122.422602,37.735177],[-122.426659,37.736418]]]}},{"type":"Feature","properties":{"geoid":"06075060502","name":"Visitacion Valley","city":"San Francisco","county":"San Francisco","centroid":[-122.42149355555557,37.71056688888889]},"geometry":{"type":"Polygon","coordinates":[[[-122.427559,37.71178],[-122.422962,37.710835],[-122.423754,37.714075],[-122.415635,37.712733],[-122.416884,37.70995],[-122.419348,37.709947],[-122.420082,37.708231],[-122.42389,37.708236],[-122.423328,37.709315],[-122.427559,37.71178]]]}},{"type":"Feature","properties":{"geoid":"06075016500","name":"Haight-Ashbury","city":"San Francisco","county":"San Francisco","centroid":[-122.44779399999999,37.77418874999999]},"geometry":{"type":"Polygon","coordinates":[[[-122.454683,37.774755],[-122.441488,37.776435],[-122.440922,37.773635],[-122.454083,37.77193],[-122.454683,37.774755]]]}},{"type":"Feature","properties":{"geoid":"06075015300","name":"Western Addition","city":"San Francisco","county":"San Francisco","centroid":[-122.439335,37.786761750000004]},"geometry":{"type":"Polygon","coordinates":[[[-122.443753,37.787647],[-122.435486,37.788697],[-122.434918,37.785876],[-122.443183,37.784827],[-122.443753,37.787647]]]}},{"type":"Feature","properties":{"geoid":"06075013500","name":"Pacific Heights","city":"San Francisco","county":"San Francisco","centroid":[-122.43255500000001,37.790898]},"geometry":{"type":"Polygon","coordinates":[[[-122.436204,37.792263],[-122.429625,37.793098],[-122.428905,37.789534],[-122.435486,37.788697],[-122.436204,37.792263]]]}},{"type":"Feature","properties":{"geoid":"06075013200","name":"Pacific Heights","city":"San Francisco","county":"San Francisco","centroid":[-122.43816325,37.79366425]},"geometry":{"type":"Polygon","coordinates":[[[-122.446728,37.794706],[-122.430183,37.795854],[-122.429625,37.793098],[-122.446117,37.790999],[-122.446728,37.794706]]]}},{"type":"Feature","properties":{"geoid":"06075023103","name":"Hunters Point","city":"San Francisco","county":"San Francisco","centroid":[-122.37844283333334,37.734472333333336]},"geometry":{"type":"Polygon","coordinates":[[[-122.384047,37.737514],[-122.381808,37.737141],[-122.380887,37.738828],[-122.37911,37.73768],[-122.372762,37.745505],[-122.365822,37.737123],[-122.373766,37.728005],[-122.378278,37.728964],[-122.379697,37.727618],[-122.383431,37.729738],[-122.379346,37.731837],[-122.38236,37.733715],[-122.384047,37.737514]]]}},{"type":"Feature","properties":{"geoid":"06075022801","name":"Mission","city":"San Francisco","county":"San Francisco","centroid":[-122.4125575,37.76071775]},"geometry":{"type":"Polygon","coordinates":[[[-122.417332,37.763572],[-122.408424,37.764427],[-122.407754,37.757705],[-122.41672,37.757167],[-122.417332,37.763572]]]}},{"type":"Feature","properties":{"geoid":"06075018000","name":"West SoMa","city":"San Francisco","county":"San Francisco","centroid":[-122.40367341666668,37.77350525]},"geometry":{"type":"Polygon","coordinates":[[[-122.411841,37.771135],[-122.397386,37.782554],[-122.39275,37.778852],[-122.397206,37.775332],[-122.398755,37.776568],[-122.400982,37.774809],[-122.399616,37.773429],[-122.404391,37.76975],[-122.408007,37.769244],[-122.409736,37.770349],[-122.410931,37.769411],[-122.41248,37.77063],[-122.411841,37.771135]]]}},{"type":"Feature","properties":{"geoid":"06085503402","name":"Meadowfair","city":"San Jose","county":"Santa Clara","centroid":[-121.83331916666667,37.325512833333335]},"geometry":{"type":"Polygon","coordinates":[[[-121.839939,37.327444],[-121.836705,37.329635],[-121.833859,37.326883],[-121.831756,37.328287],[-121.825893,37.322371],[-121.831763,37.318457],[-121.839939,37.327444]]]}},{"type":"Feature","properties":{"geoid":"06085503507","name":"Little Saigon","city":"San Jose","county":"Santa Clara","centroid":[-121.8319405,37.34018625]},"geometry":{"type":"Polygon","coordinates":[[[-121.837564,37.343655],[-121.834837,37.3455],[-121.826323,37.336712],[-121.829038,37.334878],[-121.837564,37.343655]]]}},{"type":"Feature","properties":{"geoid":"06085508004","name":"Rancho Rinconada","city":"Cupertino","county":"Santa Clara","centroid":[-122.00145774999999,37.31655825]},"geometry":{"type":"Polygon","coordinates":[[[-122.0077,37.31077],[-122.00649,37.32295],[-121.995691,37.32294],[-121.99595,37.309573],[-122.0077,37.31077]]]}},{"type":"Feature","properties":{"geoid":"06001427300","name":"Gold Coast","city":"Alameda","county":"Alameda","centroid":[-122.26313511111113,37.78101799999999]},"geometry":{"type":"Polygon","coordinates":[[[-122.276792,37.775223],[-122.276671,37.788014],[-122.274709,37.791511],[-122.260056,37.784489],[-122.256889,37.785677],[-122.251281,37.779135],[-122.255021,37.774806],[-122.257832,37.776037],[-122.258965,37.77427],[-122.276792,37.775223]]]}},{"type":"Feature","properties":{"geoid":"06085504411","name":"San Jose","city":"San Jose","county":"Santa Clara","centroid":[-121.8633002,37.417103]},"geometry":{"type":"Polygon","coordinates":[[[-121.875045,37.416007],[-121.860033,37.422487],[-121.857011,37.420884],[-121.854145,37.417013],[-121.870267,37.409124],[-121.875045,37.416007]]]}},{"type":"Feature","properties":{"geoid":"06085503322","name":"Unincorporated Santa Clara","city":"","county":"Santa Clara","centroid":[-121.79628457142859,37.34265785714286]},"geometry":{"type":"Polygon","coordinates":[[[-121.808585,37.344549],[-121.802402,37.347693],[-121.796091,37.343429],[-121.790636,37.346218],[-121.790458,37.342485],[-121.785202,37.338684],[-121.800618,37.335547],[-121.808585,37.344549]]]}},{"type":"Feature","properties":{"geoid":"06075010300","name":"Russian Hill","city":"San Francisco","county":"San Francisco","centroid":[-122.41528175,37.801421]},"geometry":{"type":"Polygon","coordinates":[[[-122.418718,37.805932],[-122.412908,37.802184],[-122.412283,37.799096],[-122.417218,37.798472],[-122.418718,37.805932]]]}},{"type":"Feature","properties":{"geoid":"06075010500","name":"Financial","city":"San Francisco","county":"San Francisco","centroid":[-122.39815740000002,37.7984387]},"geometry":{"type":"Polygon","coordinates":[[[-122.405174,37.804763],[-122.398482,37.807228],[-122.388981,37.796628],[-122.393181,37.79323],[-122.394748,37.79448],[-122.396315,37.793337],[-122.396586,37.794588],[-122.400149,37.794134],[-122.40316,37.803098],[-122.404798,37.802901],[-122.405174,37.804763]]]}},{"type":"Feature","properties":{"geoid":"06075010600","name":"Telegraph Hill","city":"San Francisco","county":"San Francisco","centroid":[-122.40547600000001,37.7993065]},"geometry":{"type":"Polygon","coordinates":[[[-122.411019,37.80117],[-122.406217,37.801748],[-122.405645,37.798969],[-122.402421,37.799382],[-122.402041,37.797505],[-122.405513,37.797065],[-122.411019,37.80117]]]}},{"type":"Feature","properties":{"geoid":"06075010800","name":"Nob Hill","city":"San Francisco","county":"San Francisco","centroid":[-122.41428925,37.79649675]},"geometry":{"type":"Polygon","coordinates":[[[-122.417218,37.798472],[-122.412283,37.799096],[-122.411364,37.794527],[-122.416292,37.793892],[-122.417218,37.798472]]]}},{"type":"Feature","properties":{"geoid":"06075011200","name":"Nob Hill","city":"San Francisco","county":"San Francisco","centroid":[-122.41273375,37.7929695]},"geometry":{"type":"Polygon","coordinates":[[[-122.416292,37.793892],[-122.409722,37.794737],[-122.409171,37.792043],[-122.41575,37.791206],[-122.416292,37.793892]]]}},{"type":"Feature","properties":{"geoid":"06075011300","name":"Chinatown","city":"San Francisco","county":"San Francisco","centroid":[-122.40965716666669,37.79442516666666]},"geometry":{"type":"Polygon","coordinates":[[[-122.411719,37.796291],[-122.408431,37.796704],[-122.407536,37.792249],[-122.409171,37.792043],[-122.409722,37.794737],[-122.411364,37.794527],[-122.411719,37.796291]]]}},{"type":"Feature","properties":{"geoid":"06075011700","name":"Chinatown","city":"San Francisco","county":"San Francisco","centroid":[-122.40410675,37.7914385]},"geometry":{"type":"Polygon","coordinates":[[[-122.408786,37.79016],[-122.407149,37.790366],[-122.407536,37.792249],[-122.404418,37.792639],[-122.404613,37.793565],[-122.396586,37.794588],[-122.396315,37.793337],[-122.407451,37.784604],[-122.408786,37.79016]]]}},{"type":"Feature","properties":{"geoid":"06075011800","name":"Chinatown","city":"San Francisco","county":"San Francisco","centroid":[-122.40616325,37.79335025]},"geometry":{"type":"Polygon","coordinates":[[[-122.407903,37.79406],[-122.404796,37.794453],[-122.404418,37.792639],[-122.407536,37.792249],[-122.407903,37.79406]]]}},{"type":"Feature","properties":{"geoid":"06085503508","name":"San Jose","city":"San Jose","county":"Santa Clara","centroid":[-121.81018880000002,37.3548844]},"geometry":{"type":"Polygon","coordinates":[[[-121.819147,37.356142],[-121.812175,37.360885],[-121.804028,37.355428],[-121.803965,37.354078],[-121.811629,37.347889],[-121.819147,37.356142]]]}},{"type":"Feature","properties":{"geoid":"06001423300","name":"San Pablo Park","city":"Berkeley","county":"Alameda","centroid":[-122.284198,37.8571935]},"geometry":{"type":"Polygon","coordinates":[[[-122.289651,37.861104],[-122.281226,37.862205],[-122.279121,37.853287],[-122.286794,37.852178],[-122.289651,37.861104]]]}},{"type":"Feature","properties":{"geoid":"06085503709","name":"Little Portugal","city":"San Jose","county":"Santa Clara","centroid":[-121.86202175000001,37.364462]},"geometry":{"type":"Polygon","coordinates":[[[-121.869331,37.36683],[-121.863251,37.37094],[-121.854807,37.36209],[-121.860698,37.357988],[-121.869331,37.36683]]]}},{"type":"Feature","properties":{"geoid":"06085503804","name":"Berryessa","city":"San Jose","county":"Santa Clara","centroid":[-121.84468075000001,37.37594875]},"geometry":{"type":"Polygon","coordinates":[[[-121.854757,37.376782],[-121.842253,37.383828],[-121.835609,37.37511],[-121.846104,37.368075],[-121.854757,37.376782]]]}},{"type":"Feature","properties":{"geoid":"06085503212","name":"Meadowfair","city":"San Jose","county":"Santa Clara","centroid":[-121.83270949999999,37.3053414]},"geometry":{"type":"Polygon","coordinates":[[[-121.843983,37.31036],[-121.840863,37.312371],[-121.832393,37.305311],[-121.824692,37.311164],[-121.816774,37.302981],[-121.824578,37.298469],[-121.829533,37.299332],[-121.836914,37.30176],[-121.838751,37.30405],[-121.838614,37.307616],[-121.843983,37.31036]]]}},{"type":"Feature","properties":{"geoid":"06085503213","name":"Seven Trees","city":"San Jose","county":"Santa Clara","centroid":[-121.83789437499999,37.303944125]},"geometry":{"type":"Polygon","coordinates":[[[-121.847654,37.307959],[-121.843983,37.31036],[-121.839688,37.308605],[-121.838373,37.306929],[-121.838751,37.30405],[-121.836914,37.30176],[-121.824578,37.298469],[-121.833214,37.293421],[-121.847654,37.307959]]]}},{"type":"Feature","properties":{"geoid":"06085503217","name":"Seven Trees","city":"San Jose","county":"Santa Clara","centroid":[-121.83127875000001,37.287533]},"geometry":{"type":"Polygon","coordinates":[[[-121.834287,37.290397],[-121.833214,37.293421],[-121.823476,37.282388],[-121.834138,37.283926],[-121.834287,37.290397]]]}},{"type":"Feature","properties":{"geoid":"06085504001","name":"San Jose","city":"San Jose","county":"Santa Clara","centroid":[-121.8273145,37.3587635]},"geometry":{"type":"Polygon","coordinates":[[[-121.835177,37.362342],[-121.827928,37.365737],[-121.819147,37.356142],[-121.827006,37.350833],[-121.835177,37.362342]]]}},{"type":"Feature","properties":{"geoid":"06085504002","name":"Little Portugal","city":"San Jose","county":"Santa Clara","centroid":[-121.834685,37.354471000000004]},"geometry":{"type":"Polygon","coordinates":[[[-121.840782,37.359721],[-121.835192,37.362334],[-121.827006,37.350833],[-121.832647,37.346986],[-121.837798,37.352481],[-121.840782,37.359721]]]}},{"type":"Feature","properties":{"geoid":"06085504101","name":"Alum Rock","city":"Alum Rock","county":"Santa Clara","centroid":[-121.82119775,37.368752]},"geometry":{"type":"Polygon","coordinates":[[[-121.827928,37.365737],[-121.821254,37.375661],[-121.810882,37.371362],[-121.824727,37.362248],[-121.827928,37.365737]]]}},{"type":"Feature","properties":{"geoid":"06085503218","name":"Seven Trees","city":"San Jose","county":"Santa Clara","centroid":[-121.8308814,37.2804444]},"geometry":{"type":"Polygon","coordinates":[[[-121.837302,37.279923],[-121.834138,37.283926],[-121.823476,37.282388],[-121.824251,37.278162],[-121.83524,37.277823],[-121.837302,37.279923]]]}},{"type":"Feature","properties":{"geoid":"06085503304","name":"Meadowfair","city":"San Jose","county":"Santa Clara","centroid":[-121.82131799999999,37.31273075]},"geometry":{"type":"Polygon","coordinates":[[[-121.831763,37.318457],[-121.825893,37.322371],[-121.810842,37.307114],[-121.816774,37.302981],[-121.831763,37.318457]]]}},{"type":"Feature","properties":{"geoid":"06085503305","name":"Meadowfair","city":"San Jose","county":"Santa Clara","centroid":[-121.81257766666666,37.31730533333333]},"geometry":{"type":"Polygon","coordinates":[[[-121.825893,37.322371],[-121.812756,37.331249],[-121.808217,37.322704],[-121.807918,37.31225],[-121.809847,37.308128],[-121.810835,37.30713],[-121.825893,37.322371]]]}},{"type":"Feature","properties":{"geoid":"06085503306","name":"Meadowfair","city":"San Jose","county":"Santa Clara","centroid":[-121.823741,37.33196233333333]},"geometry":{"type":"Polygon","coordinates":[[[-121.83159,37.328399],[-121.82405,37.333509],[-121.828103,37.335508],[-121.820054,37.340738],[-121.812756,37.331249],[-121.825893,37.322371],[-121.83159,37.328399]]]}},{"type":"Feature","properties":{"geoid":"06085504102","name":"San Jose","city":"San Jose","county":"Santa Clara","centroid":[-121.81274357142858,37.363781]},"geometry":{"type":"Polygon","coordinates":[[[-121.824685,37.362339],[-121.810882,37.371362],[-121.804738,37.367545],[-121.806538,37.364713],[-121.81104,37.363481],[-121.812175,37.360885],[-121.819147,37.356142],[-121.824685,37.362339]]]}},{"type":"Feature","properties":{"geoid":"06085503313","name":"San Jose","city":"San Jose","county":"Santa Clara","centroid":[-121.77410309090907,37.33165754545455]},"geometry":{"type":"Polygon","coordinates":[[[-121.785202,37.338684],[-121.780196,37.339188],[-121.772801,37.334091],[-121.771788,37.331855],[-121.769879,37.332415],[-121.76875,37.330763],[-121.765186,37.332741],[-121.766301,37.327816],[-121.770599,37.325765],[-121.782141,37.324967],[-121.782291,37.329948],[-121.785202,37.338684]]]}},{"type":"Feature","properties":{"geoid":"06085503315","name":"Meadowfair","city":"San Jose","county":"Santa Clara","centroid":[-121.80113000000001,37.319949199999996]},"geometry":{"type":"Polygon","coordinates":[[[-121.808441,37.323855],[-121.800659,37.325574],[-121.796957,37.324918],[-121.791524,37.313966],[-121.808069,37.311433],[-121.808441,37.323855]]]}},{"type":"Feature","properties":{"geoid":"06075012700","name":"Marina","city":"San Francisco","county":"San Francisco","centroid":[-122.44437466666669,37.80532133333334]},"geometry":{"type":"Polygon","coordinates":[[[-122.449584,37.803153],[-122.448241,37.804478],[-122.448682,37.808628],[-122.443082,37.809728],[-122.439551,37.808883],[-122.439238,37.806919],[-122.442351,37.806523],[-122.441177,37.80019],[-122.447466,37.79939],[-122.449584,37.803153]]]}},{"type":"Feature","properties":{"geoid":"06075015500","name":"Western Addition","city":"San Francisco","county":"San Francisco","centroid":[-122.433936,37.7850865]},"geometry":{"type":"Polygon","coordinates":[[[-122.443183,37.784827],[-122.425047,37.78713],[-122.424704,37.785418],[-122.44281,37.782971],[-122.443183,37.784827]]]}},{"type":"Feature","properties":{"geoid":"06075015600","name":"Inner Richmond","city":"San Francisco","county":"San Francisco","centroid":[-122.45578666666665,37.77791116666666]},"geometry":{"type":"Polygon","coordinates":[[[-122.458878,37.781326],[-122.454186,37.781651],[-122.453385,37.777827],[-122.455217,37.777599],[-122.454683,37.774755],[-122.458371,37.774309],[-122.458878,37.781326]]]}},{"type":"Feature","properties":{"geoid":"06001436602","name":"Hayward","city":"Hayward","county":"Alameda","centroid":[-122.084813,37.65289525]},"geometry":{"type":"Polygon","coordinates":[[[-122.092557,37.647197],[-122.086718,37.658182],[-122.083105,37.656787],[-122.076872,37.649415],[-122.092557,37.647197]]]}},{"type":"Feature","properties":{"geoid":"06013355310","name":"Clayton Valley Highlands","city":"Concord","county":"Contra Costa","centroid":[-121.9593015,37.945832]},"geometry":{"type":"Polygon","coordinates":[[[-121.969594,37.945526],[-121.965074,37.946424],[-121.957343,37.952109],[-121.950235,37.948326],[-121.949623,37.941235],[-121.96394,37.941372],[-121.969594,37.945526]]]}},{"type":"Feature","properties":{"geoid":"06013355309","name":"Concord","city":"Concord","county":"Contra Costa","centroid":[-121.97447316666666,37.93421438888889]},"geometry":{"type":"Polygon","coordinates":[[[-121.996886,37.942731],[-121.995104,37.94553],[-121.992138,37.947191],[-121.979102,37.948268],[-121.969384,37.946021],[-121.963831,37.941349],[-121.941932,37.941249],[-121.94191,37.933997],[-121.957025,37.934072],[-121.958278,37.930964],[-121.969708,37.924287],[-121.977157,37.916105],[-121.978982,37.917549],[-121.978863,37.921462],[-121.985123,37.927756],[-121.983674,37.929776],[-121.986108,37.933209],[-121.985312,37.934343],[-121.996886,37.942731]]]}},{"type":"Feature","properties":{"geoid":"06001440304","name":"Contempo","city":"Union","county":"Alameda","centroid":[-122.07555899999998,37.589191142857146]},"geometry":{"type":"Polygon","coordinates":[[[-122.081197,37.587958],[-122.081177,37.591604],[-122.074998,37.592421],[-122.072253,37.591093],[-122.069993,37.592375],[-122.068734,37.591103],[-122.080561,37.577784],[-122.081197,37.587958]]]}},{"type":"Feature","properties":{"geoid":"06085503323","name":"San Jose","city":"San Jose","county":"Santa Clara","centroid":[-121.791731,37.33365875]},"geometry":{"type":"Polygon","coordinates":[[[-121.800574,37.335554],[-121.785202,37.338684],[-121.782847,37.33173],[-121.798301,37.328667],[-121.800574,37.335554]]]}},{"type":"Feature","properties":{"geoid":"06075012100","name":"Lower Nob Hill","city":"San Francisco","county":"San Francisco","centroid":[-122.41188875,37.78880675]},"geometry":{"type":"Polygon","coordinates":[[[-122.415372,37.78932],[-122.408786,37.79016],[-122.408402,37.788293],[-122.414995,37.787454],[-122.415372,37.78932]]]}},{"type":"Feature","properties":{"geoid":"06075015100","name":"Western Addition","city":"San Francisco","county":"San Francisco","centroid":[-122.42349250000001,37.7875865]},"geometry":{"type":"Polygon","coordinates":[[[-122.425616,37.789952],[-122.42242,37.790358],[-122.421256,37.784745],[-122.424678,37.785291],[-122.425616,37.789952]]]}},{"type":"Feature","properties":{"geoid":"06085503321","name":"Meadowfair","city":"San Jose","county":"Santa Clara","centroid":[-121.80500450000001,37.33153866666667]},"geometry":{"type":"Polygon","coordinates":[[[-121.817439,37.337819],[-121.805913,37.341519],[-121.800618,37.335547],[-121.796957,37.324918],[-121.800659,37.325574],[-121.808441,37.323855],[-121.817439,37.337819]]]}},{"type":"Feature","properties":{"geoid":"06085504311","name":"San Jose","city":"San Jose","county":"Santa Clara","centroid":[-121.887939125,37.37769337500001]},"geometry":{"type":"Polygon","coordinates":[[[-121.89586,37.382745],[-121.893272,37.383031],[-121.886054,37.387353],[-121.873062,37.373791],[-121.880897,37.368085],[-121.887111,37.371483],[-121.891664,37.377378],[-121.895593,37.377681],[-121.89586,37.382745]]]}},{"type":"Feature","properties":{"geoid":"06085504314","name":"Berryessa","city":"San Jose","county":"Santa Clara","centroid":[-121.85322442857145,37.40348828571428]},"geometry":{"type":"Polygon","coordinates":[[[-121.864273,37.401122],[-121.857327,37.406327],[-121.848481,37.409935],[-121.8464,37.407565],[-121.849752,37.405577],[-121.846925,37.399793],[-121.859413,37.394099],[-121.864273,37.401122]]]}},{"type":"Feature","properties":{"geoid":"06085504315","name":"Berryessa","city":"San Jose","county":"Santa Clara","centroid":[-121.8589162,37.408691]},"geometry":{"type":"Polygon","coordinates":[[[-121.870267,37.409124],[-121.854145,37.417013],[-121.848481,37.409935],[-121.857327,37.406327],[-121.864361,37.401056],[-121.870267,37.409124]]]}},{"type":"Feature","properties":{"geoid":"06001423400","name":"South Berkeley","city":"Berkeley","county":"Alameda","centroid":[-122.27591724999999,37.858278]},"geometry":{"type":"Polygon","coordinates":[[[-122.281226,37.862205],[-122.272161,37.863352],[-122.271161,37.854268],[-122.279121,37.853287],[-122.281226,37.862205]]]}},{"type":"Feature","properties":{"geoid":"06001423500","name":"LeConte","city":"Berkeley","county":"Alameda","centroid":[-122.2680285,37.859404250000004]},"geometry":{"type":"Polygon","coordinates":[[[-122.272161,37.863352],[-122.265277,37.864265],[-122.263515,37.855732],[-122.271161,37.854268],[-122.272161,37.863352]]]}},{"type":"Feature","properties":{"geoid":"06001423602","name":"LeConte","city":"Berkeley","county":"Alameda","centroid":[-122.2593255,37.863126750000006]},"geometry":{"type":"Polygon","coordinates":[[[-122.265277,37.864265],[-122.253954,37.865737],[-122.253552,37.861823],[-122.264519,37.860682],[-122.265277,37.864265]]]}},{"type":"Feature","properties":{"geoid":"06001427600","name":"Woodstock","city":"Alameda","county":"Alameda","centroid":[-122.28397700000001,37.777820750000004]},"geometry":{"type":"Polygon","coordinates":[[[-122.291396,37.779987],[-122.276628,37.779684],[-122.276796,37.775134],[-122.291088,37.776478],[-122.291396,37.779987]]]}},{"type":"Feature","properties":{"geoid":"06075015900","name":"Western Addition","city":"San Francisco","county":"San Francisco","centroid":[-122.4293125,37.783333999999996]},"geometry":{"type":"Polygon","coordinates":[[[-122.434465,37.784222],[-122.424704,37.785418],[-122.424108,37.782477],[-122.433973,37.781219],[-122.434465,37.784222]]]}},{"type":"Feature","properties":{"geoid":"06075016000","name":"Little Saigon","city":"San Francisco","county":"San Francisco","centroid":[-122.42242325000001,37.78244125]},"geometry":{"type":"Polygon","coordinates":[[[-122.424538,37.785274],[-122.421256,37.784745],[-122.420358,37.780072],[-122.423541,37.779674],[-122.424538,37.785274]]]}},{"type":"Feature","properties":{"geoid":"06075016200","name":"Hayes Valley","city":"San Francisco","county":"San Francisco","centroid":[-122.42306149999999,37.777108]},"geometry":{"type":"Polygon","coordinates":[[[-122.426641,37.778329],[-122.420358,37.780072],[-122.419359,37.775432],[-122.425888,37.774599],[-122.426641,37.778329]]]}},{"type":"Feature","properties":{"geoid":"06075016300","name":"Hayes Valley","city":"San Francisco","county":"San Francisco","centroid":[-122.42955375,37.77604375]},"geometry":{"type":"Polygon","coordinates":[[[-122.433219,37.77749],[-122.426641,37.778329],[-122.425888,37.774599],[-122.432467,37.773757],[-122.433219,37.77749]]]}},{"type":"Feature","properties":{"geoid":"06075016400","name":"Alamo Square","city":"San Francisco","county":"San Francisco","centroid":[-122.43697725000001,37.77509875]},"geometry":{"type":"Polygon","coordinates":[[[-122.441488,37.776435],[-122.433219,37.77749],[-122.432467,37.773757],[-122.440735,37.772713],[-122.441488,37.776435]]]}},{"type":"Feature","properties":{"geoid":"06075016700","name":"Haight-Ashbury","city":"San Francisco","county":"San Francisco","centroid":[-122.43944877777777,37.76990488888888]},"geometry":{"type":"Polygon","coordinates":[[[-122.443866,37.767536],[-122.442384,37.7696],[-122.443312,37.77047],[-122.440358,37.770847],[-122.440735,37.772713],[-122.432467,37.773757],[-122.43157,37.769307],[-122.438338,37.769007],[-122.442009,37.765907],[-122.443866,37.767536]]]}},{"type":"Feature","properties":{"geoid":"06001433000","name":"San Leandro","city":"San Leandro","county":"Alameda","centroid":[-122.13449685714285,37.714550857142854]},"geometry":{"type":"Polygon","coordinates":[[[-122.145449,37.721719],[-122.137423,37.723873],[-122.130335,37.713719],[-122.124259,37.709833],[-122.129285,37.705855],[-122.130925,37.708843],[-122.143802,37.718014],[-122.145449,37.721719]]]}},{"type":"Feature","properties":{"geoid":"06001433200","name":"San Leandro","city":"San Leandro","county":"Alameda","centroid":[-122.14209799999999,37.6985652]},"geometry":{"type":"Polygon","coordinates":[[[-122.166599,37.710452],[-122.155593,37.715082],[-122.128145,37.69106],[-122.130131,37.69112],[-122.130022,37.685112],[-122.166599,37.710452]]]}},{"type":"Feature","properties":{"geoid":"06001433300","name":"Mulford Gardens","city":"San Leandro","county":"Alameda","centroid":[-122.16123220000001,37.700573399999996]},"geometry":{"type":"Polygon","coordinates":[[[-122.170656,37.708772],[-122.166672,37.710422],[-122.140139,37.691628],[-122.162859,37.690917],[-122.165835,37.701128],[-122.170656,37.708772]]]}},{"type":"Feature","properties":{"geoid":"06001433400","name":"Mulford Gardens","city":"San Leandro","county":"Alameda","centroid":[-122.17408652941177,37.682716]},"geometry":{"type":"Polygon","coordinates":[[[-122.197208,37.692459],[-122.1917,37.695578],[-122.18751,37.696791],[-122.186463,37.69565],[-122.167527,37.703686],[-122.163483,37.695039],[-122.161973,37.688045],[-122.155885,37.679822],[-122.15842,37.679108],[-122.15232,37.672564],[-122.163603,37.667121],[-122.170627,37.667403],[-122.170687,37.670811],[-122.176785,37.669396],[-122.175288,37.670742],[-122.18058,37.670657],[-122.199412,37.6913],[-122.197208,37.692459]]]}},{"type":"Feature","properties":{"geoid":"06001433500","name":"San Leandro","city":"San Leandro","county":"Alameda","centroid":[-122.155800125,37.6823345]},"geometry":{"type":"Polygon","coordinates":[[[-122.162859,37.690917],[-122.151809,37.691273],[-122.149849,37.67801],[-122.151143,37.676795],[-122.154719,37.675163],[-122.15842,37.679108],[-122.155885,37.679822],[-122.161717,37.687588],[-122.162859,37.690917]]]}},{"type":"Feature","properties":{"geoid":"06001433102","name":"San Leandro","city":"San Leandro","county":"Alameda","centroid":[-122.134366,37.70247166666666]},"geometry":{"type":"Polygon","coordinates":[[[-122.144006,37.706267],[-122.142377,37.707679],[-122.138846,37.705201],[-122.134228,37.709296],[-122.123695,37.701926],[-122.123668,37.698483],[-122.130032,37.697097],[-122.130061,37.692755],[-122.142381,37.703541],[-122.144006,37.706267]]]}},{"type":"Feature","properties":{"geoid":"06001440307","name":"Contempo","city":"Union","county":"Alameda","centroid":[-122.04624100000001,37.589477]},"geometry":{"type":"Polygon","coordinates":[[[-122.060773,37.59868],[-122.034523,37.59077],[-122.038704,37.587789],[-122.046859,37.586655],[-122.050346,37.583491],[-122.060773,37.59868]]]}},{"type":"Feature","properties":{"geoid":"06001440308","name":"Decoto","city":"Union","county":"Alameda","centroid":[-122.0295323,37.592128499999994]},"geometry":{"type":"Polygon","coordinates":[[[-122.038645,37.587901],[-122.033704,37.591111],[-122.032578,37.594402],[-122.030436,37.595649],[-122.029415,37.601381],[-122.025389,37.597919],[-122.027477,37.596381],[-122.019662,37.592519],[-122.02536,37.578493],[-122.032657,37.585529],[-122.038645,37.587901]]]}},{"type":"Feature","properties":{"geoid":"06001441200","name":"Niles","city":"Fremont","county":"Alameda","centroid":[-121.99069442857142,37.57991428571428]},"geometry":{"type":"Polygon","coordinates":[[[-122.007015,37.582789],[-122.005866,37.586484],[-122.001284,37.589523],[-121.990051,37.580551],[-121.974946,37.578345],[-121.968904,37.573771],[-121.986795,37.567937],[-122.007015,37.582789]]]}},{"type":"Feature","properties":{"geoid":"06001441301","name":"Centerville","city":"Fremont","county":"Alameda","centroid":[-122.00271992307695,37.57084084615384]},"geometry":{"type":"Polygon","coordinates":[[[-122.01831,37.574432],[-122.015996,37.575675],[-122.013197,37.580703],[-122.008362,37.579029],[-122.006263,37.582616],[-121.988007,37.568563],[-121.984122,37.568],[-121.983531,37.566463],[-121.995937,37.563041],[-121.998252,37.564319],[-122.004996,37.563333],[-122.00816,37.565535],[-122.010226,37.569222],[-122.01831,37.574432]]]}},{"type":"Feature","properties":{"geoid":"06001441302","name":"Centerville","city":"Fremont","county":"Alameda","centroid":[-122.01737519999999,37.5687916]},"geometry":{"type":"Polygon","coordinates":[[[-122.032326,37.570904],[-122.02536,37.578493],[-122.010369,37.569335],[-122.007128,37.564636],[-122.011693,37.56059],[-122.032326,37.570904]]]}},{"type":"Feature","properties":{"geoid":"06001440331","name":"Alvarado","city":"Union","county":"Alameda","centroid":[-122.083063,37.59500990909092]},"geometry":{"type":"Polygon","coordinates":[[[-122.091869,37.593523],[-122.090934,37.594169],[-122.091271,37.599996],[-122.087429,37.608193],[-122.069993,37.592375],[-122.072253,37.591093],[-122.074998,37.592421],[-122.081177,37.591604],[-122.081,37.593922],[-122.084393,37.594808],[-122.088376,37.593005],[-122.091869,37.593523]]]}},{"type":"Feature","properties":{"geoid":"06001433900","name":"Ashland","city":"Ashland","county":"Alameda","centroid":[-122.11391300000001,37.699182]},"geometry":{"type":"Polygon","coordinates":[[[-122.120913,37.699979],[-122.116647,37.705303],[-122.106223,37.697824],[-122.111869,37.693622],[-122.120913,37.699979]]]}},{"type":"Feature","properties":{"geoid":"06001434000","name":"Ashland","city":"Ashland","county":"Alameda","centroid":[-122.110661875,37.69267275]},"geometry":{"type":"Polygon","coordinates":[[[-122.11904,37.691502],[-122.118868,37.698542],[-122.111869,37.693622],[-122.106223,37.697824],[-122.100946,37.691985],[-122.096728,37.689985],[-122.112677,37.688462],[-122.118944,37.68946],[-122.11904,37.691502]]]}},{"type":"Feature","properties":{"geoid":"06001435500","name":"Cherryland","city":"Cherryland","county":"Alameda","centroid":[-122.09539533333334,37.68119566666667]},"geometry":{"type":"Polygon","coordinates":[[[-122.100802,37.685844],[-122.096288,37.68804],[-122.085341,37.680022],[-122.088994,37.676483],[-122.09398,37.674467],[-122.099064,37.677957],[-122.094768,37.679545],[-122.100119,37.683831],[-122.099202,37.684572],[-122.100802,37.685844]]]}},{"type":"Feature","properties":{"geoid":"06001435800","name":"San Lorenzo","city":"San Lorenzo","county":"Alameda","centroid":[-122.12760387500002,37.67823]},"geometry":{"type":"Polygon","coordinates":[[[-122.138716,37.684782],[-122.129,37.684386],[-122.117534,37.676558],[-122.12355,37.67421],[-122.126205,37.678394],[-122.127064,37.678037],[-122.125833,37.676176],[-122.132929,37.673297],[-122.138716,37.684782]]]}},{"type":"Feature","properties":{"geoid":"06001435900","name":"San Lorenzo","city":"San Lorenzo","county":"Alameda","centroid":[-122.14774376470587,37.672274058823525]},"geometry":{"type":"Polygon","coordinates":[[[-122.162676,37.667297],[-122.15232,37.672564],[-122.154719,37.675163],[-122.14498,37.679724],[-122.143805,37.681719],[-122.138716,37.684782],[-122.137002,37.679616],[-122.140019,37.678407],[-122.137654,37.674688],[-122.140156,37.673672],[-122.138234,37.670846],[-122.146992,37.666837],[-122.145918,37.665677],[-122.150864,37.662784],[-122.152432,37.663953],[-122.161554,37.663809],[-122.163603,37.667121],[-122.162676,37.667297]]]}},{"type":"Feature","properties":{"geoid":"06001436000","name":"Russell","city":"San Lorenzo","county":"Alameda","centroid":[-122.13783966666666,37.66941533333333]},"geometry":{"type":"Polygon","coordinates":[[[-122.146992,37.666837],[-122.138234,37.670846],[-122.140156,37.673672],[-122.137654,37.674688],[-122.140019,37.678407],[-122.136912,37.679556],[-122.131297,37.670743],[-122.130957,37.664992],[-122.134466,37.664572],[-122.134365,37.662797],[-122.139274,37.662528],[-122.14375,37.663346],[-122.146992,37.666837]]]}},{"type":"Feature","properties":{"geoid":"06001436100","name":"Russell","city":"San Lorenzo","county":"Alameda","centroid":[-122.12474014285715,37.67171485714285]},"geometry":{"type":"Polygon","coordinates":[[[-122.132778,37.673357],[-122.125833,37.676176],[-122.127064,37.678037],[-122.126205,37.678394],[-122.12355,37.67421],[-122.117534,37.676558],[-122.111599,37.672032],[-122.120098,37.668712],[-122.12075,37.669776],[-122.123137,37.668067],[-122.127905,37.667862],[-122.127675,37.665182],[-122.130957,37.664992],[-122.131277,37.670653],[-122.132778,37.673357]]]}},{"type":"Feature","properties":{"geoid":"06001436200","name":"San Lorenzo","city":"San Lorenzo","county":"Alameda","centroid":[-122.11291949999999,37.668373499999994]},"geometry":{"type":"Polygon","coordinates":[[[-122.119931,37.668775],[-122.110254,37.672604],[-122.103352,37.666519],[-122.118141,37.665596],[-122.119931,37.668775]]]}},{"type":"Feature","properties":{"geoid":"06001436700","name":"Hayward","city":"Hayward","county":"Alameda","centroid":[-122.10055425,37.662308]},"geometry":{"type":"Polygon","coordinates":[[[-122.107778,37.666352],[-122.100231,37.666572],[-122.092598,37.659886],[-122.10161,37.656422],[-122.107778,37.666352]]]}},{"type":"Feature","properties":{"geoid":"06001436800","name":"Hayward","city":"Hayward","county":"Alameda","centroid":[-122.09401749999999,37.65425175]},"geometry":{"type":"Polygon","coordinates":[[[-122.10161,37.656422],[-122.092598,37.659886],[-122.087972,37.655904],[-122.09389,37.644795],[-122.10161,37.656422]]]}},{"type":"Feature","properties":{"geoid":"06075016900","name":"Duboce Triangle","city":"San Francisco","county":"San Francisco","centroid":[-122.43246299999998,37.767127]},"geometry":{"type":"Polygon","coordinates":[[[-122.435794,37.769058],[-122.426402,37.769596],[-122.435193,37.762727],[-122.435794,37.769058]]]}},{"type":"Feature","properties":{"geoid":"06075017000","name":"Duboce Triangle","city":"San Francisco","county":"San Francisco","centroid":[-122.43892925,37.765755999999996]},"geometry":{"type":"Polygon","coordinates":[[[-122.446392,37.762232],[-122.438338,37.769007],[-122.435794,37.769058],[-122.435193,37.762727],[-122.446392,37.762232]]]}},{"type":"Feature","properties":{"geoid":"06001436900","name":"Russell","city":"Hayward","county":"Alameda","centroid":[-122.10948549999999,37.6603815]},"geometry":{"type":"Polygon","coordinates":[[[-122.118141,37.665596],[-122.107778,37.666352],[-122.10161,37.656422],[-122.110413,37.653156],[-122.118141,37.665596]]]}},{"type":"Feature","properties":{"geoid":"06001437000","name":"Hayward","city":"Hayward","county":"Alameda","centroid":[-122.10104219999998,37.645501]},"geometry":{"type":"Polygon","coordinates":[[[-122.110413,37.653156],[-122.10161,37.656422],[-122.09389,37.644795],[-122.099205,37.636801],[-122.100093,37.636331],[-122.110413,37.653156]]]}},{"type":"Feature","properties":{"geoid":"06001437200","name":"Russell","city":"Hayward","county":"Alameda","centroid":[-122.11205399999999,37.643237799999994]},"geometry":{"type":"Polygon","coordinates":[[[-122.120239,37.653223],[-122.110413,37.653156],[-122.100093,37.636331],[-122.110054,37.632353],[-122.119471,37.641126],[-122.120239,37.653223]]]}},{"type":"Feature","properties":{"geoid":"06001437300","name":"Baumberg","city":"Hayward","county":"Alameda","centroid":[-122.0945588,37.636416999999994]},"geometry":{"type":"Polygon","coordinates":[[[-122.100093,37.636331],[-122.097497,37.638496],[-122.09389,37.644795],[-122.084513,37.631558],[-122.096801,37.630905],[-122.100093,37.636331]]]}},{"type":"Feature","properties":{"geoid":"06001437400","name":"Hayward","city":"Hayward","county":"Alameda","centroid":[-122.08827039999998,37.64274759999999]},"geometry":{"type":"Polygon","coordinates":[[[-122.09389,37.644795],[-122.092557,37.647197],[-122.083491,37.648448],[-122.083516,37.636972],[-122.087898,37.636326],[-122.09389,37.644795]]]}},{"type":"Feature","properties":{"geoid":"06001437600","name":"Baumberg","city":"Hayward","county":"Alameda","centroid":[-122.08185866666668,37.636135833333334]},"geometry":{"type":"Polygon","coordinates":[[[-122.087898,37.636326],[-122.083516,37.636972],[-122.083513,37.639593],[-122.07847,37.640942],[-122.073242,37.631424],[-122.084513,37.631558],[-122.087898,37.636326]]]}},{"type":"Feature","properties":{"geoid":"06013327002","name":"Concord","city":"Concord","county":"Contra Costa","centroid":[-122.04494316666666,37.99796283333333]},"geometry":{"type":"Polygon","coordinates":[[[-122.053321,37.996674],[-122.053211,38.001135],[-122.037973,38.005204],[-122.036676,38.004531],[-122.040377,37.988615],[-122.048101,37.991618],[-122.053321,37.996674]]]}},{"type":"Feature","properties":{"geoid":"06013346206","name":"Alamo Oaks","city":"Danville","county":"Contra Costa","centroid":[-122.00055700000001,37.84061090909091]},"geometry":{"type":"Polygon","coordinates":[[[-122.028714,37.851491],[-122.01154,37.852359],[-121.989044,37.844791],[-121.978479,37.845146],[-121.978299,37.835072],[-121.985433,37.830708],[-121.988204,37.830546],[-121.992297,37.832756],[-122.000763,37.829746],[-122.025589,37.845963],[-122.027765,37.848142],[-122.028714,37.851491]]]}},{"type":"Feature","properties":{"geoid":"06013319001","name":"Martinez","city":"Martinez","county":"Contra Costa","centroid":[-122.12245666666665,38.000777416666665]},"geometry":{"type":"Polygon","coordinates":[[[-122.131742,37.997087],[-122.128716,38.001701],[-122.129607,38.003559],[-122.128401,38.000839],[-122.119293,37.998778],[-122.117326,38.000149],[-122.116513,38.012396],[-122.110884,38.012338],[-122.111143,38.003153],[-122.120266,37.995127],[-122.126742,37.991536],[-122.128847,37.992666],[-122.131742,37.997087]]]}},{"type":"Feature","properties":{"geoid":"06013302013","name":"Oakley","city":"Oakley","county":"Contra Costa","centroid":[-121.7413656,37.987204000000006]},"geometry":{"type":"Polygon","coordinates":[[[-121.750768,37.997816],[-121.731897,37.997613],[-121.732478,37.971348],[-121.741499,37.981176],[-121.750186,37.988067],[-121.750768,37.997816]]]}},{"type":"Feature","properties":{"geoid":"06013345206","name":"Norris Canyon","city":"Norris Canyon","county":"Contra Costa","centroid":[-121.99459554545454,37.76572945454546]},"geometry":{"type":"Polygon","coordinates":[[[-122.011278,37.754198],[-121.997411,37.76336],[-122.004081,37.770147],[-122.000969,37.771996],[-121.992726,37.772695],[-121.989309,37.770548],[-121.980216,37.775116],[-121.976846,37.769917],[-121.986131,37.761226],[-121.995622,37.76016],[-122.005962,37.753661],[-122.011278,37.754198]]]}},{"type":"Feature","properties":{"geoid":"06013302012","name":"Oakley","city":"Oakley","county":"Contra Costa","centroid":[-121.68982683333336,37.980763]},"geometry":{"type":"Polygon","coordinates":[[[-121.697135,37.990619],[-121.694788,37.990638],[-121.677568,37.9791],[-121.677631,37.968842],[-121.696026,37.968852],[-121.695813,37.986527],[-121.697135,37.990619]]]}},{"type":"Feature","properties":{"geoid":"06013355308","name":"Clayton","city":"Clayton","county":"Contra Costa","centroid":[-121.93194725000002,37.9413251875]},"geometry":{"type":"Polygon","coordinates":[[[-121.957232,37.952213],[-121.953349,37.954305],[-121.948554,37.95118],[-121.939306,37.950702],[-121.934315,37.948033],[-121.928394,37.941313],[-121.92745,37.943076],[-121.922809,37.944399],[-121.914464,37.942992],[-121.914417,37.924826],[-121.921882,37.928091],[-121.923339,37.930169],[-121.923105,37.932272],[-121.931935,37.935107],[-121.933851,37.941295],[-121.936754,37.94123],[-121.957232,37.952213]]]}},{"type":"Feature","properties":{"geoid":"06013355118","name":"Antioch","city":"Antioch","county":"Contra Costa","centroid":[-121.81015530769234,37.96109061538461]},"geometry":{"type":"Polygon","coordinates":[[[-121.824038,37.955766],[-121.821779,37.962812],[-121.822413,37.965345],[-121.812794,37.965463],[-121.805461,37.967575],[-121.805458,37.968965],[-121.796811,37.969855],[-121.796742,37.959775],[-121.806314,37.958342],[-121.807252,37.957181],[-121.805221,37.95547],[-121.805389,37.953874],[-121.822347,37.953755],[-121.824038,37.955766]]]}},{"type":"Feature","properties":{"geoid":"06013314105","name":"Bay Point","city":"Bay Point","county":"Contra Costa","centroid":[-121.95134360000002,38.0229798]},"geometry":{"type":"Polygon","coordinates":[[[-121.965742,38.023176],[-121.959225,38.026722],[-121.941939,38.026759],[-121.941888,38.019095],[-121.947924,38.019147],[-121.965742,38.023176]]]}},{"type":"Feature","properties":{"geoid":"06013319002","name":"Mountain View","city":"Mountain View","county":"Contra Costa","centroid":[-122.12290307692307,38.00936492307692]},"geometry":{"type":"Polygon","coordinates":[[[-122.130003,38.00607],[-122.128911,38.00662],[-122.128682,38.012242],[-122.125696,38.014119],[-122.124276,38.013699],[-122.123729,38.014826],[-122.119881,38.013492],[-122.117928,38.014396],[-122.117894,38.012869],[-122.116513,38.012396],[-122.116533,38.001398],[-122.119293,37.998778],[-122.128401,38.000839],[-122.130003,38.00607]]]}},{"type":"Feature","properties":{"geoid":"06013345117","name":"Gale Ranch","city":"San Ramon","county":"Contra Costa","centroid":[-121.94555600000001,37.77617768421053]},"geometry":{"type":"Polygon","coordinates":[[[-121.952418,37.776472],[-121.951157,37.777526],[-121.952315,37.778855],[-121.951651,37.782056],[-121.94937,37.782919],[-121.95173,37.786619],[-121.94787,37.788149],[-121.94528,37.787675],[-121.941574,37.783922],[-121.943528,37.781722],[-121.940855,37.781623],[-121.934736,37.772953],[-121.939209,37.761165],[-121.94035,37.761026],[-121.939225,37.763551],[-121.941561,37.765497],[-121.942162,37.767812],[-121.949118,37.773867],[-121.951455,37.773967],[-121.952418,37.776472]]]}},{"type":"Feature","properties":{"geoid":"06013303208","name":"Sterling Pinnacle","city":"Brentwood","county":"Contra Costa","centroid":[-121.73030849999999,37.93460575]},"geometry":{"type":"Polygon","coordinates":[[[-121.741004,37.943483],[-121.723612,37.944201],[-121.723789,37.925392],[-121.732829,37.925347],[-121.741004,37.943483]]]}},{"type":"Feature","properties":{"geoid":"06013304007","name":"Unincorporated Contra Costa","city":"","county":"Contra Costa","centroid":[-121.6244696,37.9044133]},"geometry":{"type":"Polygon","coordinates":[[[-121.641713,37.909825],[-121.641204,37.917959],[-121.61376,37.917931],[-121.605602,37.915867],[-121.610497,37.905154],[-121.613253,37.903129],[-121.618368,37.903545],[-121.618422,37.889369],[-121.640477,37.889891],[-121.6414,37.891463],[-121.641713,37.909825]]]}},{"type":"Feature","properties":{"geoid":"06013303107","name":"Brentwood","city":"Brentwood","county":"Contra Costa","centroid":[-121.691311,37.933726666666665]},"geometry":{"type":"Polygon","coordinates":[[[-121.701029,37.93671],[-121.698947,37.937948],[-121.696447,37.936693],[-121.695551,37.939897],[-121.67789,37.939972],[-121.678002,37.91114],[-121.701029,37.93671]]]}},{"type":"Feature","properties":{"geoid":"06013355201","name":"Pittsburg","city":"Pittsburg","county":"Contra Costa","centroid":[-121.95438792307692,38.00739469230769]},"geometry":{"type":"Polygon","coordinates":[[[-121.966096,38.01821],[-121.965781,38.0231],[-121.947924,38.019147],[-121.941888,38.019095],[-121.940858,38.007017],[-121.946027,38.00333],[-121.948194,37.995025],[-121.949447,37.997604],[-121.956377,37.994962],[-121.958873,37.996398],[-121.961081,38.004683],[-121.960328,38.009271],[-121.964169,38.008289],[-121.966096,38.01821]]]}},{"type":"Feature","properties":{"geoid":"06013313105","name":"Pittsburg","city":"Pittsburg","county":"Contra Costa","centroid":[-121.8804811,38.006342100000005]},"geometry":{"type":"Polygon","coordinates":[[[-121.887098,38.008685],[-121.884968,38.01422],[-121.882969,38.015536],[-121.866939,38.011835],[-121.870328,38.009604],[-121.873963,37.997971],[-121.882928,37.997984],[-121.884464,38.001207],[-121.886191,38.001636],[-121.884963,38.004743],[-121.887098,38.008685]]]}},{"type":"Feature","properties":{"geoid":"06013303209","name":"Sterling Pinnacle","city":"Brentwood","county":"Contra Costa","centroid":[-121.7333024,37.9568158]},"geometry":{"type":"Polygon","coordinates":[[[-121.744432,37.955224],[-121.742744,37.961506],[-121.732425,37.961461],[-121.732388,37.971248],[-121.723461,37.961606],[-121.725348,37.960879],[-121.723253,37.958936],[-121.723496,37.94424],[-121.741334,37.943485],[-121.744143,37.949573],[-121.744432,37.955224]]]}},{"type":"Feature","properties":{"geoid":"06013303211","name":"Unincorporated Contra Costa","city":"","county":"Contra Costa","centroid":[-121.7057688888889,37.910541555555554]},"geometry":{"type":"Polygon","coordinates":[[[-121.716243,37.903758],[-121.714487,37.910069],[-121.715954,37.913371],[-121.714224,37.920599],[-121.710222,37.925466],[-121.690958,37.925624],[-121.664811,37.896494],[-121.712546,37.895788],[-121.712475,37.903705],[-121.716243,37.903758]]]}},{"type":"Feature","properties":{"geoid":"06013324004","name":"Sherman Acres","city":"Pleasant Hill","county":"Contra Costa","centroid":[-122.0539475,37.9422775]},"geometry":{"type":"Polygon","coordinates":[[[-122.060199,37.938659],[-122.05429,37.953663],[-122.052408,37.948438],[-122.049776,37.945466],[-122.049789,37.942678],[-122.051393,37.942774],[-122.053673,37.933223],[-122.060052,37.933319],[-122.060199,37.938659]]]}},{"type":"Feature","properties":{"geoid":"06013355122","name":"Danville","city":"Danville","county":"Contra Costa","centroid":[-121.89824008333333,37.79115066666667]},"geometry":{"type":"Polygon","coordinates":[[[-121.912922,37.798458],[-121.900049,37.799739],[-121.882991,37.798669],[-121.886202,37.795659],[-121.886841,37.792692],[-121.890982,37.790453],[-121.895699,37.783402],[-121.898485,37.781405],[-121.900663,37.781404],[-121.900635,37.788665],[-121.912754,37.788753],[-121.910658,37.794509],[-121.912922,37.798458]]]}},{"type":"Feature","properties":{"geoid":"06013339003","name":"Walnut Creek","city":"Walnut Creek","county":"Contra Costa","centroid":[-122.064459125,37.901756999999996]},"geometry":{"type":"Polygon","coordinates":[[[-122.070896,37.897831],[-122.069401,37.905327],[-122.067452,37.904527],[-122.063717,37.906622],[-122.057811,37.907083],[-122.056471,37.898833],[-122.05998,37.897353],[-122.069945,37.89648],[-122.070896,37.897831]]]}},{"type":"Feature","properties":{"geoid":"06013336103","name":"Four Corners","city":"Concord","county":"Contra Costa","centroid":[-122.040943,37.964915]},"geometry":{"type":"Polygon","coordinates":[[[-122.047479,37.971173],[-122.045027,37.969905],[-122.043108,37.970801],[-122.033643,37.960066],[-122.035681,37.958653],[-122.038892,37.95966],[-122.041667,37.962825],[-122.042047,37.966237],[-122.047479,37.971173]]]}},{"type":"Feature","properties":{"geoid":"06013337201","name":"Four Corners","city":"Concord","county":"Contra Costa","centroid":[-122.03111966666667,37.95140516666667]},"geometry":{"type":"Polygon","coordinates":[[[-122.038965,37.956369],[-122.030172,37.962521],[-122.025054,37.949974],[-122.026462,37.944808],[-122.02914,37.943145],[-122.036925,37.951614],[-122.038965,37.956369]]]}},{"type":"Feature","properties":{"geoid":"06013355202","name":"Concord","city":"Concord","county":"Contra Costa","centroid":[-121.97844835897438,37.990643769230765]},"geometry":{"type":"Polygon","coordinates":[[[-122.025327,38.002871],[-122.022953,38.006253],[-122.022687,38.009927],[-121.997167,38.014035],[-121.976385,38.023539],[-121.965781,38.0231],[-121.965457,38.01173],[-121.964169,38.008289],[-121.960328,38.009271],[-121.961081,38.004683],[-121.959186,38.000184],[-121.959315,37.997015],[-121.956535,37.994953],[-121.949305,37.997563],[-121.948194,37.995025],[-121.949008,37.990015],[-121.951302,37.987095],[-121.939139,37.979872],[-121.93914,37.971602],[-121.940459,37.967744],[-121.945311,37.963546],[-121.948657,37.963084],[-121.959225,37.967676],[-121.9585,37.968379],[-121.963877,37.972833],[-121.968324,37.973166],[-121.970023,37.971742],[-121.975476,37.975529],[-121.977639,37.973711],[-122.00317,37.992452],[-122.004545,37.991051],[-122.006199,37.992332],[-122.009696,37.990515],[-122.010288,37.986476],[-122.015534,37.983335],[-122.021148,37.988859],[-122.023079,37.99333],[-122.0212,37.994137],[-122.024677,37.998188],[-122.025327,38.002871]]]}},{"type":"Feature","properties":{"geoid":"06013327001","name":"Unincorporated Contra Costa","city":"","county":"Contra Costa","centroid":[-122.05415272727274,37.98225527272728]},"geometry":{"type":"Polygon","coordinates":[[[-122.069934,37.994638],[-122.053211,38.001135],[-122.053305,37.996163],[-122.051777,37.994166],[-122.040377,37.988615],[-122.04192,37.9815],[-122.047479,37.971173],[-122.052132,37.958127],[-122.055987,37.966181],[-122.06183,37.962346],[-122.067728,37.990764],[-122.069934,37.994638]]]}},{"type":"Feature","properties":{"geoid":"06001437900","name":"Hayward","city":"Hayward","county":"Alameda","centroid":[-122.05946175,37.642204]},"geometry":{"type":"Polygon","coordinates":[[[-122.069931,37.650557],[-122.066939,37.651218],[-122.059587,37.641942],[-122.0553,37.642858],[-122.054363,37.640113],[-122.05692,37.638815],[-122.054266,37.636394],[-122.058388,37.635735],[-122.069931,37.650557]]]}},{"type":"Feature","properties":{"geoid":"06001438100","name":"Hayward","city":"Hayward","county":"Alameda","centroid":[-122.0412198,37.61922679999999]},"geometry":{"type":"Polygon","coordinates":[[[-122.051653,37.625766],[-122.046779,37.629678],[-122.02324,37.609048],[-122.0345,37.60906],[-122.049927,37.622582],[-122.051653,37.625766]]]}},{"type":"Feature","properties":{"geoid":"06001438201","name":"Baumberg","city":"Hayward","county":"Alameda","centroid":[-122.0756045,37.62572325]},"geometry":{"type":"Polygon","coordinates":[[[-122.084513,37.631558],[-122.07221,37.630732],[-122.071912,37.62304],[-122.073783,37.617563],[-122.084513,37.631558]]]}},{"type":"Feature","properties":{"geoid":"06001438400","name":"Baumberg","city":"Hayward","county":"Alameda","centroid":[-122.08331171428571,37.61947657142857]},"geometry":{"type":"Polygon","coordinates":[[[-122.092717,37.624535],[-122.089062,37.625949],[-122.088173,37.624525],[-122.079674,37.624745],[-122.07145,37.613278],[-122.078201,37.613432],[-122.083905,37.609872],[-122.092717,37.624535]]]}},{"type":"Feature","properties":{"geoid":"06001437800","name":"Hayward","city":"Hayward","county":"Alameda","centroid":[-122.06792449999999,37.64238375]},"geometry":{"type":"Polygon","coordinates":[[[-122.079948,37.648914],[-122.070021,37.650546],[-122.058388,37.635735],[-122.063341,37.63434],[-122.079948,37.648914]]]}},{"type":"Feature","properties":{"geoid":"06001440200","name":"Decoto","city":"Union","county":"Alameda","centroid":[-122.02352685714287,37.60039685714286]},"geometry":{"type":"Polygon","coordinates":[[[-122.029377,37.601444],[-122.027109,37.605959],[-122.020037,37.606243],[-122.015637,37.602313],[-122.019662,37.592519],[-122.027477,37.596381],[-122.025389,37.597919],[-122.029377,37.601444]]]}},{"type":"Feature","properties":{"geoid":"06001432200","name":"San Leandro","city":"San Leandro","county":"Alameda","centroid":[-122.15638440000001,37.73188699999999]},"geometry":{"type":"Polygon","coordinates":[[[-122.16416,37.73594],[-122.155119,37.739082],[-122.148736,37.729135],[-122.156383,37.728407],[-122.157524,37.726871],[-122.16416,37.73594]]]}},{"type":"Feature","properties":{"geoid":"06001432300","name":"Brookfield Village","city":"San Leandro","county":"Alameda","centroid":[-122.16650185714285,37.730673]},"geometry":{"type":"Polygon","coordinates":[[[-122.174243,37.731143],[-122.169769,37.732211],[-122.171556,37.734996],[-122.165623,37.73776],[-122.157524,37.726871],[-122.159145,37.725397],[-122.167653,37.726333],[-122.174243,37.731143]]]}},{"type":"Feature","properties":{"geoid":"06001440305","name":"Contempo","city":"Union","county":"Alameda","centroid":[-122.07423119999999,37.578920200000006]},"geometry":{"type":"Polygon","coordinates":[[[-122.080862,37.577771],[-122.074061,37.584622],[-122.072807,37.582663],[-122.067442,37.579617],[-122.075984,37.569928],[-122.080862,37.577771]]]}},{"type":"Feature","properties":{"geoid":"06001432700","name":"San Leandro","city":"San Leandro","county":"Alameda","centroid":[-122.14232716666667,37.726549166666665]},"geometry":{"type":"Polygon","coordinates":[[[-122.148649,37.729174],[-122.147977,37.731344],[-122.138752,37.730947],[-122.135579,37.722284],[-122.13751,37.723876],[-122.145496,37.72167],[-122.148649,37.729174]]]}},{"type":"Feature","properties":{"geoid":"06001432502","name":"Brookfield Village","city":"San Leandro","county":"Alameda","centroid":[-122.17430340000001,37.7241104]},"geometry":{"type":"Polygon","coordinates":[[[-122.183312,37.725566],[-122.175802,37.725231],[-122.171294,37.728006],[-122.164245,37.722651],[-122.176864,37.719098],[-122.183312,37.725566]]]}},{"type":"Feature","properties":{"geoid":"06001433103","name":"San Leandro","city":"San Leandro","county":"Alameda","centroid":[-122.13871355555557,37.70766477777777]},"geometry":{"type":"Polygon","coordinates":[[[-122.146894,37.707564],[-122.138601,37.714242],[-122.130925,37.708843],[-122.130093,37.706408],[-122.134228,37.709296],[-122.138846,37.705201],[-122.142377,37.707679],[-122.144077,37.706209],[-122.142381,37.703541],[-122.146894,37.707564]]]}},{"type":"Feature","properties":{"geoid":"06081608013","name":"Foster","city":"Foster","county":"San Mateo","centroid":[-122.26158022727273,37.541832454545464]},"geometry":{"type":"Polygon","coordinates":[[[-122.278833,37.536519],[-122.277199,37.535709],[-122.270245,37.536721],[-122.270079,37.538899],[-122.267376,37.538456],[-122.260413,37.543326],[-122.259854,37.545138],[-122.256461,37.545784],[-122.256857,37.54735],[-122.260604,37.547103],[-122.260523,37.548637],[-122.254217,37.548667],[-122.251361,37.551437],[-122.249364,37.549193],[-122.252371,37.544505],[-122.251933,37.540409],[-122.258462,37.541183],[-122.259625,37.540376],[-122.260732,37.538763],[-122.260219,37.534515],[-122.261373,37.533401],[-122.276664,37.534223],[-122.278833,37.536519]]]}},{"type":"Feature","properties":{"geoid":"06013346204","name":"Danville","city":"Danville","county":"Contra Costa","centroid":[-121.9529972857143,37.822202142857144]},"geometry":{"type":"Polygon","coordinates":[[[-121.987395,37.823235],[-121.987279,37.83041],[-121.984073,37.831161],[-121.97809,37.835145],[-121.970797,37.835861],[-121.962361,37.833098],[-121.951157,37.831863],[-121.929214,37.82556],[-121.921063,37.821287],[-121.921079,37.815646],[-121.923461,37.809704],[-121.921534,37.799157],[-121.940689,37.803384],[-121.96377,37.815319],[-121.987395,37.823235]]]}},{"type":"Feature","properties":{"geoid":"06013346203","name":"Alamo Oaks","city":"Danville","county":"Contra Costa","centroid":[-121.98633490909089,37.822618090909096]},"geometry":{"type":"Polygon","coordinates":[[[-122.000382,37.829986],[-121.997102,37.831849],[-121.990627,37.832454],[-121.987279,37.83041],[-121.987431,37.823146],[-121.980118,37.819979],[-121.973748,37.819107],[-121.96834,37.816029],[-121.978306,37.811422],[-121.992791,37.811391],[-121.99356,37.823026],[-122.000382,37.829986]]]}},{"type":"Feature","properties":{"geoid":"06013360101","name":"El Sobrante","city":"El Sobrante","county":"Contra Costa","centroid":[-122.28525206666664,37.981755066666665]},"geometry":{"type":"Polygon","coordinates":[[[-122.302049,37.993441],[-122.290159,37.995179],[-122.286182,37.997188],[-122.284831,37.988447],[-122.278248,37.983114],[-122.278857,37.980618],[-122.267988,37.9742],[-122.269913,37.973084],[-122.272091,37.97539],[-122.278492,37.970705],[-122.287599,37.970467],[-122.2917,37.977059],[-122.295033,37.978078],[-122.296754,37.98006],[-122.298885,37.989296],[-122.302049,37.993441]]]}},{"type":"Feature","properties":{"geoid":"06013355109","name":"Antioch","city":"Antioch","county":"Contra Costa","centroid":[-121.793552,37.97574276923076]},"geometry":{"type":"Polygon","coordinates":[[[-121.805664,37.98249],[-121.802415,37.983969],[-121.785389,37.984801],[-121.783797,37.982023],[-121.786247,37.978695],[-121.786176,37.976476],[-121.780102,37.969237],[-121.780114,37.966191],[-121.796528,37.971439],[-121.796811,37.969855],[-121.805458,37.968965],[-121.804977,37.973459],[-121.802498,37.977056],[-121.805664,37.98249]]]}},{"type":"Feature","properties":{"geoid":"06013355113","name":"Blackhawk","city":"Blackhawk","county":"Contra Costa","centroid":[-121.90046026666666,37.806777066666676]},"geometry":{"type":"Polygon","coordinates":[[[-121.923461,37.809704],[-121.922467,37.812527],[-121.913576,37.812321],[-121.908321,37.817075],[-121.902272,37.816418],[-121.896234,37.812891],[-121.886604,37.811459],[-121.885193,37.808867],[-121.885747,37.804327],[-121.882571,37.800626],[-121.883234,37.799295],[-121.8862,37.798851],[-121.895799,37.799755],[-121.913691,37.798383],[-121.921534,37.799157],[-121.923461,37.809704]]]}},{"type":"Feature","properties":{"geoid":"06013334006","name":"Walnut Country","city":"Concord","county":"Contra Costa","centroid":[-121.98415571428572,37.95255100000001]},"geometry":{"type":"Polygon","coordinates":[[[-122.001489,37.955534],[-121.995508,37.958828],[-121.993706,37.957735],[-121.992263,37.953812],[-121.989231,37.955027],[-121.989652,37.953767],[-121.975843,37.954487],[-121.974975,37.953312],[-121.976404,37.952108],[-121.974107,37.952175],[-121.97185,37.94705],[-121.970418,37.946289],[-121.9805,37.948432],[-121.992234,37.947158],[-122.001489,37.955534]]]}},{"type":"Feature","properties":{"geoid":"06013334200","name":"Rossmoor","city":"Alamo","county":"Contra Costa","centroid":[-122.04874977777779,37.86580466666666]},"geometry":{"type":"Polygon","coordinates":[[[-122.077658,37.885015],[-122.069214,37.889314],[-122.066784,37.89386],[-122.058411,37.889875],[-122.03315,37.861461],[-122.029161,37.854618],[-122.028161,37.848872],[-122.025087,37.845581],[-122.027326,37.843124],[-122.028746,37.843621],[-122.042832,37.866613],[-122.047344,37.865563],[-122.044876,37.859323],[-122.053009,37.859145],[-122.054078,37.864263],[-122.058808,37.864901],[-122.058953,37.871587],[-122.073898,37.877748],[-122.077658,37.885015]]]}},{"type":"Feature","properties":{"geoid":"06013355306","name":"Unincorporated Contra Costa","city":"","county":"Contra Costa","centroid":[-121.927066,37.882724424657525]},"geometry":{"type":"Polygon","coordinates":[[[-121.990644,37.899584],[-121.973233,37.920712],[-121.967513,37.925968],[-121.959962,37.929573],[-121.957025,37.934072],[-121.94191,37.933997],[-121.941932,37.941249],[-121.949623,37.941235],[-121.950235,37.948326],[-121.936754,37.94123],[-121.933851,37.941295],[-121.932158,37.935317],[-121.923105,37.932272],[-121.92313,37.929604],[-121.920729,37.927299],[-121.897648,37.919677],[-121.892111,37.915732],[-121.88217,37.912136],[-121.876328,37.908467],[-121.87416,37.906039],[-121.872302,37.896823],[-121.87337,37.891899],[-121.867364,37.887674],[-121.866544,37.883522],[-121.86998,37.87504],[-121.874251,37.873507],[-121.874364,37.868904],[-121.882944,37.864706],[-121.884593,37.862489],[-121.893753,37.858949],[-121.896454,37.859933],[-121.900894,37.858804],[-121.902511,37.857263],[-121.910887,37.857475],[-121.911001,37.846086],[-121.893393,37.846089],[-121.895966,37.83823],[-121.921069,37.843025],[-121.92776,37.84606],[-121.927732,37.847044],[-121.933868,37.850391],[-121.933485,37.85235],[-121.932995,37.849998],[-121.932448,37.851047],[-121.929975,37.85023],[-121.928349,37.851818],[-121.925569,37.85206],[-121.930419,37.853376],[-121.935654,37.857376],[-121.932665,37.862671],[-121.933316,37.864968],[-121.931725,37.865809],[-121.932818,37.867358],[-121.935207,37.867611],[-121.935356,37.869775],[-121.94269,37.87209],[-121.939716,37.869583],[-121.941085,37.869478],[-121.940852,37.868377],[-121.944047,37.869515],[-121.942577,37.867636],[-121.943756,37.865768],[-121.946622,37.869407],[-121.950274,37.870717],[-121.949089,37.873045],[-121.960007,37.873307],[-121.962948,37.87517],[-121.961478,37.877711],[-121.96615,37.881153],[-121.97466,37.883145],[-121.978637,37.88594],[-121.987825,37.894498],[-121.988203,37.898199],[-121.990644,37.899584]]]}},{"type":"Feature","properties":{"geoid":"06013355112","name":"Unincorporated Contra Costa","city":"","county":"Contra Costa","centroid":[-121.83414173737371,37.84470645454547]},"geometry":{"type":"Polygon","coordinates":[[[-121.951975,37.83246],[-121.951617,37.835169],[-121.947489,37.840385],[-121.949561,37.841174],[-121.949927,37.844119],[-121.947943,37.842212],[-121.946051,37.843341],[-121.943799,37.841947],[-121.940296,37.843186],[-121.9407,37.841922],[-121.938784,37.841055],[-121.937126,37.844356],[-121.933759,37.844023],[-121.93229,37.841478],[-121.926949,37.842827],[-121.922902,37.840849],[-121.921069,37.843025],[-121.895966,37.83823],[-121.893393,37.846089],[-121.911001,37.846086],[-121.910887,37.857475],[-121.902511,37.857263],[-121.896454,37.859933],[-121.892609,37.859224],[-121.886391,37.861485],[-121.878532,37.867438],[-121.874364,37.868904],[-121.874251,37.873507],[-121.86998,37.87504],[-121.866499,37.884061],[-121.867364,37.887674],[-121.87337,37.891899],[-121.872293,37.896736],[-121.87416,37.906039],[-121.866797,37.901008],[-121.861785,37.899976],[-121.856664,37.894109],[-121.847965,37.891243],[-121.842769,37.885686],[-121.839994,37.886344],[-121.831626,37.884747],[-121.824264,37.886902],[-121.821664,37.884819],[-121.819004,37.884727],[-121.817603,37.887708],[-121.81369,37.88711],[-121.807996,37.890594],[-121.800353,37.891009],[-121.795737,37.894583],[-121.775948,37.881077],[-121.767225,37.877863],[-121.75477,37.870961],[-121.746867,37.869452],[-121.742386,37.870782],[-121.733028,37.870616],[-121.72039,37.875723],[-121.71041,37.877178],[-121.698409,37.874689],[-121.696594,37.880085],[-121.696485,37.887462],[-121.695085,37.887402],[-121.689755,37.884148],[-121.677923,37.871325],[-121.65301,37.856477],[-121.646654,37.848803],[-121.647149,37.838824],[-121.654361,37.832962],[-121.655707,37.819551],[-121.660912,37.816486],[-121.663569,37.812214],[-121.672738,37.80605],[-121.675152,37.803348],[-121.676965,37.798233],[-121.685038,37.796433],[-121.688767,37.793182],[-121.693919,37.791875],[-121.697322,37.782438],[-121.870733,37.740086],[-121.871786,37.744646],[-121.871325,37.752234],[-121.868202,37.755927],[-121.866438,37.765128],[-121.861702,37.775838],[-121.865187,37.795124],[-121.87257,37.798501],[-121.883234,37.799295],[-121.882571,37.800626],[-121.885774,37.804421],[-121.885183,37.808781],[-121.886463,37.811344],[-121.896234,37.812891],[-121.902272,37.816418],[-121.908321,37.817075],[-121.913793,37.812269],[-121.922467,37.812527],[-121.920712,37.818043],[-121.921713,37.822155],[-121.929307,37.825593],[-121.947334,37.830202],[-121.951975,37.83246]]]}},{"type":"Feature","properties":{"geoid":"06013324003","name":"Pleasant Valley","city":"Contra Costa Centre","county":"Contra Costa","centroid":[-122.05722275000001,37.929884]},"geometry":{"type":"Polygon","coordinates":[[[-122.060479,37.926458],[-122.060052,37.933319],[-122.053673,37.933223],[-122.054687,37.926536],[-122.060479,37.926458]]]}},{"type":"Feature","properties":{"geoid":"06013313107","name":"Pittsburg","city":"Pittsburg","county":"Contra Costa","centroid":[-121.88283726666667,37.99487593333333]},"geometry":{"type":"Polygon","coordinates":[[[-121.891702,37.993526],[-121.89162,37.996592],[-121.888889,37.997959],[-121.875061,37.997973],[-121.875514,37.995983],[-121.870774,37.996196],[-121.872007,37.992307],[-121.875987,37.990947],[-121.887416,37.991723],[-121.88457,37.994093],[-121.882676,37.996763],[-121.883373,37.997265],[-121.885916,37.995008],[-121.88767,37.99558],[-121.889384,37.991224],[-121.891702,37.993526]]]}},{"type":"Feature","properties":{"geoid":"06013351105","name":"Burton Valley","city":"Walnut Creek","county":"Contra Costa","centroid":[-122.07711987500001,37.874573625000004]},"geometry":{"type":"Polygon","coordinates":[[[-122.084692,37.874454],[-122.083019,37.877343],[-122.079213,37.875774],[-122.078317,37.877707],[-122.080595,37.881011],[-122.076274,37.880634],[-122.076406,37.881485],[-122.074194,37.877999],[-122.071623,37.876681],[-122.074081,37.874099],[-122.07334,37.87135],[-122.075516,37.871053],[-122.07426,37.867309],[-122.075037,37.866839],[-122.076911,37.866833],[-122.08044,37.872607],[-122.084692,37.874454]]]}},{"type":"Feature","properties":{"geoid":"06013345118","name":"Gale Ranch","city":"San Ramon","county":"Contra Costa","centroid":[-121.95010440000001,37.76940746666666]},"geometry":{"type":"Polygon","coordinates":[[[-121.975068,37.777206],[-121.95173,37.786619],[-121.94937,37.782919],[-121.951815,37.781623],[-121.951639,37.774218],[-121.949118,37.773867],[-121.942117,37.767754],[-121.941561,37.765497],[-121.939225,37.763551],[-121.940481,37.761941],[-121.94028,37.758296],[-121.943939,37.759605],[-121.951909,37.765767],[-121.958019,37.762196],[-121.965295,37.760053],[-121.975068,37.777206]]]}},{"type":"Feature","properties":{"geoid":"06013304001","name":"Unincorporated Contra Costa","city":"","county":"Contra Costa","centroid":[-121.74544244444442,37.89379711111111]},"geometry":{"type":"Polygon","coordinates":[[[-121.778891,37.918563],[-121.778112,37.925269],[-121.732829,37.925347],[-121.730983,37.911941],[-121.720754,37.903674],[-121.712475,37.903705],[-121.712546,37.895788],[-121.696344,37.896378],[-121.69655,37.880411],[-121.698409,37.874689],[-121.71041,37.877178],[-121.72039,37.875723],[-121.733028,37.870616],[-121.742386,37.870782],[-121.746867,37.869452],[-121.75477,37.870961],[-121.767225,37.877863],[-121.775948,37.881077],[-121.777333,37.882018],[-121.775752,37.885971],[-121.766306,37.894353],[-121.766759,37.897072],[-121.764695,37.898784],[-121.763408,37.907274],[-121.765027,37.908685],[-121.766032,37.913787],[-121.772717,37.915161],[-121.778891,37.918563]]]}},{"type":"Feature","properties":{"geoid":"06013355111","name":"Antioch","city":"Antioch","county":"Contra Costa","centroid":[-121.77558700000002,37.97828633333334]},"geometry":{"type":"Polygon","coordinates":[[[-121.786415,37.977827],[-121.78387,37.981513],[-121.785389,37.984801],[-121.783227,37.986843],[-121.774708,37.982946],[-121.769513,37.983156],[-121.76345,37.980365],[-121.762761,37.973653],[-121.769012,37.973645],[-121.772525,37.97116],[-121.773944,37.972319],[-121.78223,37.971208],[-121.786415,37.977827]]]}},{"type":"Feature","properties":{"geoid":"06013360102","name":"Richmond","city":"Richmond","county":"Contra Costa","centroid":[-122.26725663636365,37.97004686363637]},"geometry":{"type":"Polygon","coordinates":[[[-122.28748,37.970488],[-122.278492,37.970705],[-122.272091,37.97539],[-122.269913,37.973084],[-122.26824,37.973845],[-122.278857,37.980618],[-122.278248,37.983114],[-122.27207,37.980854],[-122.267041,37.981338],[-122.26321,37.978674],[-122.255324,37.976899],[-122.24772,37.972229],[-122.243152,37.971105],[-122.242927,37.96885],[-122.246354,37.964161],[-122.253231,37.963971],[-122.266349,37.959208],[-122.270604,37.955884],[-122.271941,37.953213],[-122.283204,37.960101],[-122.281131,37.961705],[-122.282067,37.965595],[-122.28748,37.970488]]]}},{"type":"Feature","properties":{"geoid":"06013302007","name":"Oakley","city":"Oakley","county":"Contra Costa","centroid":[-121.70652545454546,37.98910563636363]},"geometry":{"type":"Polygon","coordinates":[[[-121.716181,37.995042],[-121.716146,37.997804],[-121.711708,37.997792],[-121.70025,37.993884],[-121.694788,37.990638],[-121.697239,37.990613],[-121.695848,37.987204],[-121.696001,37.97133],[-121.714118,37.971467],[-121.713962,37.992309],[-121.715539,37.992079],[-121.716181,37.995042]]]}},{"type":"Feature","properties":{"geoid":"06013302009","name":"Antioch","city":"Antioch","county":"Contra Costa","centroid":[-121.75402027272729,37.975078545454544]},"geometry":{"type":"Polygon","coordinates":[[[-121.766074,37.981688],[-121.764879,37.982179],[-121.7605,37.979847],[-121.748945,37.983058],[-121.743619,37.983103],[-121.732388,37.971248],[-121.732425,37.961461],[-121.759964,37.96171],[-121.760096,37.969806],[-121.762733,37.972468],[-121.7626,37.979296],[-121.766074,37.981688]]]}},{"type":"Feature","properties":{"geoid":"06085504700","name":"Unincorporated Santa Clara","city":"","county":"Santa Clara","centroid":[-122.0555825,37.420151874999995]},"geometry":{"type":"Polygon","coordinates":[[[-122.06862,37.410197],[-122.068566,37.416807],[-122.063982,37.416591],[-122.06406,37.41906],[-122.060326,37.419479],[-122.05799,37.42649],[-122.059772,37.426839],[-122.059673,37.434039],[-122.054472,37.435739],[-122.049172,37.426139],[-122.043572,37.427239],[-122.034672,37.426438],[-122.03709,37.41874],[-122.037361,37.400906],[-122.06627,37.40752],[-122.063722,37.410207],[-122.06862,37.410197]]]}},{"type":"Feature","properties":{"geoid":"06081601902","name":"South San Francisco","city":"South San Francisco","county":"San Mateo","centroid":[-122.43836393749999,37.661681062499994]},"geometry":{"type":"Polygon","coordinates":[[[-122.451864,37.669184],[-122.450522,37.670038],[-122.447521,37.666589],[-122.442727,37.66422],[-122.439542,37.666907],[-122.433037,37.661324],[-122.433566,37.65988],[-122.430146,37.659594],[-122.430841,37.65766],[-122.42376,37.656097],[-122.424111,37.655107],[-122.427072,37.651848],[-122.434433,37.655079],[-122.444458,37.662774],[-122.448809,37.664103],[-122.451414,37.666493],[-122.451864,37.669184]]]}},{"type":"Feature","properties":{"geoid":"06081990100","name":"Unincorporated San Mateo","city":"","county":"San Mateo","centroid":[-122.38827552968034,37.41802959360731]},"geometry":{"type":"MultiPolygon","coordinates":[[[[-122.388976,37.708331],[-122.28178,37.70823],[-122.109574,37.497637],[-122.081473,37.477838],[-122.096762,37.461905],[-122.096426,37.466102],[-122.111237,37.466288],[-122.118112,37.473479],[-122.116474,37.478638],[-122.117372,37.478325],[-122.119696,37.484875],[-122.124548,37.50199],[-122.127073,37.506392],[-122.130446,37.509111],[-122.136018,37.511958],[-122.140035,37.511958],[-122.151657,37.507157],[-122.161628,37.506208],[-122.172653,37.511489],[-122.175708,37.515144],[-122.179029,37.523514],[-122.185029,37.524874],[-122.187385,37.522622],[-122.193494,37.526871],[-122.190387,37.533032],[-122.1912,37.537966],[-122.19302,37.539938],[-122.20097,37.54452],[-122.209025,37.545797],[-122.213367,37.544824],[-122.221906,37.547373],[-122.223829,37.552868],[-122.230664,37.556714],[-122.240935,37.556864],[-122.244605,37.565373],[-122.248325,37.570032],[-122.2619,37.578008],[-122.2724,37.574828],[-122.283564,37.579861],[-122.288414,37.579442],[-122.293132,37.577231],[-122.294919,37.579255],[-122.304212,37.579862],[-122.310184,37.584555],[-122.30952,37.589976],[-122.312891,37.596328],[-122.321468,37.596207],[-122.330392,37.593109],[-122.333434,37.596301],[-122.355655,37.596205],[-122.354933,37.607534],[-122.350597,37.615269],[-122.35208,37.618029],[-122.358836,37.621091],[-122.362272,37.630925],[-122.374821,37.635306],[-122.375754,37.637975],[-122.379315,37.639562],[-122.377608,37.644793],[-122.371523,37.653607],[-122.372266,37.657779],[-122.370187,37.661892],[-122.371523,37.665652],[-122.376866,37.667708],[-122.37751,37.679542],[-122.380979,37.681565],[-122.3846,37.681414],[-122.388976,37.708331]]],[[[-122.588177,37.579408],[-122.586454,37.592529],[-122.567497,37.639185],[-122.575189,37.706721],[-122.506931,37.708088],[-122.500425,37.680789],[-122.500425,37.667291],[-122.498311,37.66081],[-122.498539,37.637276],[-122.499975,37.624702],[-122.50297,37.621041],[-122.50173,37.611857],[-122.504939,37.610094],[-122.506116,37.607411],[-122.504667,37.602578],[-122.507167,37.600439],[-122.513966,37.602816],[-122.516466,37.602539],[-122.519116,37.599053],[-122.521965,37.598538],[-122.524814,37.595645],[-122.524414,37.591882],[-122.521315,37.58911],[-122.52216,37.579119],[-122.523852,37.577644],[-122.524553,37.573677],[-122.522172,37.569956],[-122.521754,37.565709],[-122.519241,37.563519],[-122.519911,37.557547],[-122.517818,37.554559],[-122.518656,37.548587],[-122.521419,37.544672],[-122.524014,37.536311],[-122.523587,37.531732],[-122.52183,37.529609],[-122.521329,37.521115],[-122.517815,37.517596],[-122.515222,37.510762],[-122.503677,37.500873],[-122.504512,37.495698],[-122.501418,37.491716],[-122.497161,37.491167],[-122.494599,37.488938],[-122.483916,37.48981],[-122.472377,37.49635],[-122.461267,37.488164],[-122.452053,37.471647],[-122.449759,37.461386],[-122.448613,37.438036],[-122.446852,37.431044],[-122.444122,37.428807],[-122.444122,37.42657],[-122.439814,37.421195],[-122.435762,37.409969],[-122.432105,37.407064],[-122.430326,37.402274],[-122.427066,37.399057],[-122.426769,37.390813],[-122.420048,37.382647],[-122.417479,37.376917],[-122.413091,37.373429],[-122.412028,37.362691],[-122.41022,37.359815],[-122.404902,37.357956],[-122.40437,37.355419],[-122.406285,37.348062],[-122.404902,37.339861],[-122.408093,37.325825],[-122.410449,37.298832],[-122.414892,37.27041],[-122.416973,37.267292],[-122.418809,37.258038],[-122.42236,37.250439],[-122.423339,37.240502],[-122.419524,37.23037],[-122.41561,37.226082],[-122.41194,37.217217],[-122.412918,37.211762],[-122.409371,37.204553],[-122.40876,37.193545],[-122.401419,37.18955],[-122.401175,37.184678],[-122.397751,37.178346],[-122.392613,37.177275],[-122.387109,37.179224],[-122.381402,37.176642],[-122.379495,37.17714],[-122.376391,37.173134],[-122.370891,37.16953],[-122.367101,37.165146],[-122.364168,37.155209],[-122.365513,37.149656],[-122.364657,37.147513],[-122.362702,37.145564],[-122.358668,37.145272],[-122.351946,37.140985],[-122.347668,37.14157],[-122.345957,37.137478],[-122.341679,37.133874],[-122.341923,37.124131],[-122.343513,37.120722],[-122.339957,37.114194],[-122.338124,37.113122],[-122.344477,37.109128],[-122.336536,37.10299],[-122.321022,37.111466],[-122.314792,37.112051],[-122.312226,37.11361],[-122.30001,37.108056],[-122.294887,37.104146],[-122.29941,37.096356],[-122.313899,37.054764],[-122.336414,37.053858],[-122.348208,37.055672],[-122.360003,37.058393],[-122.376086,37.065648],[-122.385739,37.075893],[-122.393127,37.087164],[-122.396875,37.102764],[-122.396916,37.109888],[-122.404395,37.113933],[-122.413362,37.121791],[-122.421347,37.135077],[-122.428467,37.137755],[-122.445632,37.150037],[-122.451513,37.158245],[-122.455426,37.166602],[-122.464117,37.177848],[-122.468053,37.187964],[-122.468501,37.195813],[-122.472235,37.212214],[-122.479071,37.221682],[-122.481703,37.229147],[-122.483142,37.23474],[-122.484046,37.249944],[-122.481774,37.271088],[-122.465869,37.34124],[-122.467005,37.349889],[-122.487454,37.388328],[-122.503543,37.411902],[-122.507734,37.422706],[-122.509889,37.441554],[-122.527596,37.446096],[-122.537338,37.450738],[-122.546996,37.457857],[-122.559524,37.469866],[-122.568095,37.479214],[-122.570958,37.484472],[-122.574963,37.499943],[-122.579563,37.545875],[-122.586454,37.561913],[-122.588177,37.579408]]]]}},{"type":"Feature","properties":{"geoid":"06001441927","name":"Centerville","city":"Fremont","county":"Alameda","centroid":[-121.97642125,37.5468375]},"geometry":{"type":"Polygon","coordinates":[[[-121.982543,37.545622],[-121.977734,37.55192],[-121.972262,37.549115],[-121.973146,37.540693],[-121.982543,37.545622]]]}},{"type":"Feature","properties":{"geoid":"06013980000","name":"Richmond","city":"Richmond","county":"Contra Costa","centroid":[-122.35382999999999,37.9935856]},"geometry":{"type":"Polygon","coordinates":[[[-122.356598,37.993149],[-122.355551,37.997771],[-122.350303,37.995446],[-122.353526,37.992582],[-122.353172,37.98898],[-122.356598,37.993149]]]}},{"type":"Feature","properties":{"geoid":"06013351104","name":"Burton Valley","city":"Walnut Creek","county":"Contra Costa","centroid":[-122.08046031250001,37.8716568125]},"geometry":{"type":"Polygon","coordinates":[[[-122.089701,37.881319],[-122.084701,37.881689],[-122.079928,37.880428],[-122.078298,37.877599],[-122.079213,37.875774],[-122.083019,37.877343],[-122.084627,37.874131],[-122.08044,37.872607],[-122.076911,37.866833],[-122.07426,37.867309],[-122.071415,37.863283],[-122.07495,37.860977],[-122.078962,37.860977],[-122.079862,37.865463],[-122.081605,37.865325],[-122.089473,37.875452],[-122.089701,37.881319]]]}},{"type":"Feature","properties":{"geoid":"06013346205","name":"Diablo","city":"Diablo","county":"Contra Costa","centroid":[-121.95062174285717,37.84690634285715]},"geometry":{"type":"Polygon","coordinates":[[[-121.980003,37.856525],[-121.979052,37.862133],[-121.969296,37.862425],[-121.966665,37.859786],[-121.963959,37.860573],[-121.956474,37.857918],[-121.955309,37.855169],[-121.950701,37.854188],[-121.949816,37.855204],[-121.941025,37.855127],[-121.940266,37.854005],[-121.934408,37.853763],[-121.933868,37.850391],[-121.921069,37.843025],[-121.922902,37.840849],[-121.926949,37.842827],[-121.93229,37.841478],[-121.933759,37.844023],[-121.937126,37.844356],[-121.938784,37.841055],[-121.9407,37.841922],[-121.940296,37.843186],[-121.943799,37.841947],[-121.946051,37.843341],[-121.947943,37.842212],[-121.95002,37.844101],[-121.949527,37.841123],[-121.947489,37.840385],[-121.951617,37.835169],[-121.95192,37.831928],[-121.965226,37.833705],[-121.96895,37.835708],[-121.978299,37.835072],[-121.978769,37.846024],[-121.977434,37.851079],[-121.980003,37.856525]]]}},{"type":"Feature","properties":{"geoid":"06013336104","name":"Four Corners","city":"Concord","county":"Contra Costa","centroid":[-122.0391895,37.96880316666667]},"geometry":{"type":"Polygon","coordinates":[[[-122.042978,37.970859],[-122.039388,37.972504],[-122.036649,37.968802],[-122.038852,37.967725],[-122.038154,37.966735],[-122.039116,37.966194],[-122.042978,37.970859]]]}},{"type":"Feature","properties":{"geoid":"06013339004","name":"Walnut Creek","city":"Walnut Creek","county":"Contra Costa","centroid":[-122.062931625,37.91041812500001]},"geometry":{"type":"Polygon","coordinates":[[[-122.069401,37.905327],[-122.06637,37.914354],[-122.064084,37.917261],[-122.056315,37.917154],[-122.058303,37.911017],[-122.057811,37.907083],[-122.063717,37.906622],[-122.067452,37.904527],[-122.069401,37.905327]]]}},{"type":"Feature","properties":{"geoid":"06013303105","name":"Brentwood","city":"Brentwood","county":"Contra Costa","centroid":[-121.7018368,37.9439768]},"geometry":{"type":"Polygon","coordinates":[[[-121.716722,37.954144],[-121.696168,37.954277],[-121.696318,37.936805],[-121.698947,37.937948],[-121.701029,37.93671],[-121.716722,37.954144]]]}},{"type":"Feature","properties":{"geoid":"06013313104","name":"Pittsburg","city":"Pittsburg","county":"Contra Costa","centroid":[-121.88660911111111,38.00659877777778]},"geometry":{"type":"Polygon","coordinates":[[[-121.896496,37.998276],[-121.889405,38.017102],[-121.882969,38.015536],[-121.884968,38.01422],[-121.887098,38.008685],[-121.884963,38.004743],[-121.886191,38.001636],[-121.884464,38.001207],[-121.882928,37.997984],[-121.896496,37.998276]]]}},{"type":"Feature","properties":{"geoid":"06013313203","name":"Unincorporated Contra Costa","city":"","county":"Contra Costa","centroid":[-121.92443107999999,38.00979684000001]},"geometry":{"type":"Polygon","coordinates":[[[-121.941943,38.017843],[-121.941888,38.019095],[-121.938139,38.019116],[-121.934715,38.016243],[-121.932042,38.017881],[-121.927236,38.018003],[-121.924886,38.016232],[-121.914784,38.013801],[-121.911719,38.00935],[-121.90757,38.00821],[-121.90785,37.999444],[-121.909932,38.000885],[-121.912603,37.998716],[-121.912576,37.99965],[-121.921829,38.002817],[-121.922747,38.005114],[-121.920908,38.00716],[-121.920812,38.009453],[-121.922966,38.009224],[-121.922564,38.010628],[-121.925555,38.011723],[-121.9283,38.005085],[-121.932726,38.005035],[-121.932701,38.012145],[-121.941786,38.012068],[-121.941943,38.017843]]]}},{"type":"Feature","properties":{"geoid":"06013355107","name":"Unincorporated Contra Costa","city":"","county":"Contra Costa","centroid":[-121.84091097590365,37.93772014457833]},"geometry":{"type":"Polygon","coordinates":[[[-121.926092,37.958458],[-121.923722,37.960706],[-121.921542,37.96034],[-121.914428,37.962678],[-121.91298,37.967551],[-121.910426,37.969797],[-121.910579,37.974907],[-121.900911,37.97921],[-121.898882,37.982917],[-121.894184,37.972011],[-121.884152,37.964836],[-121.882539,37.958384],[-121.874444,37.956103],[-121.869518,37.95764],[-121.86934,37.956441],[-121.865966,37.956022],[-121.862971,37.959146],[-121.86362,37.96835],[-121.861776,37.976072],[-121.855455,37.981337],[-121.852911,37.987199],[-121.841519,37.983317],[-121.829461,37.983112],[-121.825645,37.98018],[-121.812912,37.979435],[-121.811425,37.980151],[-121.811452,37.982548],[-121.809002,37.981691],[-121.805664,37.98249],[-121.802498,37.977056],[-121.804977,37.973459],[-121.805461,37.967575],[-121.812794,37.965463],[-121.822413,37.965345],[-121.821779,37.962812],[-121.824053,37.95459],[-121.821055,37.952609],[-121.83389,37.946403],[-121.837677,37.942808],[-121.837901,37.940919],[-121.83624,37.93797],[-121.831057,37.934974],[-121.830587,37.932955],[-121.826531,37.932872],[-121.824442,37.929677],[-121.817661,37.926075],[-121.813135,37.924916],[-121.803947,37.925648],[-121.799793,37.924811],[-121.796052,37.923832],[-121.787233,37.917972],[-121.778706,37.917962],[-121.76611,37.913838],[-121.765027,37.908685],[-121.763405,37.907204],[-121.764695,37.898784],[-121.766759,37.897072],[-121.76627,37.894434],[-121.775695,37.886041],[-121.777333,37.882018],[-121.795886,37.894605],[-121.800271,37.891035],[-121.807996,37.890594],[-121.81369,37.88711],[-121.817603,37.887708],[-121.819004,37.884727],[-121.821664,37.884819],[-121.824264,37.886902],[-121.831626,37.884747],[-121.839994,37.886344],[-121.842855,37.885716],[-121.847965,37.891243],[-121.856729,37.894146],[-121.86149,37.899773],[-121.871165,37.903235],[-121.876328,37.908467],[-121.882099,37.912103],[-121.885209,37.912448],[-121.902684,37.921713],[-121.914417,37.924826],[-121.914617,37.955142],[-121.924582,37.955496],[-121.924779,37.958065],[-121.926092,37.958458]]]}},{"type":"Feature","properties":{"geoid":"06013345115","name":"Norris Canyon","city":"Norris Canyon","county":"Contra Costa","centroid":[-121.9852084285714,37.74585857142857]},"geometry":{"type":"Polygon","coordinates":[[[-122.011767,37.747488],[-122.011291,37.754172],[-122.005962,37.753661],[-121.995622,37.76016],[-121.987249,37.760826],[-121.982865,37.763756],[-121.9761,37.759037],[-121.965295,37.760053],[-121.940195,37.723484],[-121.96004,37.718531],[-121.971938,37.730324],[-121.988097,37.733149],[-121.995426,37.738351],[-122.001071,37.739028],[-122.011767,37.747488]]]}},{"type":"Feature","properties":{"geoid":"06001404101","name":"Piedmont Avenue","city":"Oakland","county":"Alameda","centroid":[-122.24960337499999,37.829923875]},"geometry":{"type":"Polygon","coordinates":[[[-122.256203,37.828483],[-122.25241,37.834543],[-122.248742,37.831714],[-122.246698,37.833273],[-122.243288,37.830063],[-122.24768,37.826241],[-122.249353,37.828701],[-122.252453,37.826373],[-122.256203,37.828483]]]}},{"type":"Feature","properties":{"geoid":"06001405302","name":"Clinton","city":"Oakland","county":"Alameda","centroid":[-122.25500439999999,37.798407999999995]},"geometry":{"type":"Polygon","coordinates":[[[-122.259524,37.798536],[-122.254351,37.800567],[-122.250162,37.798427],[-122.253855,37.795785],[-122.25713,37.798725],[-122.259524,37.798536]]]}},{"type":"Feature","properties":{"geoid":"06001405600","name":"Cleveland Heights","city":"Oakland","county":"Alameda","centroid":[-122.2374094,37.8013642]},"geometry":{"type":"Polygon","coordinates":[[[-122.242836,37.800982],[-122.241671,37.802399],[-122.233397,37.804375],[-122.23117,37.802605],[-122.237973,37.79646],[-122.242836,37.800982]]]}},{"type":"Feature","properties":{"geoid":"06001406400","name":"Highland Park","city":"Oakland","county":"Alameda","centroid":[-122.22194499999999,37.795637]},"geometry":{"type":"Polygon","coordinates":[[[-122.226641,37.793651],[-122.22417,37.799977],[-122.216974,37.798404],[-122.219995,37.790516],[-122.226641,37.793651]]]}},{"type":"Feature","properties":{"geoid":"06085511608","name":"Stanford Hills","city":"Stanford","county":"Santa Clara","centroid":[-122.17604294736843,37.42897463157894]},"geometry":{"type":"Polygon","coordinates":[[[-122.191312,37.42545],[-122.189493,37.427341],[-122.189879,37.42883],[-122.182288,37.434498],[-122.17811,37.43344],[-122.17812,37.43172],[-122.17497,37.4308],[-122.17043,37.44111],[-122.16763,37.44363],[-122.165424,37.441929],[-122.16904,37.43123],[-122.17373,37.42636],[-122.17271,37.42615],[-122.17315,37.42275],[-122.16892,37.42238],[-122.16836,37.4214],[-122.16991,37.41994],[-122.17592,37.41942],[-122.18542,37.42214],[-122.191312,37.42545]]]}},{"type":"Feature","properties":{"geoid":"06001405700","name":"Highland Park","city":"Oakland","county":"Alameda","centroid":[-122.23045714285715,37.79787728571428]},"geometry":{"type":"Polygon","coordinates":[[[-122.23556,37.798995],[-122.23117,37.802605],[-122.22417,37.799977],[-122.226685,37.793545],[-122.231892,37.795952],[-122.2306,37.797476],[-122.233123,37.796591],[-122.23556,37.798995]]]}},{"type":"Feature","properties":{"geoid":"06001405800","name":"Highland Park","city":"Oakland","county":"Alameda","centroid":[-122.2326977142857,37.795240142857146]},"geometry":{"type":"Polygon","coordinates":[[[-122.239646,37.795268],[-122.236024,37.798408],[-122.233123,37.796591],[-122.2306,37.797476],[-122.231892,37.795952],[-122.226685,37.793545],[-122.230914,37.789441],[-122.239646,37.795268]]]}},{"type":"Feature","properties":{"geoid":"06001444301","name":"Newark","city":"Newark","county":"Alameda","centroid":[-122.05598971428572,37.53567957142857]},"geometry":{"type":"Polygon","coordinates":[[[-122.067333,37.540231],[-122.05518,37.549454],[-122.053085,37.540493],[-122.044662,37.533296],[-122.050004,37.529258],[-122.057921,37.527119],[-122.063743,37.529906],[-122.067333,37.540231]]]}},{"type":"Feature","properties":{"geoid":"06001450750","name":"Dublin","city":"Dublin","county":"Alameda","centroid":[-121.85918000000002,37.70668366666667]},"geometry":{"type":"Polygon","coordinates":[[[-121.872211,37.701702],[-121.87201,37.709806],[-121.858917,37.708538],[-121.852029,37.710428],[-121.850412,37.708274],[-121.849501,37.701354],[-121.872211,37.701702]]]}},{"type":"Feature","properties":{"geoid":"06001404700","name":"Oakmore Highlands","city":"Oakland","county":"Alameda","centroid":[-122.20831110000002,37.81147969999999]},"geometry":{"type":"Polygon","coordinates":[[[-122.214677,37.812688],[-122.212223,37.817055],[-122.207288,37.821554],[-122.197791,37.810589],[-122.201329,37.81041],[-122.207372,37.806409],[-122.209605,37.806913],[-122.209856,37.808614],[-122.21206,37.809955],[-122.21091,37.81061],[-122.214677,37.812688]]]}},{"type":"Feature","properties":{"geoid":"06001404800","name":"Oakmore Highlands","city":"Oakland","county":"Alameda","centroid":[-122.21194312499999,37.806921125]},"geometry":{"type":"Polygon","coordinates":[[[-122.218242,37.800881],[-122.213383,37.812182],[-122.21091,37.81061],[-122.21206,37.809955],[-122.209856,37.808614],[-122.209605,37.806913],[-122.207372,37.806409],[-122.214117,37.799805],[-122.218242,37.800881]]]}},{"type":"Feature","properties":{"geoid":"06001405200","name":"Cleveland Heights","city":"Oakland","county":"Alameda","centroid":[-122.24622916666668,37.80551833333333]},"geometry":{"type":"Polygon","coordinates":[[[-122.250597,37.805237],[-122.249148,37.808391],[-122.246504,37.809841],[-122.233397,37.804375],[-122.248411,37.800443],[-122.249318,37.804823],[-122.250597,37.805237]]]}},{"type":"Feature","properties":{"geoid":"06001405500","name":"Eastlake","city":"Oakland","county":"Alameda","centroid":[-122.2426566,37.798776]},"geometry":{"type":"Polygon","coordinates":[[[-122.248984,37.800323],[-122.241671,37.802399],[-122.242961,37.800873],[-122.237973,37.79646],[-122.241694,37.793825],[-122.248984,37.800323]]]}},{"type":"Feature","properties":{"geoid":"06001451403","name":"Portola Meadows","city":"Livermore","county":"Alameda","centroid":[-121.7847798,37.6910442]},"geometry":{"type":"Polygon","coordinates":[[[-121.79082,37.688435],[-121.790249,37.692485],[-121.784084,37.69552],[-121.775667,37.690491],[-121.783079,37.68829],[-121.79082,37.688435]]]}},{"type":"Feature","properties":{"geoid":"06001405100","name":"Trestle Glen","city":"Oakland","county":"Alameda","centroid":[-122.233119375,37.81156575]},"geometry":{"type":"Polygon","coordinates":[[[-122.243289,37.811055],[-122.238144,37.815118],[-122.232012,37.81433],[-122.233296,37.816492],[-122.220433,37.813439],[-122.227573,37.808152],[-122.233008,37.806888],[-122.2372,37.807052],[-122.243289,37.811055]]]}},{"type":"Feature","properties":{"geoid":"06001404900","name":"Glenview","city":"Oakland","county":"Alameda","centroid":[-122.219571375,37.804631875]},"geometry":{"type":"Polygon","coordinates":[[[-122.231096,37.802665],[-122.218107,37.809193],[-122.214677,37.812688],[-122.213383,37.812182],[-122.218248,37.800859],[-122.216221,37.800294],[-122.216974,37.798404],[-122.227865,37.80077],[-122.231096,37.802665]]]}},{"type":"Feature","properties":{"geoid":"06001405401","name":"Eastlake","city":"Oakland","county":"Alameda","centroid":[-122.24984283333333,37.7973785]},"geometry":{"type":"Polygon","coordinates":[[[-122.253855,37.795785],[-122.250162,37.798427],[-122.250539,37.800137],[-122.248984,37.800323],[-122.245002,37.796765],[-122.250515,37.792834],[-122.253855,37.795785]]]}},{"type":"Feature","properties":{"geoid":"06001451703","name":"Sandhurst","city":"Livermore","county":"Alameda","centroid":[-121.79884214285714,37.66796314285715]},"geometry":{"type":"Polygon","coordinates":[[[-121.80561,37.656097],[-121.805481,37.67616],[-121.795271,37.677255],[-121.795236,37.672068],[-121.793341,37.669514],[-121.798438,37.668664],[-121.798518,37.655984],[-121.80561,37.656097]]]}},{"type":"Feature","properties":{"geoid":"06001990000","name":"Oakland","city":"Oakland","county":"Alameda","centroid":[-122.21601566101698,37.68920505084747]},"geometry":{"type":"MultiPolygon","coordinates":[[[[-122.098588,37.494884],[-122.078016,37.495107],[-122.061484,37.491605],[-122.059886,37.469467],[-122.055941,37.463951],[-122.044587,37.460666],[-122.047825,37.459007],[-122.051931,37.459251],[-122.081473,37.477838],[-122.103995,37.493706],[-122.098588,37.494884]]],[[[-122.321342,37.770881],[-122.291808,37.763008],[-122.259468,37.752594],[-122.269116,37.737983],[-122.256542,37.721242],[-122.216153,37.695543],[-122.209088,37.696138],[-122.205473,37.702619],[-122.200476,37.692592],[-122.18058,37.670657],[-122.175288,37.670742],[-122.176785,37.669396],[-122.170687,37.670811],[-122.170627,37.667403],[-122.167076,37.667231],[-122.161132,37.646795],[-122.158496,37.632931],[-122.157553,37.621601],[-122.162477,37.614758],[-122.155859,37.611537],[-122.152417,37.599099],[-122.155013,37.591114],[-122.153507,37.582169],[-122.140998,37.562193],[-122.135769,37.558852],[-122.120401,37.532824],[-122.118521,37.526413],[-122.117393,37.506894],[-122.28178,37.70823],[-122.321342,37.770881]]],[[[-122.373121,37.883884],[-122.333398,37.892794],[-122.334735,37.889576],[-122.325893,37.874367],[-122.329231,37.871257],[-122.331368,37.866408],[-122.33237,37.859293],[-122.331234,37.857185],[-122.322356,37.853601],[-122.310806,37.854022],[-122.309592,37.845543],[-122.320093,37.843278],[-122.320248,37.838493],[-122.318746,37.835417],[-122.312273,37.832201],[-122.317478,37.832307],[-122.341039,37.826457],[-122.34093,37.81953],[-122.346681,37.811027],[-122.367781,37.866726],[-122.373121,37.883884]]]]}},{"type":"Feature","properties":{"geoid":"06085503329","name":"Evergreen","city":"San Jose","county":"Santa Clara","centroid":[-121.7791038,37.31035860000001]},"geometry":{"type":"Polygon","coordinates":[[[-121.791524,37.313966],[-121.775182,37.316412],[-121.77051,37.307022],[-121.777872,37.305974],[-121.780431,37.308419],[-121.791524,37.313966]]]}},{"type":"Feature","properties":{"geoid":"06085512032","name":"San Jose","city":"San Jose","county":"Santa Clara","centroid":[-121.78491172727273,37.23306054545454]},"geometry":{"type":"Polygon","coordinates":[[[-121.792659,37.240452],[-121.786095,37.245854],[-121.773072,37.238033],[-121.772471,37.231805],[-121.782865,37.220447],[-121.782424,37.218171],[-121.791056,37.225103],[-121.790555,37.229917],[-121.784202,37.235574],[-121.789531,37.23877],[-121.789099,37.23954],[-121.792659,37.240452]]]}},{"type":"Feature","properties":{"geoid":"06085511916","name":"San Jose","city":"San Jose","county":"Santa Clara","centroid":[-121.89749328571429,37.236207285714286]},"geometry":{"type":"Polygon","coordinates":[[[-121.904563,37.229211],[-121.903457,37.232284],[-121.903796,37.240136],[-121.891973,37.245519],[-121.888544,37.242604],[-121.886649,37.237889],[-121.903471,37.225808],[-121.904563,37.229211]]]}},{"type":"Feature","properties":{"geoid":"06001442302","name":"Irvington","city":"Fremont","county":"Alameda","centroid":[-121.96155785714286,37.5347]},"geometry":{"type":"Polygon","coordinates":[[[-121.96873,37.532341],[-121.960601,37.541672],[-121.95517,37.541603],[-121.953995,37.533106],[-121.963589,37.532982],[-121.963264,37.530728],[-121.965556,37.530468],[-121.96873,37.532341]]]}},{"type":"Feature","properties":{"geoid":"06001406602","name":"Dimond","city":"Oakland","county":"Alameda","centroid":[-122.21457725,37.796251250000005]},"geometry":{"type":"Polygon","coordinates":[[[-122.218469,37.794476],[-122.216221,37.800294],[-122.208794,37.798478],[-122.214825,37.791757],[-122.218469,37.794476]]]}},{"type":"Feature","properties":{"geoid":"06001407101","name":"East Oakland","city":"Oakland","county":"Alameda","centroid":[-122.21419800000001,37.78316875]},"geometry":{"type":"Polygon","coordinates":[[[-122.2191,37.7822],[-122.211978,37.78704],[-122.209049,37.784397],[-122.216665,37.779038],[-122.2191,37.7822]]]}},{"type":"Feature","properties":{"geoid":"06001407102","name":"East Oakland","city":"Oakland","county":"Alameda","centroid":[-122.21065716666665,37.78260799999999]},"geometry":{"type":"Polygon","coordinates":[[[-122.216665,37.779038],[-122.209049,37.784397],[-122.211978,37.78704],[-122.210377,37.787975],[-122.20414,37.782517],[-122.211734,37.774681],[-122.216665,37.779038]]]}},{"type":"Feature","properties":{"geoid":"06001432501","name":"Mulford","city":"San Leandro","county":"Alameda","centroid":[-122.1658435,37.71681325]},"geometry":{"type":"Polygon","coordinates":[[[-122.176864,37.719098],[-122.164245,37.722651],[-122.155593,37.715082],[-122.166672,37.710422],[-122.176864,37.719098]]]}},{"type":"Feature","properties":{"geoid":"06001406201","name":"Jingletown","city":"Oakland","county":"Alameda","centroid":[-122.23090049999999,37.7849295]},"geometry":{"type":"Polygon","coordinates":[[[-122.2359,37.78341],[-122.230914,37.789441],[-122.225307,37.786098],[-122.231481,37.780769],[-122.2359,37.78341]]]}},{"type":"Feature","properties":{"geoid":"06001406202","name":"Fruitvale","city":"Oakland","county":"Alameda","centroid":[-122.2261765,37.78239725]},"geometry":{"type":"Polygon","coordinates":[[[-122.231347,37.78091],[-122.225307,37.786098],[-122.222249,37.784938],[-122.225803,37.777643],[-122.231347,37.78091]]]}},{"type":"Feature","properties":{"geoid":"06001406300","name":"Highland Park","city":"Oakland","county":"Alameda","centroid":[-122.22492274999999,37.7896485]},"geometry":{"type":"Polygon","coordinates":[[[-122.230762,37.789595],[-122.226685,37.793545],[-122.219995,37.790516],[-122.222249,37.784938],[-122.230762,37.789595]]]}},{"type":"Feature","properties":{"geoid":"06085503333","name":"Evergreen","city":"San Jose","county":"Santa Clara","centroid":[-121.7864848666667,37.302321799999994]},"geometry":{"type":"Polygon","coordinates":[[[-121.80205,37.305431],[-121.797881,37.306615],[-121.795023,37.303674],[-121.794308,37.306198],[-121.787966,37.307854],[-121.787624,37.306451],[-121.784676,37.306143],[-121.778727,37.301191],[-121.774548,37.301858],[-121.774905,37.30093],[-121.771625,37.299159],[-121.776213,37.297283],[-121.782627,37.297447],[-121.788371,37.294895],[-121.800729,37.299698],[-121.80205,37.305431]]]}},{"type":"Feature","properties":{"geoid":"06001450501","name":"Dublin","city":"Dublin","county":"Alameda","centroid":[-121.9425084,37.7078592]},"geometry":{"type":"Polygon","coordinates":[[[-121.948112,37.710493],[-121.945255,37.713227],[-121.93948,37.713876],[-121.935788,37.70209],[-121.943907,37.69961],[-121.948112,37.710493]]]}},{"type":"Feature","properties":{"geoid":"06075025200","name":"Bernal Heights","city":"San Francisco","county":"San Francisco","centroid":[-122.41454136363637,37.74353218181819]},"geometry":{"type":"Polygon","coordinates":[[[-122.419121,37.746775],[-122.418206,37.748203],[-122.410551,37.748367],[-122.410338,37.743749],[-122.409361,37.743263],[-122.410662,37.742424],[-122.410507,37.739779],[-122.418584,37.739297],[-122.41777,37.740564],[-122.418752,37.74118],[-122.416103,37.745253],[-122.419121,37.746775]]]}},{"type":"Feature","properties":{"geoid":"06075025300","name":"Bernal Heights","city":"San Francisco","county":"San Francisco","centroid":[-122.4200493,37.7435418]},"geometry":{"type":"Polygon","coordinates":[[[-122.424258,37.739935],[-122.422293,37.745184],[-122.422565,37.748],[-122.418206,37.748203],[-122.419121,37.746775],[-122.416103,37.745253],[-122.418752,37.74118],[-122.41777,37.740564],[-122.418584,37.739297],[-122.422841,37.741027],[-122.424258,37.739935]]]}},{"type":"Feature","properties":{"geoid":"06075025402","name":"Bernal Heights","city":"San Francisco","county":"San Francisco","centroid":[-122.41196433333334,37.73722083333333]},"geometry":{"type":"Polygon","coordinates":[[[-122.41676,37.735605],[-122.415899,37.739002],[-122.410115,37.739755],[-122.410377,37.736894],[-122.408217,37.737612],[-122.410418,37.734457],[-122.41676,37.735605]]]}},{"type":"Feature","properties":{"geoid":"06075025600","name":"St. Mary's Park","city":"San Francisco","county":"San Francisco","centroid":[-122.42165724999998,37.728947375000004]},"geometry":{"type":"Polygon","coordinates":[[[-122.43125,37.728818],[-122.428038,37.732016],[-122.419244,37.73206],[-122.419486,37.729046],[-122.415193,37.729223],[-122.41446,37.727457],[-122.421847,37.724199],[-122.42374,37.72876],[-122.43125,37.728818]]]}},{"type":"Feature","properties":{"geoid":"06075025800","name":"Visitacion Valley","city":"San Francisco","county":"San Francisco","centroid":[-122.401415,37.720698000000006]},"geometry":{"type":"Polygon","coordinates":[[[-122.405572,37.724461],[-122.4026,37.725235],[-122.400785,37.723616],[-122.39867,37.717508],[-122.39974,37.716183],[-122.400435,37.719162],[-122.402103,37.718721],[-122.405572,37.724461]]]}},{"type":"Feature","properties":{"geoid":"06075025900","name":"Portola","city":"San Francisco","county":"San Francisco","centroid":[-122.41099742857145,37.722265785714285]},"geometry":{"type":"Polygon","coordinates":[[[-122.419875,37.72471],[-122.417906,37.725221],[-122.418404,37.726425],[-122.410519,37.728488],[-122.408529,37.723688],[-122.405572,37.724461],[-122.402103,37.718721],[-122.4061,37.719837],[-122.407272,37.71782],[-122.408255,37.71809],[-122.408921,37.719367],[-122.41099,37.719074],[-122.412969,37.723858],[-122.416549,37.721961],[-122.419875,37.72471]]]}},{"type":"Feature","properties":{"geoid":"06075026002","name":"St. Mary's Park","city":"San Francisco","county":"San Francisco","centroid":[-122.42701114285715,37.725743]},"geometry":{"type":"Polygon","coordinates":[[[-122.432363,37.727717],[-122.431294,37.72873],[-122.42374,37.72876],[-122.421847,37.724199],[-122.424848,37.722053],[-122.428074,37.723591],[-122.426912,37.725151],[-122.432363,37.727717]]]}},{"type":"Feature","properties":{"geoid":"06075026004","name":"Excelsior","city":"San Francisco","county":"San Francisco","centroid":[-122.43457183333334,37.71782916666667]},"geometry":{"type":"Polygon","coordinates":[[[-122.44041,37.717327],[-122.43715,37.721575],[-122.432385,37.719298],[-122.433555,37.717744],[-122.431154,37.716594],[-122.432777,37.714437],[-122.44041,37.717327]]]}},{"type":"Feature","properties":{"geoid":"06075020500","name":"Castro","city":"San Francisco","county":"San Francisco","centroid":[-122.43702350000001,37.75912025]},"geometry":{"type":"Polygon","coordinates":[[[-122.439491,37.762227],[-122.435193,37.762727],[-122.434546,37.756093],[-122.438864,37.755434],[-122.439491,37.762227]]]}},{"type":"Feature","properties":{"geoid":"06075061000","name":"Little Hollywood","city":"San Francisco","county":"San Francisco","centroid":[-122.39090914285714,37.714305]},"geometry":{"type":"Polygon","coordinates":[[[-122.405443,37.708355],[-122.403109,37.711998],[-122.399367,37.714598],[-122.396682,37.720266],[-122.388131,37.716298],[-122.383251,37.720289],[-122.360381,37.708331],[-122.405443,37.708355]]]}},{"type":"Feature","properties":{"geoid":"06075026100","name":"Outer Mission","city":"San Francisco","county":"San Francisco","centroid":[-122.44391375000001,37.7195255]},"geometry":{"type":"Polygon","coordinates":[[[-122.448686,37.717596],[-122.447878,37.723005],[-122.435385,37.723909],[-122.443706,37.713592],[-122.448686,37.717596]]]}},{"type":"Feature","properties":{"geoid":"06075020401","name":"Castro","city":"San Francisco","county":"San Francisco","centroid":[-122.44358771428571,37.75920842857143]},"geometry":{"type":"Polygon","coordinates":[[[-122.447915,37.757589],[-122.446395,37.758856],[-122.446783,37.761781],[-122.439491,37.762227],[-122.439167,37.759028],[-122.442175,37.758939],[-122.443188,37.756039],[-122.447915,37.757589]]]}},{"type":"Feature","properties":{"geoid":"06075060400","name":"Ingleside Terraces","city":"San Francisco","county":"San Francisco","centroid":[-122.49146649999999,37.723878125]},"geometry":{"type":"Polygon","coordinates":[[[-122.512732,37.735087],[-122.501595,37.735438],[-122.496564,37.733856],[-122.498193,37.731912],[-122.496699,37.729124],[-122.49176,37.728815],[-122.489205,37.730319],[-122.485722,37.729292],[-122.483953,37.727025],[-122.485127,37.723948],[-122.485275,37.714823],[-122.476624,37.714567],[-122.471355,37.712802],[-122.471329,37.708233],[-122.507103,37.708085],[-122.510228,37.718724],[-122.512732,37.735087]]]}},{"type":"Feature","properties":{"geoid":"06075026301","name":"Crocker-Amazon","city":"San Francisco","county":"San Francisco","centroid":[-122.43839114285716,37.71348214285714]},"geometry":{"type":"Polygon","coordinates":[[[-122.444571,37.712783],[-122.440418,37.717245],[-122.432777,37.714437],[-122.433682,37.713181],[-122.436144,37.714254],[-122.437811,37.71192],[-122.443335,37.710555],[-122.444571,37.712783]]]}},{"type":"Feature","properties":{"geoid":"06075026302","name":"Crocker-Amazon","city":"San Francisco","county":"San Francisco","centroid":[-122.43005589999999,37.711904999999994]},"geometry":{"type":"Polygon","coordinates":[[[-122.437918,37.71177],[-122.436144,37.714254],[-122.433682,37.713181],[-122.431154,37.716594],[-122.425548,37.714517],[-122.426658,37.711435],[-122.427648,37.711616],[-122.423328,37.709315],[-122.42389,37.708236],[-122.434589,37.708132],[-122.437918,37.71177]]]}},{"type":"Feature","properties":{"geoid":"06075026403","name":"Visitacion Valley","city":"San Francisco","county":"San Francisco","centroid":[-122.40668328571428,37.71184628571428]},"geometry":{"type":"Polygon","coordinates":[[[-122.41236,37.708328],[-122.410641,37.712206],[-122.407927,37.711448],[-122.406189,37.715244],[-122.402188,37.714731],[-122.402113,37.712712],[-122.405365,37.708255],[-122.41236,37.708328]]]}},{"type":"Feature","properties":{"geoid":"06075026303","name":"Crocker-Amazon","city":"San Francisco","county":"San Francisco","centroid":[-122.44217199999999,37.710459166666666]},"geometry":{"type":"Polygon","coordinates":[[[-122.454356,37.708232],[-122.444571,37.712783],[-122.443335,37.710555],[-122.437811,37.71192],[-122.43837,37.711133],[-122.434589,37.708132],[-122.454356,37.708232]]]}},{"type":"Feature","properties":{"geoid":"06075026401","name":"Visitacion Valley","city":"San Francisco","county":"San Francisco","centroid":[-122.41210149999999,37.7135726]},"geometry":{"type":"Polygon","coordinates":[[[-122.41621,37.714531],[-122.415659,37.715492],[-122.411316,37.714367],[-122.410433,37.716414],[-122.406189,37.715244],[-122.407927,37.711448],[-122.410641,37.712206],[-122.411349,37.710605],[-122.416,37.711915],[-122.415291,37.713504],[-122.41621,37.714531]]]}},{"type":"Feature","properties":{"geoid":"06075026402","name":"Visitacion Valley","city":"San Francisco","county":"San Francisco","centroid":[-122.40380941666666,37.71695008333333]},"geometry":{"type":"Polygon","coordinates":[[[-122.410433,37.716414],[-122.40802,37.716509],[-122.408255,37.71809],[-122.407272,37.71782],[-122.4061,37.719837],[-122.403555,37.718337],[-122.400435,37.719162],[-122.39974,37.716183],[-122.39867,37.717508],[-122.398499,37.716544],[-122.402546,37.712266],[-122.402188,37.714731],[-122.410433,37.716414]]]}},{"type":"Feature","properties":{"geoid":"06075030101","name":"Inner Sunset","city":"San Francisco","county":"San Francisco","centroid":[-122.45931639999999,37.763561800000005]},"geometry":{"type":"Polygon","coordinates":[[[-122.464312,37.766072],[-122.452947,37.766374],[-122.452569,37.764509],[-122.462972,37.762316],[-122.463782,37.758538],[-122.464312,37.766072]]]}},{"type":"Feature","properties":{"geoid":"06075030102","name":"Forest Knolls","city":"San Francisco","county":"San Francisco","centroid":[-122.4553455,37.758537833333335]},"geometry":{"type":"Polygon","coordinates":[[[-122.463782,37.758538],[-122.462972,37.762316],[-122.455466,37.764161],[-122.452569,37.764509],[-122.451958,37.761478],[-122.44641,37.761094],[-122.447303,37.757891],[-122.448535,37.759045],[-122.453872,37.757378],[-122.456448,37.751483],[-122.46147,37.751522],[-122.463361,37.753039],[-122.463782,37.758538]]]}},{"type":"Feature","properties":{"geoid":"06075030201","name":"Inner Sunset","city":"San Francisco","county":"San Francisco","centroid":[-122.473772,37.7628065]},"geometry":{"type":"Polygon","coordinates":[[[-122.477261,37.765486],[-122.47073,37.765779],[-122.470335,37.760124],[-122.476762,37.759837],[-122.477261,37.765486]]]}},{"type":"Feature","properties":{"geoid":"06075030301","name":"Golden Gate Heights","city":"San Francisco","county":"San Francisco","centroid":[-122.47074285714287,37.75616371428571]},"geometry":{"type":"Polygon","coordinates":[[[-122.476762,37.759837],[-122.463912,37.760405],[-122.463361,37.753039],[-122.47068,37.752376],[-122.471168,37.755099],[-122.472717,37.756282],[-122.4766,37.756108],[-122.476762,37.759837]]]}},{"type":"Feature","properties":{"geoid":"06075030302","name":"Golden Gate Heights","city":"San Francisco","county":"San Francisco","centroid":[-122.46977455555553,37.75251388888889]},"geometry":{"type":"Polygon","coordinates":[[[-122.4766,37.756108],[-122.472717,37.756282],[-122.471168,37.755099],[-122.47068,37.752376],[-122.464462,37.752899],[-122.463408,37.751204],[-122.466469,37.750939],[-122.466336,37.749075],[-122.476131,37.748643],[-122.4766,37.756108]]]}},{"type":"Feature","properties":{"geoid":"06075030400","name":"Forest Hill","city":"San Francisco","county":"San Francisco","centroid":[-122.4664682222222,37.748929555555556]},"geometry":{"type":"Polygon","coordinates":[[[-122.476131,37.748643],[-122.466336,37.749075],[-122.466469,37.750939],[-122.463408,37.751204],[-122.464462,37.752899],[-122.463361,37.753039],[-122.458635,37.747769],[-122.463686,37.743749],[-122.475726,37.743049],[-122.476131,37.748643]]]}},{"type":"Feature","properties":{"geoid":"06081611700","name":"Menlo Park","city":"Menlo Park","county":"San Mateo","centroid":[-122.16410083999999,37.49273008000001]},"geometry":{"type":"Polygon","coordinates":[[[-122.189498,37.487529],[-122.183696,37.488351],[-122.178497,37.486989],[-122.17946,37.488015],[-122.179149,37.489405],[-122.178442,37.488956],[-122.178182,37.498268],[-122.173044,37.496217],[-122.168765,37.496332],[-122.164773,37.499566],[-122.161628,37.506208],[-122.151657,37.507157],[-122.140035,37.511958],[-122.136018,37.511958],[-122.130446,37.509111],[-122.127073,37.506392],[-122.124484,37.501797],[-122.145338,37.48385],[-122.15018,37.481977],[-122.156522,37.469536],[-122.172686,37.47898],[-122.186013,37.478015],[-122.181906,37.48252],[-122.182876,37.483998],[-122.182153,37.485167],[-122.189498,37.487529]]]}},{"type":"Feature","properties":{"geoid":"06075030500","name":"Midtown Terrace","city":"San Francisco","county":"San Francisco","centroid":[-122.45082146666664,37.751914866666674]},"geometry":{"type":"Polygon","coordinates":[[[-122.46147,37.751522],[-122.456448,37.751483],[-122.454027,37.75718],[-122.450929,37.758725],[-122.448535,37.759045],[-122.445268,37.755921],[-122.447962,37.755673],[-122.447034,37.751659],[-122.449717,37.74954],[-122.447958,37.75027],[-122.445697,37.748855],[-122.447696,37.749485],[-122.449146,37.74686],[-122.451692,37.745629],[-122.458743,37.746876],[-122.46147,37.751522]]]}},{"type":"Feature","properties":{"geoid":"06075030600","name":"Forest Hill","city":"San Francisco","county":"San Francisco","centroid":[-122.45646142857143,37.74329914285715]},"geometry":{"type":"Polygon","coordinates":[[[-122.463409,37.743967],[-122.459174,37.747286],[-122.451692,37.745629],[-122.449861,37.743265],[-122.453644,37.743312],[-122.458527,37.739037],[-122.458923,37.740598],[-122.463409,37.743967]]]}},{"type":"Feature","properties":{"geoid":"06075030700","name":"Sunnyside","city":"San Francisco","county":"San Francisco","centroid":[-122.4497779,37.7368759]},"geometry":{"type":"Polygon","coordinates":[[[-122.46043,37.737655],[-122.453644,37.743312],[-122.44979,37.743257],[-122.442597,37.739548],[-122.443744,37.735739],[-122.438408,37.734341],[-122.438816,37.733087],[-122.454052,37.73299],[-122.456793,37.734539],[-122.459505,37.734291],[-122.46043,37.737655]]]}},{"type":"Feature","properties":{"geoid":"06075030800","name":"West Portal","city":"San Francisco","county":"San Francisco","centroid":[-122.46459827272726,37.73828627272727]},"geometry":{"type":"Polygon","coordinates":[[[-122.475726,37.743049],[-122.463686,37.743749],[-122.461671,37.742863],[-122.458923,37.740598],[-122.46043,37.737655],[-122.459391,37.734425],[-122.463136,37.737023],[-122.463077,37.735845],[-122.46489,37.736045],[-122.464462,37.735135],[-122.475189,37.734762],[-122.475726,37.743049]]]}},{"type":"Feature","properties":{"geoid":"06085507002","name":"Los Gatos","city":"Los Gatos","county":"Santa Clara","centroid":[-121.95933592500005,37.21102177499999]},"geometry":{"type":"Polygon","coordinates":[[[-121.988816,37.202361],[-121.986922,37.20247],[-121.986055,37.207942],[-121.987492,37.210157],[-121.984225,37.213764],[-121.97919,37.21382],[-121.97803,37.21236],[-121.980825,37.210129],[-121.979649,37.208634],[-121.976705,37.208119],[-121.97457,37.21024],[-121.97232,37.210086],[-121.972841,37.212668],[-121.971744,37.212745],[-121.970152,37.217238],[-121.974158,37.221045],[-121.96789,37.22736],[-121.95641,37.22426],[-121.953597,37.221426],[-121.9534,37.21913],[-121.94846,37.2171],[-121.943429,37.216894],[-121.942997,37.218565],[-121.933603,37.21963],[-121.93199,37.21855],[-121.93389,37.21823],[-121.929326,37.217414],[-121.923967,37.22005],[-121.912442,37.2169],[-121.912431,37.212102],[-121.922003,37.204676],[-121.923632,37.200824],[-121.927884,37.197061],[-121.928242,37.194693],[-121.955468,37.197804],[-121.972174,37.203344],[-121.98055,37.20098],[-121.98329,37.19891],[-121.98535,37.20078],[-121.987318,37.20041],[-121.988816,37.202361]]]}},{"type":"Feature","properties":{"geoid":"06085503506","name":"San Jose","city":"San Jose","county":"Santa Clara","centroid":[-121.827055,37.34344575]},"geometry":{"type":"Polygon","coordinates":[[[-121.834837,37.3455],[-121.827006,37.350833],[-121.820054,37.340738],[-121.826323,37.336712],[-121.834837,37.3455]]]}},{"type":"Feature","properties":{"geoid":"06085512001","name":"Unincorporated Santa Clara","city":"","county":"Santa Clara","centroid":[-121.76430157894737,37.25793652631579]},"geometry":{"type":"Polygon","coordinates":[[[-121.809566,37.286033],[-121.79975,37.284064],[-121.795088,37.281569],[-121.776167,37.279503],[-121.772388,37.274963],[-121.771953,37.270989],[-121.767628,37.271733],[-121.765656,37.268791],[-121.763109,37.268719],[-121.746271,37.258501],[-121.718394,37.236918],[-121.726736,37.237572],[-121.729356,37.235038],[-121.739827,37.234957],[-121.746438,37.231928],[-121.747478,37.229526],[-121.748395,37.230008],[-121.796994,37.257591],[-121.800536,37.262391],[-121.809566,37.286033]]]}},{"type":"Feature","properties":{"geoid":"06085510300","name":"Los Altos","city":"Los Altos","county":"Santa Clara","centroid":[-122.11646409090912,37.375597181818186]},"geometry":{"type":"Polygon","coordinates":[[[-122.124002,37.380465],[-122.114048,37.381339],[-122.11408,37.38496],[-122.09726,37.38499],[-122.11633,37.36475],[-122.11845,37.367715],[-122.117646,37.369977],[-122.12044,37.37117],[-122.118703,37.372963],[-122.120114,37.374664],[-122.120032,37.378576],[-122.124002,37.380465]]]}},{"type":"Feature","properties":{"geoid":"06085504602","name":"Alviso","city":"San Jose","county":"Santa Clara","centroid":[-121.97902742499996,37.447879975000006]},"geometry":{"type":"Polygon","coordinates":[[[-122.059992,37.444022],[-122.059673,37.464087],[-122.050313,37.4589],[-122.046574,37.459526],[-122.036182,37.464966],[-121.996671,37.467239],[-121.992669,37.464639],[-121.980014,37.460892],[-121.975071,37.460639],[-121.959313,37.463515],[-121.949602,37.461408],[-121.946409,37.463362],[-121.947087,37.467424],[-121.944914,37.469163],[-121.944226,37.465822],[-121.941085,37.464948],[-121.939241,37.462487],[-121.936025,37.462929],[-121.934732,37.460524],[-121.931199,37.460644],[-121.931128,37.45739],[-121.932712,37.456842],[-121.932626,37.455147],[-121.928444,37.457394],[-121.92785,37.455262],[-121.926294,37.454573],[-121.923001,37.455296],[-121.918293,37.430409],[-121.916383,37.425772],[-121.943735,37.419472],[-121.970113,37.418807],[-121.987577,37.411822],[-122.035937,37.400637],[-122.037361,37.400906],[-122.03709,37.41874],[-122.034672,37.426438],[-122.043572,37.427239],[-122.049172,37.426139],[-122.054472,37.435739],[-122.059673,37.434039],[-122.059992,37.444022]]]}},{"type":"Feature","properties":{"geoid":"06085512307","name":"Unincorporated Santa Clara","city":"","county":"Santa Clara","centroid":[-121.63775608333333,37.100849833333335]},"geometry":{"type":"Polygon","coordinates":[[[-121.65773,37.10601],[-121.645743,37.112528],[-121.63771,37.11501],[-121.6369,37.11309],[-121.64072,37.11097],[-121.61843,37.09706],[-121.61481,37.09259],[-121.62765,37.0876],[-121.63605,37.08867],[-121.64046,37.09225],[-121.64546,37.09305],[-121.65141,37.10137],[-121.65773,37.10601]]]}},{"type":"Feature","properties":{"geoid":"06085511910","name":"Almaden Valley","city":"San Jose","county":"Santa Clara","centroid":[-121.86847007692306,37.211091230769235]},"geometry":{"type":"Polygon","coordinates":[[[-121.882074,37.221706],[-121.867314,37.221353],[-121.867205,37.214833],[-121.862869,37.213738],[-121.860157,37.210141],[-121.857798,37.210288],[-121.858982,37.204144],[-121.867488,37.205312],[-121.869988,37.204294],[-121.873625,37.205499],[-121.87162,37.207439],[-121.87553,37.210892],[-121.875461,37.214547],[-121.882074,37.221706]]]}},{"type":"Feature","properties":{"geoid":"06085505700","name":"Newhall","city":"Santa Clara","county":"Santa Clara","centroid":[-121.94587831578947,37.34559094736842]},"geometry":{"type":"Polygon","coordinates":[[[-121.95713,37.35228],[-121.95452,37.35228],[-121.953773,37.350992],[-121.94964,37.35135],[-121.9491,37.3504],[-121.95032,37.34996],[-121.94718,37.34436],[-121.93972,37.34697],[-121.93782,37.34355],[-121.936363,37.344148],[-121.931242,37.339899],[-121.931719,37.338844],[-121.933606,37.337312],[-121.93823,37.3384],[-121.95016,37.338066],[-121.953365,37.345507],[-121.95122,37.34634],[-121.95221,37.34817],[-121.95437,37.3474],[-121.95713,37.35228]]]}},{"type":"Feature","properties":{"geoid":"06085506900","name":"Unincorporated Santa Clara","city":"","county":"Santa Clara","centroid":[-121.93418860000001,37.22419283999999]},"geometry":{"type":"Polygon","coordinates":[[[-121.964398,37.23296],[-121.96312,37.23569],[-121.95157,37.23484],[-121.94477,37.23654],[-121.903523,37.236363],[-121.904563,37.229211],[-121.903732,37.226181],[-121.905747,37.225356],[-121.906573,37.222326],[-121.909199,37.220178],[-121.908939,37.218167],[-121.912442,37.2169],[-121.923967,37.22005],[-121.929326,37.217414],[-121.93389,37.21823],[-121.93199,37.21855],[-121.933603,37.21963],[-121.942997,37.218565],[-121.943429,37.216894],[-121.94846,37.2171],[-121.9534,37.21913],[-121.953597,37.221426],[-121.95641,37.22426],[-121.9643,37.22659],[-121.96077,37.23227],[-121.964398,37.23296]]]}},{"type":"Feature","properties":{"geoid":"06085507301","name":"Saratoga","city":"Saratoga","county":"Santa Clara","centroid":[-122.00524360000001,37.2549721]},"geometry":{"type":"Polygon","coordinates":[[[-122.032052,37.259268],[-122.0234,37.2639],[-122.00822,37.27646],[-121.990655,37.269106],[-121.992893,37.253449],[-121.995441,37.250921],[-121.995245,37.246643],[-121.998317,37.242718],[-122.002453,37.241506],[-122.01376,37.24575],[-122.032052,37.259268]]]}},{"type":"Feature","properties":{"geoid":"06085503105","name":"Little Saigon","city":"San Jose","county":"Santa Clara","centroid":[-121.857079,37.327807]},"geometry":{"type":"Polygon","coordinates":[[[-121.868262,37.329417],[-121.857157,37.336268],[-121.853638,37.332736],[-121.857459,37.330169],[-121.849394,37.322039],[-121.856564,37.316213],[-121.868262,37.329417]]]}},{"type":"Feature","properties":{"geoid":"06085507401","name":"Saratoga","city":"Saratoga","county":"Santa Clara","centroid":[-122.01503271428571,37.28768814285714]},"geometry":{"type":"Polygon","coordinates":[[[-122.040028,37.293778],[-122.003433,37.293081],[-122.002724,37.29146],[-122.006222,37.286259],[-122.006714,37.281197],[-122.010538,37.278242],[-122.03557,37.2898],[-122.040028,37.293778]]]}},{"type":"Feature","properties":{"geoid":"06085507100","name":"Vasona Junction","city":"Los Gatos","county":"Santa Clara","centroid":[-121.97668732,37.239272160000006]},"geometry":{"type":"Polygon","coordinates":[[[-121.98599,37.235999],[-121.98386,37.23692],[-121.985866,37.238411],[-121.985328,37.239996],[-121.983354,37.24006],[-121.983057,37.241163],[-121.981726,37.239899],[-121.98363,37.239089],[-121.983058,37.237825],[-121.979601,37.237117],[-121.97687,37.23966],[-121.97431,37.23932],[-121.97254,37.24178],[-121.97058,37.2402],[-121.971384,37.238638],[-121.969694,37.24036],[-121.969145,37.242201],[-121.970561,37.243667],[-121.969105,37.245766],[-121.966381,37.247182],[-121.961632,37.245639],[-121.96843,37.23886],[-121.974999,37.226525],[-121.984223,37.231078],[-121.981859,37.234449],[-121.98599,37.235999]]]}},{"type":"Feature","properties":{"geoid":"06085507805","name":"Creston","city":"Cupertino","county":"Santa Clara","centroid":[-122.05050514285712,37.33022364285714]},"geometry":{"type":"Polygon","coordinates":[[[-122.068702,37.333601],[-122.06822,37.33812],[-122.03239,37.33761],[-122.03244,37.33424],[-122.04729,37.33403],[-122.04726,37.33248],[-122.04984,37.33213],[-122.05031,37.32678],[-122.04933,37.32469],[-122.04649,37.32396],[-122.04606,37.32278],[-122.05279,37.32281],[-122.05549,37.32788],[-122.06046,37.33202],[-122.068702,37.333601]]]}},{"type":"Feature","properties":{"geoid":"06085507702","name":"Cupertino","city":"Cupertino","county":"Santa Clara","centroid":[-122.06507804166664,37.29981033333333]},"geometry":{"type":"Polygon","coordinates":[[[-122.081227,37.295402],[-122.075281,37.298224],[-122.074502,37.305052],[-122.073182,37.306696],[-122.072283,37.306031],[-122.070776,37.307558],[-122.068236,37.305833],[-122.065705,37.308904],[-122.063937,37.308201],[-122.063002,37.311069],[-122.064049,37.312956],[-122.05935,37.31413],[-122.05884,37.31553],[-122.04964,37.31555],[-122.040028,37.293778],[-122.04418,37.29359],[-122.04901,37.28524],[-122.055284,37.286463],[-122.065972,37.286342],[-122.065072,37.287242],[-122.066472,37.289342],[-122.078101,37.286131],[-122.077872,37.287942],[-122.079872,37.288242],[-122.081227,37.295402]]]}},{"type":"Feature","properties":{"geoid":"06085505303","name":"Santa Clara","city":"Santa Clara","county":"Santa Clara","centroid":[-121.96430000000001,37.35877]},"geometry":{"type":"Polygon","coordinates":[[[-121.96873,37.35978],[-121.96528,37.36602],[-121.95946,37.36349],[-121.95935,37.35228],[-121.96868,37.35228],[-121.96873,37.35978]]]}},{"type":"Feature","properties":{"geoid":"06085503707","name":"Little Portugal","city":"San Jose","county":"Santa Clara","centroid":[-121.85395249999999,37.35777325]},"geometry":{"type":"Polygon","coordinates":[[[-121.860698,37.357988],[-121.852828,37.363433],[-121.846819,37.356937],[-121.855465,37.352735],[-121.860698,37.357988]]]}},{"type":"Feature","properties":{"geoid":"06085502001","name":"Buena Vista","city":"Burbank","county":"Santa Clara","centroid":[-121.93161322222221,37.32233122222223]},"geometry":{"type":"Polygon","coordinates":[[[-121.940772,37.326314],[-121.940752,37.327177],[-121.926851,37.326931],[-121.926772,37.323415],[-121.922762,37.323435],[-121.922727,37.319661],[-121.931868,37.319857],[-121.931841,37.316949],[-121.940174,37.317242],[-121.940772,37.326314]]]}},{"type":"Feature","properties":{"geoid":"06085502400","name":"Willow Glen","city":"San Jose","county":"Santa Clara","centroid":[-121.89170322222223,37.3037331111111]},"geometry":{"type":"Polygon","coordinates":[[[-121.905675,37.301033],[-121.897312,37.303616],[-121.901078,37.308468],[-121.887901,37.315414],[-121.878612,37.304342],[-121.882101,37.303926],[-121.881748,37.301725],[-121.885957,37.301658],[-121.904945,37.293416],[-121.905675,37.301033]]]}},{"type":"Feature","properties":{"geoid":"06085510200","name":"Los Altos","city":"Los Altos","county":"Santa Clara","centroid":[-122.09923853333335,37.37403540000001]},"geometry":{"type":"Polygon","coordinates":[[[-122.11552,37.36564],[-122.09601,37.38645],[-122.095983,37.384675],[-122.089808,37.383899],[-122.088874,37.381345],[-122.09598,37.38139],[-122.095991,37.379658],[-122.09319,37.379648],[-122.0932,37.37677],[-122.095975,37.3768],[-122.096197,37.360246],[-122.10589,37.36633],[-122.10866,37.36382],[-122.10803,37.36247],[-122.10927,37.36139],[-122.11552,37.36564]]]}},{"type":"Feature","properties":{"geoid":"06085501700","name":"Washington","city":"San Jose","county":"Santa Clara","centroid":[-121.888385125,37.325107]},"geometry":{"type":"Polygon","coordinates":[[[-121.892665,37.328751],[-121.888326,37.330797],[-121.885984,37.330023],[-121.878607,37.321015],[-121.888061,37.315323],[-121.89217,37.323753],[-121.890432,37.324074],[-121.890836,37.32712],[-121.892665,37.328751]]]}},{"type":"Feature","properties":{"geoid":"06085503116","name":"Communications Hill","city":"San Jose","county":"Santa Clara","centroid":[-121.8525386,37.277247599999995]},"geometry":{"type":"Polygon","coordinates":[[[-121.864556,37.27985],[-121.846557,37.280346],[-121.841897,37.276928],[-121.846744,37.274664],[-121.862939,37.27445],[-121.864556,37.27985]]]}},{"type":"Feature","properties":{"geoid":"06085507701","name":"Creston","city":"Cupertino","county":"Santa Clara","centroid":[-122.05697774999999,37.32067943749999]},"geometry":{"type":"Polygon","coordinates":[[[-122.06437,37.314113],[-122.062946,37.315547],[-122.061027,37.314745],[-122.062375,37.319146],[-122.060311,37.321212],[-122.061811,37.324662],[-122.059939,37.326712],[-122.059654,37.329347],[-122.063841,37.333237],[-122.05618,37.32862],[-122.05279,37.32281],[-122.03237,37.3228],[-122.03234,37.31556],[-122.05884,37.31553],[-122.05935,37.31413],[-122.0635,37.3127],[-122.06437,37.314113]]]}},{"type":"Feature","properties":{"geoid":"06081601601","name":"Serramonte","city":"Colma","county":"San Mateo","centroid":[-122.4543766666667,37.67907577777778]},"geometry":{"type":"Polygon","coordinates":[[[-122.470696,37.68247],[-122.463522,37.682523],[-122.465348,37.683921],[-122.463565,37.683971],[-122.464121,37.685376],[-122.458916,37.684562],[-122.452741,37.691705],[-122.45477,37.692338],[-122.453907,37.692781],[-122.429383,37.682133],[-122.433481,37.670243],[-122.436628,37.671488],[-122.445701,37.66537],[-122.450522,37.670038],[-122.451864,37.669184],[-122.45342,37.670787],[-122.459982,37.666647],[-122.470213,37.677827],[-122.470696,37.68247]]]}},{"type":"Feature","properties":{"geoid":"06085502908","name":"San Jose","city":"San Jose","county":"Santa Clara","centroid":[-121.91059620000001,37.259398399999995]},"geometry":{"type":"Polygon","coordinates":[[[-121.920797,37.261906],[-121.904661,37.267944],[-121.898344,37.255414],[-121.910744,37.251053],[-121.918435,37.260675],[-121.920797,37.261906]]]}},{"type":"Feature","properties":{"geoid":"06085502909","name":"Branham","city":"San Jose","county":"Santa Clara","centroid":[-121.88593471428571,37.25703828571428]},"geometry":{"type":"Polygon","coordinates":[[[-121.89825,37.255462],[-121.890186,37.259411],[-121.876679,37.262985],[-121.876386,37.259006],[-121.882934,37.257806],[-121.881611,37.253805],[-121.895497,37.250793],[-121.89825,37.255462]]]}},{"type":"Feature","properties":{"geoid":"06085509107","name":"Whisman Station","city":"Sunnyvale","county":"Santa Clara","centroid":[-122.05655625,37.37982875]},"geometry":{"type":"Polygon","coordinates":[[[-122.060276,37.375516],[-122.056931,37.385452],[-122.052728,37.384557],[-122.05629,37.37379],[-122.060276,37.375516]]]}},{"type":"Feature","properties":{"geoid":"06085511701","name":"Los Altos Hills","city":"Los Altos Hills","county":"Santa Clara","centroid":[-122.12654052000002,37.37909904000001]},"geometry":{"type":"Polygon","coordinates":[[[-122.15368,37.38644],[-122.15202,37.38738],[-122.14995,37.39205],[-122.12997,37.40076],[-122.124471,37.401268],[-122.125413,37.398496],[-122.129654,37.395115],[-122.127575,37.394501],[-122.128333,37.391944],[-122.126386,37.38838],[-122.123418,37.386519],[-122.12547,37.381998],[-122.120032,37.378576],[-122.120114,37.374664],[-122.118703,37.372963],[-122.12044,37.37117],[-122.117646,37.369977],[-122.117761,37.365634],[-122.11335,37.364765],[-122.10243,37.35609],[-122.10746,37.35288],[-122.11609,37.35614],[-122.12316,37.36362],[-122.13954,37.36783],[-122.150447,37.378316],[-122.15368,37.38644]]]}},{"type":"Feature","properties":{"geoid":"06085511907","name":"Almaden Valley","city":"San Jose","county":"Santa Clara","centroid":[-121.8555491,37.221392800000004]},"geometry":{"type":"Polygon","coordinates":[[[-121.87037,37.229294],[-121.86161,37.22805],[-121.859194,37.226758],[-121.858697,37.224351],[-121.85979,37.22343],[-121.844993,37.219799],[-121.842087,37.21639],[-121.844506,37.21046],[-121.846297,37.209384],[-121.867947,37.226012],[-121.87037,37.229294]]]}},{"type":"Feature","properties":{"geoid":"06085511912","name":"San Jose","city":"San Jose","county":"Santa Clara","centroid":[-121.83209624999999,37.20495125]},"geometry":{"type":"Polygon","coordinates":[[[-121.846192,37.209433],[-121.844408,37.210614],[-121.842087,37.21639],[-121.835033,37.212173],[-121.829989,37.212301],[-121.824127,37.206849],[-121.826813,37.205157],[-121.828926,37.201436],[-121.825243,37.199121],[-121.823073,37.194291],[-121.824561,37.192719],[-121.834703,37.198931],[-121.846192,37.209433]]]}},{"type":"Feature","properties":{"geoid":"06085503207","name":"Seven Trees","city":"San Jose","county":"Santa Clara","centroid":[-121.81564412499999,37.292579625]},"geometry":{"type":"Polygon","coordinates":[[[-121.824419,37.298533],[-121.816774,37.302981],[-121.810528,37.295897],[-121.809984,37.284955],[-121.813626,37.284112],[-121.811774,37.289316],[-121.817064,37.288812],[-121.820984,37.296031],[-121.824419,37.298533]]]}},{"type":"Feature","properties":{"geoid":"06085502910","name":"Branham","city":"San Jose","county":"Santa Clara","centroid":[-121.88440128571428,37.251937]},"geometry":{"type":"Polygon","coordinates":[[[-121.895497,37.250793],[-121.881611,37.253805],[-121.882934,37.257806],[-121.876386,37.259006],[-121.875315,37.250817],[-121.887093,37.245813],[-121.891973,37.245519],[-121.895497,37.250793]]]}},{"type":"Feature","properties":{"geoid":"06085503001","name":"Dry Creek","city":"San Jose","county":"Santa Clara","centroid":[-121.88958419999999,37.2842582]},"geometry":{"type":"Polygon","coordinates":[[[-121.904011,37.28403],[-121.880689,37.292242],[-121.883217,37.28559],[-121.881773,37.283077],[-121.898231,37.276352],[-121.904011,37.28403]]]}},{"type":"Feature","properties":{"geoid":"06085503208","name":"Edenvale","city":"San Jose","county":"Santa Clara","centroid":[-121.81621075,37.281500375]},"geometry":{"type":"Polygon","coordinates":[[[-121.824947,37.284447],[-121.812669,37.284075],[-121.809545,37.285676],[-121.808917,37.282364],[-121.805581,37.277079],[-121.821173,37.276884],[-121.823353,37.278884],[-121.823501,37.282594],[-121.824947,37.284447]]]}},{"type":"Feature","properties":{"geoid":"06085500100","name":"Luna Park","city":"San Jose","county":"Santa Clara","centroid":[-121.892077,37.359081200000006]},"geometry":{"type":"Polygon","coordinates":[[[-121.904626,37.360777],[-121.90178,37.364029],[-121.877449,37.36108],[-121.879492,37.358929],[-121.897038,37.350591],[-121.904626,37.360777]]]}},{"type":"Feature","properties":{"geoid":"06085500200","name":"Japantown","city":"San Jose","county":"Santa Clara","centroid":[-121.90122787499999,37.347472625]},"geometry":{"type":"Polygon","coordinates":[[[-121.911248,37.354176],[-121.904626,37.360777],[-121.893845,37.346307],[-121.897006,37.344803],[-121.893828,37.340548],[-121.89824,37.338462],[-121.902555,37.34518],[-121.908475,37.349528],[-121.911248,37.354176]]]}},{"type":"Feature","properties":{"geoid":"06085500300","name":"Little Italy","city":"San Jose","county":"Santa Clara","centroid":[-121.90739025,37.338869]},"geometry":{"type":"Polygon","coordinates":[[[-121.921886,37.346043],[-121.911248,37.354176],[-121.908835,37.349943],[-121.903227,37.345962],[-121.899211,37.339888],[-121.902297,37.33851],[-121.898911,37.333419],[-121.900194,37.326611],[-121.91158,37.326009],[-121.912019,37.331437],[-121.90381,37.331903],[-121.915465,37.342527],[-121.921886,37.346043]]]}},{"type":"Feature","properties":{"geoid":"06085500400","name":"College Park","city":"San Jose","county":"Santa Clara","centroid":[-121.92242499999999,37.33993825]},"geometry":{"type":"Polygon","coordinates":[[[-121.930337,37.33913],[-121.921909,37.346027],[-121.913401,37.340642],[-121.924053,37.333954],[-121.930337,37.33913]]]}},{"type":"Feature","properties":{"geoid":"06085500600","name":"Rose Garden","city":"San Jose","county":"Santa Clara","centroid":[-121.91311833333333,37.331669166666664]},"geometry":{"type":"Polygon","coordinates":[[[-121.923993,37.333997],[-121.913401,37.340642],[-121.90381,37.331903],[-121.911829,37.331553],[-121.91158,37.326009],[-121.914097,37.325911],[-121.923993,37.333997]]]}},{"type":"Feature","properties":{"geoid":"06085500901","name":"Downtown Historic","city":"San Jose","county":"Santa Clara","centroid":[-121.88328500000001,37.33408633333333]},"geometry":{"type":"Polygon","coordinates":[[[-121.890566,37.336168],[-121.881038,37.340693],[-121.877529,37.335985],[-121.88393,37.333003],[-121.881756,37.330081],[-121.884891,37.328588],[-121.890566,37.336168]]]}},{"type":"Feature","properties":{"geoid":"06085500902","name":"SoFA","city":"San Jose","county":"Santa Clara","centroid":[-121.879649,37.33304275]},"geometry":{"type":"Polygon","coordinates":[[[-121.88393,37.333003],[-121.877529,37.335985],[-121.875381,37.333102],[-121.881756,37.330081],[-121.88393,37.333003]]]}},{"type":"Feature","properties":{"geoid":"06085501000","name":"Saint James Square Historic","city":"San Jose","county":"Santa Clara","centroid":[-121.88810824999999,37.341524500000006]},"geometry":{"type":"Polygon","coordinates":[[[-121.894953,37.342046],[-121.885876,37.347191],[-121.881038,37.340693],[-121.890566,37.336168],[-121.894953,37.342046]]]}},{"type":"Feature","properties":{"geoid":"06085503210","name":"Seven Trees","city":"San Jose","county":"Santa Clara","centroid":[-121.819701625,37.290334125]},"geometry":{"type":"Polygon","coordinates":[[[-121.83312,37.293539],[-121.8241,37.298349],[-121.820984,37.296031],[-121.817064,37.288812],[-121.812208,37.289448],[-121.811564,37.287935],[-121.813626,37.284112],[-121.824947,37.284447],[-121.83312,37.293539]]]}},{"type":"Feature","properties":{"geoid":"06085503211","name":"Meadowfair","city":"San Jose","county":"Santa Clara","centroid":[-121.83239449999999,37.311846]},"geometry":{"type":"Polygon","coordinates":[[[-121.84073,37.312452],[-121.831763,37.318457],[-121.824692,37.311164],[-121.832393,37.305311],[-121.84073,37.312452]]]}},{"type":"Feature","properties":{"geoid":"06085503002","name":"Branham","city":"San Jose","county":"Santa Clara","centroid":[-121.88597999999999,37.277066399999995]},"geometry":{"type":"Polygon","coordinates":[[[-121.898231,37.276352],[-121.881773,37.283077],[-121.878147,37.279407],[-121.876789,37.2757],[-121.89496,37.270796],[-121.898231,37.276352]]]}},{"type":"Feature","properties":{"geoid":"06085503003","name":"Branham","city":"San Jose","county":"Santa Clara","centroid":[-121.8831436,37.267483600000006]},"geometry":{"type":"Polygon","coordinates":[[[-121.89496,37.270796],[-121.876789,37.2757],[-121.878073,37.268275],[-121.875611,37.263275],[-121.890285,37.259372],[-121.89496,37.270796]]]}},{"type":"Feature","properties":{"geoid":"06085511800","name":"Unincorporated Santa Clara","city":"","county":"Santa Clara","centroid":[-121.92952676576573,37.16170600900899]},"geometry":{"type":"Polygon","coordinates":[[[-122.044121,37.200495],[-122.03185,37.204122],[-122.028565,37.207369],[-122.030254,37.209067],[-122.02874,37.21752],[-122.02519,37.214951],[-122.02467,37.215844],[-122.012328,37.214362],[-122.007356,37.212151],[-122.005369,37.208104],[-122.000769,37.204351],[-121.994857,37.201952],[-121.99196,37.203512],[-121.992978,37.19799],[-121.991447,37.198176],[-121.991695,37.200356],[-121.99006,37.201417],[-121.98535,37.20078],[-121.98329,37.19891],[-121.98055,37.20098],[-121.972174,37.203344],[-121.955468,37.197804],[-121.928242,37.194693],[-121.927884,37.197061],[-121.923632,37.200824],[-121.922003,37.204676],[-121.913627,37.210921],[-121.912428,37.213567],[-121.90688,37.21057],[-121.90469,37.21091],[-121.89952,37.206476],[-121.897038,37.206555],[-121.896486,37.204333],[-121.883998,37.201889],[-121.880084,37.198476],[-121.878279,37.198594],[-121.87296,37.195114],[-121.871306,37.184527],[-121.873524,37.181133],[-121.8696,37.18271],[-121.86342,37.17983],[-121.86617,37.17807],[-121.863359,37.176201],[-121.860577,37.169377],[-121.85554,37.165689],[-121.850858,37.165045],[-121.842752,37.16087],[-121.840058,37.162846],[-121.831363,37.162445],[-121.829274,37.15842],[-121.821104,37.1503],[-121.823547,37.146366],[-121.820767,37.143976],[-121.823771,37.13855],[-121.826463,37.127546],[-121.829264,37.125146],[-121.829464,37.117347],[-121.832664,37.112247],[-121.84429,37.111036],[-121.845646,37.108354],[-121.841897,37.109574],[-121.844444,37.106694],[-121.84814,37.10595],[-121.84295,37.1012],[-121.84413,37.09751],[-121.84689,37.09704],[-121.849557,37.099127],[-121.85384,37.0984],[-121.861884,37.099346],[-121.860009,37.104171],[-121.870066,37.102247],[-121.884808,37.107825],[-121.8873,37.10491],[-121.890867,37.105256],[-121.89012,37.10663],[-121.892,37.10706],[-121.89231,37.10845],[-121.89483,37.10858],[-121.89485,37.10981],[-121.90114,37.11152],[-121.90384,37.111],[-121.90572,37.11317],[-121.910685,37.113295],[-121.92903,37.12342],[-121.932026,37.122001],[-121.94196,37.12639],[-121.957443,37.130571],[-121.96365,37.1335],[-121.97274,37.14173],[-121.980836,37.142282],[-121.987152,37.144819],[-121.988602,37.143779],[-121.99109,37.14427],[-121.99416,37.14985],[-122.000047,37.154495],[-122.002472,37.158291],[-122.009041,37.159792],[-122.01379,37.16276],[-122.015946,37.165658],[-122.026174,37.166854],[-122.025585,37.169071],[-122.027675,37.170846],[-122.025607,37.173797],[-122.027637,37.174083],[-122.02653,37.17611],[-122.028933,37.176936],[-122.029398,37.179452],[-122.031935,37.182297],[-122.03263,37.18614],[-122.03075,37.18999],[-122.040782,37.195171],[-122.044121,37.200495]]]}},{"type":"Feature","properties":{"geoid":"06085512305","name":"Unincorporated Santa Clara","city":"","county":"Santa Clara","centroid":[-121.6758366470588,37.11850673529412]},"geometry":{"type":"Polygon","coordinates":[[[-121.70624,37.1261],[-121.70023,37.13323],[-121.70025,37.13661],[-121.69811,37.13922],[-121.69755,37.14336],[-121.6991,37.14536],[-121.69586,37.14525],[-121.69136,37.15062],[-121.679781,37.158594],[-121.66375,37.14395],[-121.66269,37.14148],[-121.67301,37.135016],[-121.671333,37.132379],[-121.673263,37.117263],[-121.66935,37.116366],[-121.66169,37.1171],[-121.66197,37.10483],[-121.65773,37.10601],[-121.65141,37.10137],[-121.64546,37.09305],[-121.639401,37.091256],[-121.64394,37.091076],[-121.651542,37.084831],[-121.656562,37.085349],[-121.659475,37.088767],[-121.671393,37.094929],[-121.672208,37.101698],[-121.674279,37.104588],[-121.683099,37.110682],[-121.684327,37.11327],[-121.688363,37.114745],[-121.68774,37.11622],[-121.70122,37.11916],[-121.70476,37.1255],[-121.70624,37.1261]]]}},{"type":"Feature","properties":{"geoid":"06085511914","name":"Almaden Valley","city":"San Jose","county":"Santa Clara","centroid":[-121.87685909090911,37.230056545454545]},"geometry":{"type":"Polygon","coordinates":[[[-121.887192,37.236125],[-121.886649,37.237889],[-121.879115,37.242133],[-121.874926,37.242606],[-121.869645,37.227911],[-121.862268,37.221646],[-121.864819,37.220738],[-121.869602,37.222151],[-121.882074,37.221706],[-121.884966,37.224904],[-121.884194,37.232813],[-121.887192,37.236125]]]}},{"type":"Feature","properties":{"geoid":"06085507302","name":"Unincorporated Santa Clara","city":"","county":"Santa Clara","centroid":[-122.0297322413793,37.23377893103448]},"geometry":{"type":"Polygon","coordinates":[[[-122.054975,37.245736],[-122.051722,37.251673],[-122.043123,37.252881],[-122.031987,37.260127],[-122.031618,37.258432],[-122.02766,37.25517],[-122.01416,37.246],[-122.002383,37.241492],[-122.005926,37.240254],[-122.00542,37.235573],[-122.011031,37.231318],[-122.011508,37.22634],[-122.013056,37.224154],[-122.018773,37.222651],[-122.021494,37.220115],[-122.022985,37.220677],[-122.02519,37.214951],[-122.02847,37.21744],[-122.03332,37.2178],[-122.03341,37.21957],[-122.03716,37.22316],[-122.03675,37.22416],[-122.03991,37.22647],[-122.039031,37.23039],[-122.03766,37.23141],[-122.04085,37.23323],[-122.045931,37.231697],[-122.048514,37.237087],[-122.048218,37.239631],[-122.054975,37.245736]]]}},{"type":"Feature","properties":{"geoid":"06085504307","name":"Berryessa","city":"San Jose","county":"Santa Clara","centroid":[-121.85373657142857,37.38961642857142]},"geometry":{"type":"Polygon","coordinates":[[[-121.862864,37.38467],[-121.856207,37.389684],[-121.859413,37.394099],[-121.846925,37.399793],[-121.842333,37.390448],[-121.850069,37.388262],[-121.858345,37.380359],[-121.862864,37.38467]]]}},{"type":"Feature","properties":{"geoid":"06085503504","name":"Little Saigon","city":"San Jose","county":"Santa Clara","centroid":[-121.83224066666668,37.33597816666667]},"geometry":{"type":"Polygon","coordinates":[[[-121.842933,37.340032],[-121.837564,37.343655],[-121.829038,37.334878],[-121.828103,37.335508],[-121.82405,37.333509],[-121.831756,37.328287],[-121.842933,37.340032]]]}},{"type":"Feature","properties":{"geoid":"06085504318","name":"San Jose","city":"San Jose","county":"Santa Clara","centroid":[-121.89525941666666,37.38054866666668]},"geometry":{"type":"Polygon","coordinates":[[[-121.908901,37.401725],[-121.905633,37.404322],[-121.902863,37.404407],[-121.900814,37.389924],[-121.895623,37.38235],[-121.895593,37.377681],[-121.891664,37.377378],[-121.887111,37.371483],[-121.874509,37.363418],[-121.877449,37.36108],[-121.90178,37.364029],[-121.901173,37.368787],[-121.908901,37.401725]]]}},{"type":"Feature","properties":{"geoid":"06085507500","name":"Saratoga","city":"Saratoga","county":"Santa Clara","centroid":[-122.0240455,37.271817]},"geometry":{"type":"Polygon","coordinates":[[[-122.03251,37.28764],[-122.00822,37.27646],[-122.0234,37.2639],[-122.032052,37.259268],[-122.03251,37.28764]]]}},{"type":"Feature","properties":{"geoid":"06085512200","name":"Unincorporated Santa Clara","city":"","county":"Santa Clara","centroid":[-121.71089284771568,37.04601455329949]},"geometry":{"type":"Polygon","coordinates":[[[-121.84819,37.10571],[-121.844444,37.106694],[-121.841897,37.109574],[-121.845646,37.108354],[-121.84429,37.111036],[-121.832664,37.112247],[-121.829464,37.117347],[-121.829264,37.125146],[-121.826463,37.127546],[-121.823771,37.13855],[-121.817205,37.142667],[-121.814803,37.151703],[-121.813178,37.153712],[-121.805341,37.15297],[-121.801886,37.156421],[-121.799208,37.155433],[-121.799674,37.156913],[-121.798725,37.157053],[-121.803496,37.165639],[-121.799777,37.168192],[-121.798627,37.171048],[-121.796485,37.172342],[-121.787902,37.171911],[-121.783658,37.175416],[-121.785216,37.175482],[-121.785339,37.178839],[-121.779577,37.179019],[-121.782447,37.179536],[-121.782666,37.181206],[-121.784349,37.180641],[-121.781849,37.182794],[-121.776129,37.182523],[-121.776409,37.183918],[-121.773265,37.183302],[-121.773767,37.181407],[-121.767314,37.178163],[-121.765981,37.179684],[-121.763847,37.177507],[-121.765596,37.180558],[-121.761182,37.181659],[-121.758853,37.172313],[-121.755612,37.167901],[-121.755632,37.164395],[-121.74954,37.15985],[-121.748857,37.152077],[-121.74079,37.1483],[-121.73807,37.14497],[-121.73568,37.13989],[-121.73652,37.13581],[-121.73329,37.1265],[-121.72063,37.12721],[-121.71257,37.12338],[-121.70535,37.12595],[-121.70141,37.11928],[-121.68774,37.11622],[-121.688363,37.114745],[-121.684327,37.11327],[-121.683271,37.110842],[-121.679088,37.107418],[-121.676809,37.107116],[-121.672256,37.101841],[-121.671393,37.094929],[-121.659475,37.088767],[-121.656562,37.085349],[-121.653392,37.084997],[-121.66286,37.05981],[-121.66056,37.05439],[-121.65413,37.04816],[-121.65322,37.04588],[-121.65735,37.03347],[-121.65617,37.02996],[-121.64507,37.02966],[-121.64411,37.02795],[-121.6374,37.02792],[-121.63736,37.02173],[-121.62996,37.01879],[-121.626288,37.011708],[-121.61094,37.0119],[-121.61116,37.01021],[-121.613893,37.008477],[-121.612791,37.007662],[-121.613253,37.003035],[-121.611597,36.997763],[-121.613388,36.992747],[-121.616393,36.989606],[-121.616269,36.98198],[-121.621581,36.976764],[-121.604307,36.970463],[-121.600813,36.966509],[-121.59319,36.96216],[-121.59274,36.95905],[-121.58516,36.95687],[-121.58282,36.95848],[-121.580327,36.952921],[-121.57239,36.94774],[-121.568456,36.948325],[-121.565445,36.945789],[-121.552639,36.9429],[-121.55205,36.93526],[-121.546941,36.927861],[-121.547531,36.919054],[-121.548009,36.917391],[-121.553493,36.915199],[-121.558577,36.91032],[-121.560259,36.897121],[-121.562901,36.896252],[-121.571394,36.897075],[-121.575402,36.893033],[-121.576711,36.893563],[-121.581354,36.899152],[-121.581154,36.919252],[-121.590154,36.919252],[-121.590354,36.926151],[-121.607155,36.926051],[-121.624755,36.940451],[-121.624048,36.938494],[-121.63046,36.940544],[-121.631856,36.939253],[-121.637055,36.939053],[-121.642256,36.936351],[-121.641025,36.932224],[-121.645791,36.93233],[-121.653056,36.941751],[-121.654056,36.944751],[-121.652271,36.947628],[-121.653675,36.947717],[-121.654038,36.950584],[-121.663257,36.951851],[-121.66433,36.95514],[-121.662857,36.959151],[-121.664787,36.963714],[-121.66993,36.963641],[-121.672657,36.965451],[-121.677235,36.965547],[-121.678258,36.96785],[-121.690158,36.967351],[-121.693303,36.96823],[-121.697829,36.972098],[-121.698428,36.974984],[-121.695358,36.98515],[-121.705244,36.986245],[-121.705509,36.98936],[-121.70981,36.990603],[-121.7107,36.98972],[-121.710918,36.993066],[-121.71466,36.99313],[-121.717878,36.995561],[-121.732312,36.989664],[-121.738697,36.989991],[-121.734853,36.99105],[-121.734184,36.992766],[-121.729807,36.993555],[-121.728346,36.99682],[-121.729624,36.997872],[-121.718762,37.007557],[-121.726566,37.012054],[-121.727815,37.009862],[-121.736186,37.015342],[-121.731313,37.022417],[-121.730439,37.022218],[-121.730814,37.020324],[-121.72869,37.019926],[-121.728315,37.020922],[-121.725771,37.02065],[-121.72658,37.02189],[-121.739765,37.027684],[-121.746361,37.034749],[-121.75548,37.04903],[-121.7576,37.04963],[-121.76199,37.04782],[-121.76488,37.04947],[-121.76339,37.05196],[-121.76723,37.05332],[-121.77526,37.05298],[-121.77609,37.05492],[-121.78155,37.056991],[-121.78604,37.06199],[-121.79355,37.06431],[-121.79676,37.0638],[-121.80031,37.06547],[-121.80213,37.06793],[-121.809122,37.069319],[-121.812651,37.075382],[-121.81719,37.07788],[-121.81649,37.08037],[-121.81824,37.08374],[-121.82359,37.08597],[-121.82422,37.08778],[-121.83039,37.0881],[-121.83417,37.09122],[-121.83803,37.0916],[-121.84096,37.09444],[-121.84414,37.09473],[-121.8446,37.09665],[-121.84629,37.09702],[-121.84401,37.09761],[-121.84295,37.1012],[-121.84819,37.10571]]]}},{"type":"Feature","properties":{"geoid":"06085507203","name":"Vasona Junction","city":"Los Gatos","county":"Santa Clara","centroid":[-121.96792613333332,37.246345866666665]},"geometry":{"type":"Polygon","coordinates":[[[-121.976856,37.239745],[-121.97456,37.24505],[-121.96854,37.25156],[-121.96196,37.26158],[-121.956227,37.260799],[-121.953821,37.258264],[-121.961632,37.245639],[-121.966381,37.247182],[-121.970472,37.244107],[-121.969145,37.242201],[-121.970484,37.239123],[-121.971384,37.238638],[-121.97058,37.2402],[-121.97254,37.24178],[-121.97431,37.23932],[-121.976856,37.239745]]]}},{"type":"Feature","properties":{"geoid":"06085503802","name":"Berryessa","city":"San Jose","county":"Santa Clara","centroid":[-121.83646639999999,37.385122]},"geometry":{"type":"Polygon","coordinates":[[[-121.843817,37.386391],[-121.842333,37.390448],[-121.834225,37.392589],[-121.826348,37.381072],[-121.835609,37.37511],[-121.843817,37.386391]]]}},{"type":"Feature","properties":{"geoid":"06085512602","name":"Unincorporated Santa Clara","city":"","county":"Santa Clara","centroid":[-121.51425885333333,37.010482973333325]},"geometry":{"type":"Polygon","coordinates":[[[-121.58609,37.04148],[-121.57532,37.0444],[-121.57628,37.04143],[-121.5714,37.03244],[-121.55811,37.03744],[-121.56136,37.04292],[-121.56042,37.04352],[-121.56228,37.04789],[-121.54795,37.05264],[-121.54197,37.04175],[-121.5362,37.04392],[-121.527386,37.053336],[-121.520894,37.056773],[-121.520921,37.059612],[-121.51944,37.0588],[-121.52178,37.06246],[-121.52244,37.06744],[-121.51777,37.07352],[-121.51419,37.07592],[-121.501961,37.07284],[-121.497084,37.077206],[-121.491337,37.077423],[-121.488739,37.076703],[-121.489806,37.073895],[-121.488413,37.07216],[-121.483369,37.074101],[-121.477984,37.072587],[-121.46998,37.06007],[-121.46501,37.0492],[-121.457586,37.04153],[-121.45568,37.03402],[-121.45793,37.03318],[-121.45575,37.02746],[-121.45616,37.02449],[-121.45852,37.02003],[-121.46504,37.01544],[-121.46792,37.00724],[-121.47483,37.00765],[-121.47488,37.00406],[-121.47801,37.00475],[-121.483947,37.013063],[-121.48998,37.01533],[-121.49015,37.01667],[-121.494692,37.016474],[-121.487953,37.00164],[-121.486053,37.001223],[-121.471151,36.977974],[-121.488949,36.983148],[-121.50175,36.97165],[-121.504552,36.967847],[-121.505377,36.964113],[-121.508145,36.963649],[-121.509401,36.960039],[-121.51243,36.958835],[-121.510279,36.95647],[-121.510231,36.954053],[-121.512115,36.952584],[-121.511692,36.949266],[-121.513813,36.945155],[-121.521602,36.940233],[-121.523591,36.93709],[-121.539234,36.927302],[-121.540874,36.925152],[-121.53912,36.922926],[-121.540096,36.92068],[-121.548009,36.917391],[-121.546941,36.927861],[-121.55244,36.93696],[-121.55279,36.94807],[-121.55102,36.96189],[-121.55854,36.98404],[-121.55599,36.99849],[-121.55641,37.00341],[-121.571817,37.032289],[-121.58009,37.02953],[-121.58609,37.04148]]]}},{"type":"Feature","properties":{"geoid":"06085512402","name":"Unincorporated Santa Clara","city":"","county":"Santa Clara","centroid":[-121.56563349999995,37.09335394642858]},"geometry":{"type":"Polygon","coordinates":[[[-121.628707,37.108347],[-121.59534,37.1199],[-121.60077,37.12899],[-121.59587,37.13085],[-121.596916,37.13288],[-121.586651,37.136771],[-121.587394,37.138087],[-121.585073,37.138616],[-121.583285,37.137504],[-121.58518,37.1527],[-121.579857,37.153635],[-121.574835,37.145785],[-121.55859,37.131719],[-121.557911,37.128505],[-121.554151,37.125994],[-121.552944,37.121116],[-121.549283,37.119039],[-121.548529,37.112773],[-121.54567,37.108623],[-121.544608,37.098361],[-121.534651,37.086763],[-121.529151,37.083545],[-121.530801,37.08267],[-121.529608,37.082685],[-121.528088,37.079114],[-121.511372,37.076531],[-121.506834,37.07426],[-121.51276,37.07614],[-121.51777,37.07352],[-121.52244,37.06744],[-121.52178,37.06246],[-121.51944,37.05888],[-121.520921,37.059612],[-121.520765,37.056918],[-121.527386,37.053336],[-121.53598,37.04404],[-121.54197,37.04175],[-121.55612,37.06755],[-121.55294,37.06913],[-121.55362,37.07093],[-121.5511,37.07363],[-121.5471,37.07359],[-121.55549,37.08343],[-121.600158,37.067722],[-121.60423,37.07444],[-121.616855,37.069746],[-121.62271,37.08032],[-121.61351,37.08376],[-121.61061,37.07878],[-121.60752,37.07993],[-121.6104,37.08493],[-121.60942,37.08528],[-121.60744,37.08196],[-121.60519,37.08276],[-121.611601,37.094409],[-121.616181,37.095665],[-121.628707,37.108347]]]}},{"type":"Feature","properties":{"geoid":"06085506604","name":"San Tomas","city":"San Jose","county":"Santa Clara","centroid":[-121.98804294736843,37.27922947368421]},"geometry":{"type":"Polygon","coordinates":[[[-121.99951,37.28467],[-121.992147,37.291635],[-121.985415,37.286627],[-121.976615,37.286093],[-121.976584,37.281839],[-121.977563,37.281847],[-121.976679,37.277356],[-121.978292,37.275153],[-121.985083,37.272447],[-121.989146,37.272736],[-121.990679,37.27161],[-121.990655,37.269106],[-121.993661,37.270491],[-121.99427,37.27608],[-121.989497,37.276231],[-121.989675,37.280227],[-121.994359,37.28012],[-121.994466,37.287062],[-121.99852,37.28403],[-121.99951,37.28467]]]}},{"type":"Feature","properties":{"geoid":"06085512308","name":"Unincorporated Santa Clara","city":"","county":"Santa Clara","centroid":[-121.62026710714288,37.15624685714287]},"geometry":{"type":"Polygon","coordinates":[[[-121.663153,37.162477],[-121.659036,37.165565],[-121.65539,37.164876],[-121.651805,37.168897],[-121.649896,37.168676],[-121.64498,37.16437],[-121.64206,37.16418],[-121.63102,37.16488],[-121.633693,37.166185],[-121.633314,37.167299],[-121.625364,37.167102],[-121.62145,37.170067],[-121.619457,37.16927],[-121.61301,37.161975],[-121.603917,37.159821],[-121.595154,37.153718],[-121.589943,37.153313],[-121.58504,37.154567],[-121.58176,37.15285],[-121.59054,37.15117],[-121.594317,37.144184],[-121.59735,37.14146],[-121.60044,37.14263],[-121.60375,37.14218],[-121.60313,37.14123],[-121.60615,37.142],[-121.63375,37.13154],[-121.63861,37.13843],[-121.663153,37.162477]]]}},{"type":"Feature","properties":{"geoid":"06085501200","name":"Naglee Park","city":"San Jose","county":"Santa Clara","centroid":[-121.87773039999999,37.3468398]},"geometry":{"type":"Polygon","coordinates":[[[-121.885665,37.347291],[-121.874177,37.352766],[-121.873211,37.349684],[-121.874561,37.343765],[-121.881038,37.340693],[-121.885665,37.347291]]]}},{"type":"Feature","properties":{"geoid":"06085501300","name":"Naglee Park","city":"San Jose","county":"Santa Clara","centroid":[-121.873271,37.33913916666666]},"geometry":{"type":"Polygon","coordinates":[[[-121.881038,37.340693],[-121.873875,37.344095],[-121.871133,37.342131],[-121.869878,37.337775],[-121.868321,37.337039],[-121.875381,37.333102],[-121.881038,37.340693]]]}},{"type":"Feature","properties":{"geoid":"06085501401","name":"Little Portugal","city":"San Jose","county":"Santa Clara","centroid":[-121.87184233333335,37.35012733333333]},"geometry":{"type":"Polygon","coordinates":[[[-121.87426,37.345294],[-121.873211,37.349684],[-121.874176,37.352225],[-121.873804,37.359704],[-121.861728,37.349762],[-121.873875,37.344095],[-121.87426,37.345294]]]}},{"type":"Feature","properties":{"geoid":"06085501800","name":"Willow Glen","city":"San Jose","county":"Santa Clara","centroid":[-121.89728016666668,37.317179333333335]},"geometry":{"type":"Polygon","coordinates":[[[-121.904144,37.312624],[-121.900782,37.320307],[-121.897446,37.322601],[-121.89217,37.323753],[-121.888061,37.315323],[-121.901078,37.308468],[-121.904144,37.312624]]]}},{"type":"Feature","properties":{"geoid":"06085502002","name":"Buena Vista","city":"San Jose","county":"Santa Clara","centroid":[-121.92140749999999,37.319148000000006]},"geometry":{"type":"Polygon","coordinates":[[[-121.931868,37.319857],[-121.922727,37.319661],[-121.922762,37.323435],[-121.913747,37.323489],[-121.913768,37.317896],[-121.915001,37.315221],[-121.919546,37.316676],[-121.931841,37.316949],[-121.931868,37.319857]]]}},{"type":"Feature","properties":{"geoid":"06085501501","name":"Little Portugal","city":"San Jose","county":"Santa Clara","centroid":[-121.85824275000002,37.341680249999996]},"geometry":{"type":"Polygon","coordinates":[[[-121.864683,37.344148],[-121.859173,37.346813],[-121.851958,37.339492],[-121.857157,37.336268],[-121.864683,37.344148]]]}},{"type":"Feature","properties":{"geoid":"06085501502","name":"Naglee Park","city":"San Jose","county":"Santa Clara","centroid":[-121.86639128571429,37.33655857142857]},"geometry":{"type":"Polygon","coordinates":[[[-121.870572,37.340458],[-121.864846,37.344042],[-121.857157,37.336268],[-121.868261,37.329513],[-121.866908,37.331705],[-121.867117,37.336149],[-121.869878,37.337775],[-121.870572,37.340458]]]}},{"type":"Feature","properties":{"geoid":"06085502101","name":"Gardner","city":"San Jose","county":"Santa Clara","centroid":[-121.93716883333333,37.30453283333333]},"geometry":{"type":"Polygon","coordinates":[[[-121.940591,37.305363],[-121.940174,37.317242],[-121.931841,37.316949],[-121.931686,37.294397],[-121.93832,37.294389],[-121.940401,37.298857],[-121.940591,37.305363]]]}},{"type":"Feature","properties":{"geoid":"06085502202","name":"Gardner","city":"San Jose","county":"Santa Clara","centroid":[-121.9218848,37.298983199999995]},"geometry":{"type":"Polygon","coordinates":[[[-121.931674,37.294934],[-121.931669,37.297222],[-121.918917,37.301252],[-121.913628,37.307067],[-121.913536,37.294441],[-121.931674,37.294934]]]}},{"type":"Feature","properties":{"geoid":"06085502701","name":"San Jose","city":"San Jose","county":"Santa Clara","centroid":[-121.93833630769231,37.273183153846155]},"geometry":{"type":"Polygon","coordinates":[[[-121.946438,37.271381],[-121.9451,37.2725],[-121.94513,37.27514],[-121.94166,37.27729],[-121.93775,37.27912],[-121.935706,37.279217],[-121.935096,37.277907],[-121.931642,37.280181],[-121.933831,37.274667],[-121.931557,37.269274],[-121.931411,37.261742],[-121.936893,37.262991],[-121.946158,37.269971],[-121.946438,37.271381]]]}},{"type":"Feature","properties":{"geoid":"06085502800","name":"Cambrian Park","city":"Cambrian Park","county":"Santa Clara","centroid":[-121.92311875,37.25620175]},"geometry":{"type":"Polygon","coordinates":[[[-121.931411,37.261742],[-121.919242,37.261283],[-121.910543,37.25073],[-121.931279,37.251052],[-121.931411,37.261742]]]}},{"type":"Feature","properties":{"geoid":"06085502903","name":"Dry Creek","city":"San Jose","county":"Santa Clara","centroid":[-121.906791,37.2793838]},"geometry":{"type":"Polygon","coordinates":[[[-121.913516,37.282853],[-121.913469,37.286703],[-121.907349,37.288623],[-121.89496,37.270796],[-121.904661,37.267944],[-121.913516,37.282853]]]}},{"type":"Feature","properties":{"geoid":"06085502906","name":"San Jose","city":"San Jose","county":"Santa Clara","centroid":[-121.90119975,37.24803425]},"geometry":{"type":"Polygon","coordinates":[[[-121.910686,37.251068],[-121.898344,37.255414],[-121.891973,37.245519],[-121.903796,37.240136],[-121.910686,37.251068]]]}},{"type":"Feature","properties":{"geoid":"06085503110","name":"Little Saigon","city":"San Jose","county":"Santa Clara","centroid":[-121.8476275,37.33155183333333]},"geometry":{"type":"Polygon","coordinates":[[[-121.857157,37.336268],[-121.851958,37.339492],[-121.841773,37.328955],[-121.843269,37.327971],[-121.843492,37.329578],[-121.848116,37.327047],[-121.857157,37.336268]]]}},{"type":"Feature","properties":{"geoid":"06085512309","name":"Morgan Hill","city":"Morgan Hill","county":"Santa Clara","centroid":[-121.59948005263158,37.135740368421054]},"geometry":{"type":"Polygon","coordinates":[[[-121.63375,37.13154],[-121.60615,37.142],[-121.60313,37.14123],[-121.60375,37.14218],[-121.60044,37.14263],[-121.59723,37.14151],[-121.594317,37.144184],[-121.59062,37.1511],[-121.58518,37.1527],[-121.583285,37.137504],[-121.585073,37.138616],[-121.587394,37.138087],[-121.586651,37.136771],[-121.596916,37.13288],[-121.59587,37.13085],[-121.60077,37.12899],[-121.59534,37.1199],[-121.620195,37.111185],[-121.62406,37.11521],[-121.63375,37.13154]]]}},{"type":"Feature","properties":{"geoid":"06085504601","name":"Unincorporated Santa Clara","city":"","county":"Santa Clara","centroid":[-122.08445329999999,37.438158]},"geometry":{"type":"Polygon","coordinates":[[[-122.127842,37.452761],[-122.122103,37.45359],[-122.123919,37.461145],[-122.113282,37.467529],[-122.111548,37.466292],[-122.096426,37.466102],[-122.096762,37.461905],[-122.081473,37.477838],[-122.059673,37.464087],[-122.059772,37.426839],[-122.05799,37.42649],[-122.06051,37.41903],[-122.06406,37.41906],[-122.063982,37.416591],[-122.068566,37.416807],[-122.068626,37.410061],[-122.06355,37.40976],[-122.06725,37.40774],[-122.083632,37.414453],[-122.0981,37.42508],[-122.127842,37.452761]]]}},{"type":"Feature","properties":{"geoid":"06085510001","name":"Mountain View","city":"Mountain View","county":"Santa Clara","centroid":[-122.07642530769232,37.361429153846146]},"geometry":{"type":"Polygon","coordinates":[[[-122.09683,37.35996],[-122.09603,37.366898],[-122.089767,37.366852],[-122.08977,37.36504],[-122.07786,37.3651],[-122.07777,37.36128],[-122.06385,37.36131],[-122.0637,37.36308],[-122.064984,37.363605],[-122.062938,37.363604],[-122.06279,37.35743],[-122.06061,37.35204],[-122.08663,37.35238],[-122.09683,37.35996]]]}},{"type":"Feature","properties":{"geoid":"06085500500","name":"Rose Garden","city":"San Jose","county":"Santa Clara","centroid":[-121.929051875,37.328310125]},"geometry":{"type":"Polygon","coordinates":[[[-121.940775,37.328353],[-121.939334,37.332076],[-121.930351,37.33912],[-121.913791,37.325905],[-121.913747,37.323489],[-121.926772,37.323415],[-121.926893,37.326946],[-121.940752,37.327177],[-121.940775,37.328353]]]}},{"type":"Feature","properties":{"geoid":"06085512100","name":"San Jose","city":"San Jose","county":"Santa Clara","centroid":[-121.74158999999999,37.178963734693866]},"geometry":{"type":"Polygon","coordinates":[[[-121.779561,37.207244],[-121.775662,37.212243],[-121.772762,37.213142],[-121.770862,37.217377],[-121.768031,37.217012],[-121.765567,37.214341],[-121.762686,37.217818],[-121.761024,37.21652],[-121.758571,37.21786],[-121.759219,37.218933],[-121.746548,37.222854],[-121.751149,37.226434],[-121.747478,37.229526],[-121.730771,37.217148],[-121.721874,37.20853],[-121.705757,37.199187],[-121.686551,37.185697],[-121.66749,37.167032],[-121.69015,37.15155],[-121.69586,37.14525],[-121.6991,37.14536],[-121.69755,37.14336],[-121.69811,37.13922],[-121.70025,37.13661],[-121.70023,37.13323],[-121.70817,37.12433],[-121.713,37.12344],[-121.72063,37.12721],[-121.73329,37.1265],[-121.73652,37.13581],[-121.73568,37.13989],[-121.73807,37.14497],[-121.74104,37.14846],[-121.748511,37.151623],[-121.74954,37.15985],[-121.755632,37.164395],[-121.75567,37.168076],[-121.758797,37.172181],[-121.759952,37.179507],[-121.76169,37.182238],[-121.760106,37.18304],[-121.759391,37.185574],[-121.76367,37.188643],[-121.763136,37.190997],[-121.764561,37.190187],[-121.767125,37.192067],[-121.774473,37.193175],[-121.779534,37.195722],[-121.776909,37.19786],[-121.779561,37.207244]]]}},{"type":"Feature","properties":{"geoid":"06085507402","name":"Saratoga","city":"Saratoga","county":"Santa Clara","centroid":[-121.99881946666667,37.28242413333334]},"geometry":{"type":"Polygon","coordinates":[[[-122.010407,37.278303],[-122.006714,37.281197],[-122.006222,37.286259],[-122.002724,37.29146],[-122.0035,37.293037],[-121.992147,37.291635],[-121.99951,37.28467],[-121.99852,37.28403],[-121.994466,37.287062],[-121.994359,37.28012],[-121.989675,37.280227],[-121.989497,37.276231],[-121.99427,37.27608],[-121.993661,37.270491],[-122.00662,37.27556],[-122.010407,37.278303]]]}},{"type":"Feature","properties":{"geoid":"06085502907","name":"San Jose","city":"San Jose","county":"Santa Clara","centroid":[-121.8970625,37.263381499999994]},"geometry":{"type":"Polygon","coordinates":[[[-121.904661,37.267944],[-121.89496,37.270796],[-121.890285,37.259372],[-121.898344,37.255414],[-121.904661,37.267944]]]}},{"type":"Feature","properties":{"geoid":"06085503336","name":"Evergreen","city":"San Jose","county":"Santa Clara","centroid":[-121.80343942857144,37.30612428571429]},"geometry":{"type":"Polygon","coordinates":[[[-121.810781,37.307206],[-121.808069,37.311433],[-121.80191,37.312416],[-121.797881,37.306615],[-121.80205,37.305431],[-121.800694,37.299998],[-121.802691,37.299771],[-121.810781,37.307206]]]}},{"type":"Feature","properties":{"geoid":"06001406100","name":"Jingletown","city":"Oakland","county":"Alameda","centroid":[-122.231531,37.7754175]},"geometry":{"type":"Polygon","coordinates":[[[-122.238716,37.783585],[-122.236667,37.78261],[-122.2359,37.78341],[-122.214794,37.772376],[-122.224904,37.764563],[-122.22865,37.768306],[-122.236566,37.771731],[-122.236051,37.776759],[-122.238716,37.783585]]]}},{"type":"Feature","properties":{"geoid":"06085501402","name":"Little Portugal","city":"San Jose","county":"Santa Clara","centroid":[-121.86632125,37.34528949999999]},"geometry":{"type":"Polygon","coordinates":[[[-121.873812,37.344125],[-121.861728,37.349762],[-121.859173,37.346813],[-121.870572,37.340458],[-121.873812,37.344125]]]}},{"type":"Feature","properties":{"geoid":"06085504505","name":"Milpitas","city":"Milpitas","county":"Santa Clara","centroid":[-121.90166766666668,37.407902666666665]},"geometry":{"type":"Polygon","coordinates":[[[-121.912913,37.415554],[-121.904076,37.415329],[-121.887876,37.406952],[-121.891436,37.403373],[-121.904804,37.404483],[-121.908901,37.401725],[-121.912913,37.415554]]]}},{"type":"Feature","properties":{"geoid":"06085503903","name":"San Jose","city":"San Jose","county":"Santa Clara","centroid":[-121.8354065,37.3683415]},"geometry":{"type":"Polygon","coordinates":[[[-121.842897,37.370185],[-121.835609,37.37511],[-121.827928,37.365737],[-121.835192,37.362334],[-121.842897,37.370185]]]}},{"type":"Feature","properties":{"geoid":"06013386000","name":"Richmond Annex","city":"El Cerrito","county":"Contra Costa","centroid":[-122.31439763636364,37.92283109090909]},"geometry":{"type":"Polygon","coordinates":[[[-122.323321,37.931096],[-122.321063,37.931112],[-122.312207,37.923297],[-122.307585,37.924823],[-122.305824,37.92269],[-122.311388,37.919968],[-122.309169,37.916799],[-122.311577,37.915739],[-122.314852,37.919083],[-122.32069,37.919237],[-122.320698,37.927298],[-122.323321,37.931096]]]}},{"type":"Feature","properties":{"geoid":"06013354001","name":"Unincorporated Contra Costa","city":"","county":"Contra Costa","centroid":[-122.2246629375,37.88717262499999]},"geometry":{"type":"Polygon","coordinates":[[[-122.250299,37.900692],[-122.243329,37.905034],[-122.238846,37.900857],[-122.229943,37.898219],[-122.227187,37.899757],[-122.222924,37.898253],[-122.222666,37.899274],[-122.220122,37.899302],[-122.219288,37.897669],[-122.216923,37.900158],[-122.210494,37.899516],[-122.205217,37.893616],[-122.195663,37.889356],[-122.191602,37.883172],[-122.183395,37.878398],[-122.195608,37.868033],[-122.207756,37.865439],[-122.209477,37.861203],[-122.212923,37.857784],[-122.221418,37.865468],[-122.216372,37.869075],[-122.21764,37.87225],[-122.22362,37.878566],[-122.238679,37.883325],[-122.241971,37.881927],[-122.249262,37.886972],[-122.250286,37.889828],[-122.249145,37.891128],[-122.246313,37.893007],[-122.244508,37.892285],[-122.242159,37.893362],[-122.244179,37.896599],[-122.250299,37.900692]]]}},{"type":"Feature","properties":{"geoid":"06013318000","name":"Unincorporated Contra Costa","city":"","county":"Contra Costa","centroid":[-122.15983266666666,38.01988948717951]},"geometry":{"type":"Polygon","coordinates":[[[-122.195024,38.036179],[-122.19244,38.04112],[-122.188596,38.042023],[-122.183821,38.040869],[-122.182506,38.039348],[-122.183464,38.038615],[-122.180834,38.038124],[-122.179425,38.035664],[-122.174667,38.035974],[-122.174309,38.034583],[-122.167577,38.036721],[-122.159997,38.033445],[-122.146866,38.031727],[-122.146674,38.023585],[-122.158496,38.024873],[-122.14843,38.020897],[-122.148512,38.019223],[-122.142332,38.017281],[-122.139194,38.014032],[-122.13783,38.014852],[-122.132521,38.009343],[-122.128688,38.011115],[-122.128911,38.00662],[-122.130032,38.005845],[-122.128716,38.001701],[-122.131737,37.996734],[-122.126742,37.991536],[-122.135635,37.989657],[-122.139866,37.990146],[-122.142615,37.992111],[-122.148175,38.000676],[-122.156302,38.005208],[-122.166515,38.00707],[-122.177621,38.015077],[-122.179535,38.021535],[-122.183132,38.02574],[-122.18692,38.026029],[-122.187772,38.029421],[-122.191045,38.030991],[-122.195024,38.036179]]]}},{"type":"Feature","properties":{"geoid":"06013314200","name":"Bay Point","city":"Bay Point","county":"Contra Costa","centroid":[-121.96876421428571,38.046017428571425]},"geometry":{"type":"Polygon","coordinates":[[[-121.988274,38.046605],[-121.987567,38.066809],[-121.97744,38.06684],[-121.972281,38.065538],[-121.950919,38.054978],[-121.950911,38.053918],[-121.957572,38.055319],[-121.956694,38.041829],[-121.960265,38.042166],[-121.960183,38.026486],[-121.962358,38.025313],[-121.972526,38.029144],[-121.977885,38.033188],[-121.987824,38.036111],[-121.988274,38.046605]]]}},{"type":"Feature","properties":{"geoid":"06013357000","name":"Unincorporated Contra Costa","city":"","county":"Contra Costa","centroid":[-122.19559856666667,38.03841113333332]},"geometry":{"type":"Polygon","coordinates":[[[-122.238234,38.045168],[-122.22683,38.053676],[-122.226413,38.061073],[-122.225236,38.061014],[-122.201778,38.05812],[-122.183863,38.053997],[-122.176096,38.047772],[-122.167577,38.036721],[-122.174309,38.034583],[-122.174667,38.035974],[-122.179593,38.035734],[-122.180834,38.038124],[-122.183464,38.038615],[-122.182506,38.039348],[-122.183999,38.040952],[-122.188674,38.042026],[-122.19244,38.04112],[-122.194985,38.036348],[-122.19424,38.03446],[-122.187823,38.029481],[-122.18692,38.026029],[-122.182977,38.025625],[-122.178116,38.019178],[-122.17751,38.015723],[-122.190383,38.01566],[-122.198754,38.025381],[-122.207329,38.028878],[-122.223573,38.043352],[-122.226916,38.044719],[-122.231918,38.043483],[-122.238234,38.045168]]]}},{"type":"Feature","properties":{"geoid":"06013337100","name":"Four Corners","city":"Concord","county":"Contra Costa","centroid":[-122.01875407692306,37.958119230769235]},"geometry":{"type":"Polygon","coordinates":[[[-122.031397,37.967148],[-122.031229,37.968387],[-122.00849,37.961907],[-122.001615,37.95545],[-122.005171,37.952205],[-122.006411,37.948925],[-122.013762,37.946198],[-122.019089,37.951573],[-122.021499,37.956144],[-122.020934,37.957178],[-122.025881,37.96131],[-122.027515,37.964958],[-122.03081,37.964167],[-122.031397,37.967148]]]}},{"type":"Feature","properties":{"geoid":"06013363000","name":"Richmond","city":"Richmond","county":"Contra Costa","centroid":[-122.30959860000003,37.977140399999996]},"geometry":{"type":"Polygon","coordinates":[[[-122.322552,37.966332],[-122.314421,37.987375],[-122.309078,37.991544],[-122.302049,37.993441],[-122.298885,37.989296],[-122.295412,37.977074],[-122.306653,37.970462],[-122.309379,37.966261],[-122.31838,37.964127],[-122.319177,37.965492],[-122.322552,37.966332]]]}},{"type":"Feature","properties":{"geoid":"06013321101","name":"Valley High","city":"Martinez","county":"Contra Costa","centroid":[-122.1008236666667,37.987626416666664]},"geometry":{"type":"Polygon","coordinates":[[[-122.126565,37.991635],[-122.118953,37.99581],[-122.114845,37.996677],[-122.0965,37.99078],[-122.076444,37.992437],[-122.076949,37.985368],[-122.079234,37.983379],[-122.095948,37.983682],[-122.099007,37.984689],[-122.103577,37.981913],[-122.106567,37.982882],[-122.115295,37.982265],[-122.126565,37.991635]]]}},{"type":"Feature","properties":{"geoid":"06013320001","name":"Unincorporated Contra Costa","city":"","county":"Contra Costa","centroid":[-122.1063464,38.02079415000001]},"geometry":{"type":"Polygon","coordinates":[[[-122.130241,38.032891],[-122.130174,38.034718],[-122.123973,38.035717],[-122.118083,38.03934],[-122.095733,38.048355],[-122.083878,38.033766],[-122.07095,38.027035],[-122.069496,38.015916],[-122.074489,38.00981],[-122.083499,38.004819],[-122.092751,38.006035],[-122.104411,38.004993],[-122.113388,38.000747],[-122.110797,38.004155],[-122.110884,38.012338],[-122.117894,38.012869],[-122.117954,38.025188],[-122.124463,38.023858],[-122.12564,38.021556],[-122.12823,38.021777],[-122.130241,38.032891]]]}},{"type":"Feature","properties":{"geoid":"06013307205","name":"Antioch","city":"Antioch","county":"Contra Costa","centroid":[-121.83236705882355,37.99031611764706]},"geometry":{"type":"Polygon","coordinates":[[[-121.852897,37.987227],[-121.851162,37.991847],[-121.837306,38.003901],[-121.821374,37.999518],[-121.822199,37.998024],[-121.828872,38.000485],[-121.837989,37.998607],[-121.840084,37.992635],[-121.84017,37.990306],[-121.826197,37.989561],[-121.822402,37.992718],[-121.825595,37.982439],[-121.823521,37.981397],[-121.823772,37.980078],[-121.82572,37.980202],[-121.829461,37.983112],[-121.841519,37.983317],[-121.852897,37.987227]]]}},{"type":"Feature","properties":{"geoid":"06013355302","name":"Walnut Creek","city":"Walnut Creek","county":"Contra Costa","centroid":[-121.9940279411765,37.922844235294114]},"geometry":{"type":"Polygon","coordinates":[[[-122.014575,37.927511],[-122.004041,37.930572],[-121.997355,37.93773],[-121.9969,37.942687],[-121.985312,37.934343],[-121.986108,37.933209],[-121.983674,37.929776],[-121.985123,37.927756],[-121.978863,37.921462],[-121.978982,37.917549],[-121.977157,37.916105],[-121.990644,37.899584],[-121.993753,37.902565],[-121.997032,37.912468],[-122.007139,37.91352],[-122.010314,37.917548],[-122.011503,37.923967],[-122.014575,37.927511]]]}},{"type":"Feature","properties":{"geoid":"06013307101","name":"Antioch","city":"Antioch","county":"Contra Costa","centroid":[-121.81415238461538,37.9856906923077]},"geometry":{"type":"Polygon","coordinates":[[[-121.825567,37.982472],[-121.822402,37.992718],[-121.811419,37.994011],[-121.809549,37.993667],[-121.809548,37.991554],[-121.807748,37.991767],[-121.805664,37.98249],[-121.809002,37.981691],[-121.811452,37.982548],[-121.811425,37.980151],[-121.812912,37.979435],[-121.823772,37.980078],[-121.823521,37.981397],[-121.825567,37.982472]]]}},{"type":"Feature","properties":{"geoid":"06013341000","name":"Burton Valley","city":"Saranap","county":"Contra Costa","centroid":[-122.08584095999998,37.884682559999995]},"geometry":{"type":"Polygon","coordinates":[[[-122.097897,37.885828],[-122.093409,37.885409],[-122.092948,37.886961],[-122.090062,37.887015],[-122.091838,37.889937],[-122.091156,37.891947],[-122.08977,37.891878],[-122.091586,37.895631],[-122.090017,37.896601],[-122.092858,37.897631],[-122.084076,37.897737],[-122.075539,37.895833],[-122.070653,37.896559],[-122.066784,37.89386],[-122.069214,37.889314],[-122.077658,37.885015],[-122.076274,37.880634],[-122.089701,37.881319],[-122.089473,37.875452],[-122.081605,37.865325],[-122.083826,37.865161],[-122.084312,37.866948],[-122.089215,37.870047],[-122.091544,37.87018],[-122.094609,37.874842],[-122.097897,37.885828]]]}},{"type":"Feature","properties":{"geoid":"06013385100","name":"Richmond Annex","city":"El Cerrito","county":"Contra Costa","centroid":[-122.2957249375,37.92473062500001]},"geometry":{"type":"Polygon","coordinates":[[[-122.306822,37.931731],[-122.298406,37.933222],[-122.292238,37.930689],[-122.29064,37.929245],[-122.291799,37.927256],[-122.2867,37.924254],[-122.28016,37.917691],[-122.281245,37.915975],[-122.286638,37.919277],[-122.293779,37.918091],[-122.299248,37.915431],[-122.30422,37.922542],[-122.306823,37.923898],[-122.302449,37.927039],[-122.304343,37.929734],[-122.306089,37.929615],[-122.306822,37.931731]]]}},{"type":"Feature","properties":{"geoid":"06013392000","name":"Thousand Oaks","city":"Kensington","county":"Contra Costa","centroid":[-122.27473328571429,37.90934942857143]},"geometry":{"type":"Polygon","coordinates":[[[-122.284489,37.917226],[-122.281245,37.915975],[-122.280185,37.917714],[-122.274048,37.911234],[-122.272525,37.911918],[-122.266395,37.907474],[-122.268023,37.906535],[-122.267643,37.904246],[-122.270349,37.904391],[-122.271541,37.904941],[-122.27108,37.905824],[-122.2781,37.903302],[-122.2807,37.908827],[-122.279943,37.911285],[-122.284489,37.917226]]]}},{"type":"Feature","properties":{"geoid":"06013351200","name":"Burton Valley","city":"Lafayette","county":"Contra Costa","centroid":[-122.10476576190476,37.870472761904765]},"geometry":{"type":"Polygon","coordinates":[[[-122.127231,37.875576],[-122.123678,37.877751],[-122.126179,37.880332],[-122.120945,37.880975],[-122.11913,37.882348],[-122.11817,37.885755],[-122.096612,37.879105],[-122.095171,37.878526],[-122.094609,37.874842],[-122.091544,37.87018],[-122.089215,37.870047],[-122.084312,37.866948],[-122.083826,37.865161],[-122.081605,37.865325],[-122.077987,37.856751],[-122.086957,37.854845],[-122.101637,37.856382],[-122.107737,37.855508],[-122.124597,37.863302],[-122.125198,37.868414],[-122.123741,37.871855],[-122.127231,37.875576]]]}},{"type":"Feature","properties":{"geoid":"06013365002","name":"Richmond","city":"Richmond","county":"Contra Costa","centroid":[-122.378114,37.9635465]},"geometry":{"type":"Polygon","coordinates":[[[-122.403106,37.968211],[-122.399823,37.972582],[-122.392646,37.974451],[-122.387871,37.978392],[-122.383021,37.97598],[-122.381839,37.972034],[-122.378503,37.968267],[-122.369405,37.967758],[-122.363696,37.968773],[-122.356387,37.967181],[-122.358645,37.952188],[-122.360067,37.950321],[-122.361422,37.952037],[-122.370664,37.951245],[-122.370584,37.954058],[-122.380462,37.954063],[-122.387639,37.95267],[-122.400272,37.963626],[-122.403106,37.968211]]]}},{"type":"Feature","properties":{"geoid":"06013307201","name":"Antioch","city":"Antioch","county":"Contra Costa","centroid":[-121.85044966666668,38.00173133333333]},"geometry":{"type":"Polygon","coordinates":[[[-121.85663,38.00525],[-121.855551,38.009245],[-121.836253,38.004868],[-121.847483,37.995041],[-121.850749,37.997984],[-121.856032,37.998],[-121.85663,38.00525]]]}},{"type":"Feature","properties":{"geoid":"06013308001","name":"Antioch","city":"Antioch","county":"Contra Costa","centroid":[-121.79586161538461,37.99100776923076]},"geometry":{"type":"Polygon","coordinates":[[[-121.810175,37.998041],[-121.805984,37.998255],[-121.805999,38.001647],[-121.786334,37.998152],[-121.783938,37.993164],[-121.784592,37.990162],[-121.773226,37.9829],[-121.783227,37.986843],[-121.787351,37.984157],[-121.802415,37.983969],[-121.805664,37.98249],[-121.807748,37.991767],[-121.809548,37.991554],[-121.810175,37.998041]]]}},{"type":"Feature","properties":{"geoid":"06013307202","name":"Antioch","city":"Antioch","county":"Contra Costa","centroid":[-121.82798575,38.003837999999995]},"geometry":{"type":"Polygon","coordinates":[[[-121.837291,38.003915],[-121.833338,38.007369],[-121.81994,38.00455],[-121.821374,37.999518],[-121.837291,38.003915]]]}},{"type":"Feature","properties":{"geoid":"06085508102","name":"Rancho Rinconada","city":"Cupertino","county":"Santa Clara","centroid":[-122.00680380000001,37.3293996]},"geometry":{"type":"Polygon","coordinates":[[[-122.014368,37.325578],[-122.01416,37.33774],[-121.99554,37.33787],[-121.995691,37.32294],[-122.01426,37.32287],[-122.014368,37.325578]]]}},{"type":"Feature","properties":{"geoid":"06085506702","name":"San Tomas","city":"Campbell","county":"Santa Clara","centroid":[-121.96280233333334,37.275467166666665]},"geometry":{"type":"Polygon","coordinates":[[[-121.97221,37.26913],[-121.97132,37.27734],[-121.963291,37.279283],[-121.961113,37.28432],[-121.95276,37.27365],[-121.95612,37.26908],[-121.97221,37.26913]]]}},{"type":"Feature","properties":{"geoid":"06085506606","name":"San Tomas","city":"Campbell","county":"Santa Clara","centroid":[-121.968693,37.29026375]},"geometry":{"type":"Polygon","coordinates":[[[-121.976621,37.293795],[-121.96083,37.29431],[-121.960706,37.28696],[-121.976615,37.28599],[-121.976621,37.293795]]]}},{"type":"Feature","properties":{"geoid":"06085504506","name":"Curtner","city":"Milpitas","county":"Santa Clara","centroid":[-121.91506414285713,37.449690714285715]},"geometry":{"type":"Polygon","coordinates":[[[-121.922962,37.455317],[-121.912652,37.46065],[-121.912068,37.459696],[-121.908621,37.44626],[-121.914604,37.445904],[-121.914644,37.439976],[-121.919898,37.440032],[-121.922962,37.455317]]]}},{"type":"Feature","properties":{"geoid":"06085504507","name":"Milpitas","city":"Milpitas","county":"Santa Clara","centroid":[-121.9116309,37.4374227]},"geometry":{"type":"Polygon","coordinates":[[[-121.919898,37.440032],[-121.914644,37.439976],[-121.914604,37.445904],[-121.908621,37.44626],[-121.906625,37.444654],[-121.909179,37.442582],[-121.906058,37.4317],[-121.909428,37.429973],[-121.910869,37.427374],[-121.916383,37.425772],[-121.919898,37.440032]]]}},{"type":"Feature","properties":{"geoid":"06085506701","name":"San Tomas","city":"Campbell","county":"Santa Clara","centroid":[-121.98069890000002,37.272211000000006]},"geometry":{"type":"Polygon","coordinates":[[[-121.990884,37.270686],[-121.989146,37.272736],[-121.98533,37.272359],[-121.978292,37.275153],[-121.97634,37.277543],[-121.970372,37.277297],[-121.97132,37.27734],[-121.97356,37.26517],[-121.98109,37.26472],[-121.990655,37.269106],[-121.990884,37.270686]]]}},{"type":"Feature","properties":{"geoid":"06085508203","name":"Sunnyvale","city":"Sunnyvale","county":"Santa Clara","centroid":[-122.0244739,37.3450759]},"geometry":{"type":"Polygon","coordinates":[[[-122.032429,37.350959],[-122.03242,37.35204],[-122.02014,37.3521],[-122.02013,37.34867],[-122.02175,37.34658],[-122.02166,37.3434],[-122.02271,37.34314],[-122.02278,37.33855],[-122.01833,37.33771],[-122.03239,37.33761],[-122.032429,37.350959]]]}},{"type":"Feature","properties":{"geoid":"06013308002","name":"Antioch","city":"Antioch","county":"Contra Costa","centroid":[-121.76731055555554,37.98734588888888]},"geometry":{"type":"Polygon","coordinates":[[[-121.786334,37.998152],[-121.758221,37.993042],[-121.743619,37.983103],[-121.748945,37.983058],[-121.7605,37.979847],[-121.764879,37.982179],[-121.774767,37.983406],[-121.784592,37.990162],[-121.783938,37.993164],[-121.786334,37.998152]]]}},{"type":"Feature","properties":{"geoid":"06085506703","name":"San Tomas","city":"Campbell","county":"Santa Clara","centroid":[-121.9692516,37.2653146]},"geometry":{"type":"Polygon","coordinates":[[[-121.980208,37.264763],[-121.97356,37.26517],[-121.97218,37.26911],[-121.95612,37.26908],[-121.96419,37.25845],[-121.980208,37.264763]]]}},{"type":"Feature","properties":{"geoid":"06013343002","name":"Walnut Heights","city":"Shell Ridge","county":"Contra Costa","centroid":[-122.0362893125,37.90367387500001]},"geometry":{"type":"Polygon","coordinates":[[[-122.05489,37.908127],[-122.048995,37.909613],[-122.043749,37.913201],[-122.034658,37.908027],[-122.030396,37.910494],[-122.028237,37.909402],[-122.025923,37.911039],[-122.026636,37.902482],[-122.025594,37.900593],[-122.033373,37.903424],[-122.033351,37.902011],[-122.030151,37.899926],[-122.034771,37.892379],[-122.039073,37.894825],[-122.041995,37.894434],[-122.048837,37.898805],[-122.05489,37.908127]]]}},{"type":"Feature","properties":{"geoid":"06013348000","name":"Lafayette","city":"Lafayette","county":"Contra Costa","centroid":[-122.13521942105264,37.907643982456136]},"geometry":{"type":"Polygon","coordinates":[[[-122.163038,37.911763],[-122.161961,37.912737],[-122.162504,37.914616],[-122.158207,37.915121],[-122.15999,37.917204],[-122.158009,37.917668],[-122.160877,37.918226],[-122.160838,37.920409],[-122.149879,37.922296],[-122.141629,37.916107],[-122.151874,37.912384],[-122.151902,37.911135],[-122.146718,37.911123],[-122.147775,37.909456],[-122.143973,37.909453],[-122.143472,37.911474],[-122.141775,37.909467],[-122.128529,37.909405],[-122.12743,37.903037],[-122.127226,37.9067],[-122.125086,37.906729],[-122.12496,37.905827],[-122.116634,37.905367],[-122.114869,37.904125],[-122.112975,37.90574],[-122.107671,37.90123],[-122.099207,37.903034],[-122.100715,37.907011],[-122.102999,37.906489],[-122.10487,37.907944],[-122.111068,37.904893],[-122.114101,37.907116],[-122.113322,37.908483],[-122.116533,37.909629],[-122.115851,37.911031],[-122.121228,37.911216],[-122.121217,37.916508],[-122.119447,37.916387],[-122.113829,37.913762],[-122.111637,37.913979],[-122.096886,37.906555],[-122.092274,37.902624],[-122.092598,37.897993],[-122.135573,37.890369],[-122.154398,37.891824],[-122.151517,37.892965],[-122.15121,37.895292],[-122.157967,37.896497],[-122.158709,37.897468],[-122.15736,37.896827],[-122.157313,37.898623],[-122.159651,37.903661],[-122.153036,37.904455],[-122.152959,37.906427],[-122.158784,37.908444],[-122.159157,37.90975],[-122.16229,37.909652],[-122.163038,37.911763]]]}},{"type":"Feature","properties":{"geoid":"06013352101","name":"Moraga","city":"Moraga","county":"Contra Costa","centroid":[-122.09730079166665,37.844683333333336]},"geometry":{"type":"Polygon","coordinates":[[[-122.127275,37.84248],[-122.123884,37.859141],[-122.124597,37.863302],[-122.107737,37.855508],[-122.101637,37.856382],[-122.086957,37.854845],[-122.077987,37.856751],[-122.078279,37.855784],[-122.075296,37.853576],[-122.061659,37.845866],[-122.061419,37.835609],[-122.070669,37.835559],[-122.070776,37.828766],[-122.087163,37.831168],[-122.09076,37.834406],[-122.096778,37.836865],[-122.099103,37.841133],[-122.102234,37.843194],[-122.105404,37.843436],[-122.10928,37.838173],[-122.113955,37.837896],[-122.114897,37.842266],[-122.121309,37.841823],[-122.126164,37.838471],[-122.127275,37.84248]]]}},{"type":"Feature","properties":{"geoid":"06013359202","name":"Pinole","city":"Pinole","county":"Contra Costa","centroid":[-122.25030100000002,37.98313059999999]},"geometry":{"type":"Polygon","coordinates":[[[-122.286182,37.997188],[-122.279746,38.004006],[-122.279043,38.003251],[-122.282136,38.000389],[-122.27808,38.000039],[-122.274881,37.995064],[-122.268913,37.992732],[-122.259538,37.99176],[-122.253677,37.993614],[-122.235999,37.983406],[-122.227185,37.984991],[-122.226511,37.986198],[-122.221769,37.98589],[-122.204969,37.964742],[-122.210023,37.96868],[-122.214916,37.970441],[-122.221396,37.970535],[-122.223748,37.972761],[-122.228445,37.973387],[-122.230873,37.97504],[-122.237422,37.972076],[-122.243671,37.971097],[-122.249917,37.973313],[-122.25122,37.975157],[-122.255324,37.976899],[-122.26321,37.978674],[-122.26673,37.981247],[-122.27207,37.980854],[-122.276733,37.982286],[-122.284703,37.988201],[-122.286182,37.997188]]]}},{"type":"Feature","properties":{"geoid":"06085504805","name":"Sunnyvale","city":"Sunnyvale","county":"Santa Clara","centroid":[-122.00621187499999,37.399978625]},"geometry":{"type":"Polygon","coordinates":[[[-122.012746,37.39574],[-122.00964,37.40689],[-121.995782,37.409928],[-121.99566,37.39936],[-122.00784,37.39964],[-122.007907,37.396634],[-122.009834,37.396637],[-122.010286,37.395],[-122.012746,37.39574]]]}},{"type":"Feature","properties":{"geoid":"06085508204","name":"Sunnyvale","city":"Sunnyvale","county":"Santa Clara","centroid":[-122.018758,37.34415]},"geometry":{"type":"Polygon","coordinates":[[[-122.02279,37.34037],[-122.02014,37.3521],[-122.01407,37.35209],[-122.01416,37.33774],[-122.02263,37.33845],[-122.02279,37.34037]]]}},{"type":"Feature","properties":{"geoid":"06085508505","name":"Sunnyvale","city":"Sunnyvale","county":"Santa Clara","centroid":[-122.00982285714285,37.36130000000001]},"geometry":{"type":"Polygon","coordinates":[[[-122.0141,37.36446],[-122.01374,37.36666],[-122.00824,37.36675],[-122.00869,37.36308],[-122.00501,37.3631],[-122.00494,37.3521],[-122.01404,37.35295],[-122.0141,37.36446]]]}},{"type":"Feature","properties":{"geoid":"06013384000","name":"East Richmond","city":"El Cerrito","county":"Contra Costa","centroid":[-122.312331125,37.933293625]},"geometry":{"type":"Polygon","coordinates":[[[-122.320957,37.931116],[-122.320323,37.938342],[-122.313929,37.94],[-122.303575,37.938204],[-122.298406,37.933222],[-122.309897,37.932231],[-122.314484,37.926451],[-122.317078,37.926783],[-122.320957,37.931116]]]}},{"type":"Feature","properties":{"geoid":"06013305000","name":"Antioch","city":"Antioch","county":"Contra Costa","centroid":[-121.82852976923074,38.01350507692308]},"geometry":{"type":"Polygon","coordinates":[[[-121.860188,38.014943],[-121.855788,38.02352],[-121.850366,38.022332],[-121.847534,38.029759],[-121.842294,38.028341],[-121.831302,38.030059],[-121.815673,38.021038],[-121.80931,38.020321],[-121.80127,38.021622],[-121.80096,38.015638],[-121.796946,38.012271],[-121.810024,38.011185],[-121.810022,38.00491],[-121.806003,38.004881],[-121.805999,38.001647],[-121.815062,38.003548],[-121.813786,38.010123],[-121.819683,38.010192],[-121.81994,38.00455],[-121.833338,38.007369],[-121.836253,38.004868],[-121.840316,38.004984],[-121.854893,38.009033],[-121.853949,38.010062],[-121.855877,38.010797],[-121.854998,38.013139],[-121.860188,38.014943]]]}},{"type":"Feature","properties":{"geoid":"06001403000","name":"Chinatown","city":"Oakland","county":"Alameda","centroid":[-122.27071799999999,37.80045125]},"geometry":{"type":"Polygon","coordinates":[[[-122.275,37.798423],[-122.271274,37.804361],[-122.266458,37.802497],[-122.27014,37.796524],[-122.275,37.798423]]]}},{"type":"Feature","properties":{"geoid":"06085504806","name":"Sunnyvale","city":"Sunnyvale","county":"Santa Clara","centroid":[-122.00457216666668,37.396405]},"geometry":{"type":"Polygon","coordinates":[[[-122.010262,37.395094],[-122.009834,37.396637],[-122.007907,37.396634],[-122.00784,37.39964],[-121.99566,37.39936],[-121.99593,37.391065],[-122.010262,37.395094]]]}},{"type":"Feature","properties":{"geoid":"06085505007","name":"Santa Clara","city":"Santa Clara","county":"Santa Clara","centroid":[-121.94572014285714,37.385363285714284]},"geometry":{"type":"Polygon","coordinates":[[[-121.964037,37.38192],[-121.96056,37.38688],[-121.940655,37.395672],[-121.939524,37.390374],[-121.935639,37.38548],[-121.937901,37.380569],[-121.941725,37.376648],[-121.964037,37.38192]]]}},{"type":"Feature","properties":{"geoid":"06085505203","name":"Newhall","city":"Santa Clara","county":"Santa Clara","centroid":[-121.9365296,37.347736899999994]},"geometry":{"type":"Polygon","coordinates":[[[-121.94345,37.35016],[-121.93736,37.35202],[-121.93838,37.35308],[-121.937553,37.353984],[-121.921909,37.346027],[-121.930351,37.33912],[-121.936363,37.344148],[-121.93782,37.34355],[-121.94026,37.34792],[-121.94185,37.34736],[-121.94345,37.35016]]]}},{"type":"Feature","properties":{"geoid":"06085504802","name":"Sunnyvale","city":"Sunnyvale","county":"Santa Clara","centroid":[-121.99138275000001,37.400432249999994]},"geometry":{"type":"Polygon","coordinates":[[[-121.995935,37.391294],[-121.995782,37.409928],[-121.986838,37.412059],[-121.986976,37.388448],[-121.995935,37.391294]]]}},{"type":"Feature","properties":{"geoid":"06085505301","name":"Santa Clara","city":"Santa Clara","county":"Santa Clara","centroid":[-121.98506266666668,37.36683299999999]},"geometry":{"type":"Polygon","coordinates":[[[-121.99629,37.37022],[-121.97681,37.3703],[-121.97555,37.36325],[-121.9807,37.36341],[-121.98501,37.36693],[-121.996016,37.366888],[-121.99629,37.37022]]]}},{"type":"Feature","properties":{"geoid":"06085505302","name":"Santa Clara","city":"Santa Clara","county":"Santa Clara","centroid":[-121.97290571428572,37.36002714285714]},"geometry":{"type":"Polygon","coordinates":[[[-121.97778,37.3565],[-121.97544,37.36231],[-121.97681,37.3703],[-121.96528,37.36602],[-121.96868,37.3605],[-121.96868,37.35228],[-121.97767,37.35228],[-121.97778,37.3565]]]}},{"type":"Feature","properties":{"geoid":"06085505304","name":"Santa Clara","city":"Santa Clara","county":"Santa Clara","centroid":[-121.9822316,37.361028999999995]},"geometry":{"type":"Polygon","coordinates":[[[-121.98722,37.363976],[-121.987223,37.366933],[-121.9856,37.36697],[-121.98278,37.36603],[-121.9807,37.36341],[-121.97555,37.36325],[-121.9777,37.35776],[-121.97767,37.35228],[-121.983895,37.352285],[-121.983978,37.357396],[-121.98722,37.363976]]]}},{"type":"Feature","properties":{"geoid":"06085505305","name":"Santa Clara","city":"Santa Clara","county":"Santa Clara","centroid":[-121.99014385714284,37.35894457142857]},"geometry":{"type":"Polygon","coordinates":[[[-121.99633,37.35307],[-121.996016,37.366888],[-121.987223,37.366933],[-121.987235,37.36386],[-121.983978,37.357396],[-121.983895,37.352285],[-121.99633,37.35218],[-121.99633,37.35307]]]}},{"type":"Feature","properties":{"geoid":"06085505401","name":"Santa Clara","city":"Santa Clara","county":"Santa Clara","centroid":[-121.98617,37.348055]},"geometry":{"type":"Polygon","coordinates":[[[-121.99633,37.35218],[-121.97767,37.35228],[-121.9777,37.3466],[-121.9832,37.34659],[-121.98648,37.34521],[-121.99564,37.34547],[-121.99633,37.35218]]]}},{"type":"Feature","properties":{"geoid":"06085505402","name":"Santa Clara","city":"Santa Clara","county":"Santa Clara","centroid":[-121.97412200000001,37.346198]},"geometry":{"type":"Polygon","coordinates":[[[-121.9777,37.3474],[-121.97767,37.35228],[-121.96868,37.35228],[-121.96975,37.34063],[-121.97681,37.3384],[-121.9777,37.3474]]]}},{"type":"Feature","properties":{"geoid":"06085508601","name":"Whisman Station","city":"Sunnyvale","county":"Santa Clara","centroid":[-122.04096750000002,37.3759175]},"geometry":{"type":"Polygon","coordinates":[[[-122.04848,37.37185],[-122.0447,37.38322],[-122.0336,37.37957],[-122.03709,37.36903],[-122.04848,37.37185]]]}},{"type":"Feature","properties":{"geoid":"06085505403","name":"Santa Clara","city":"Santa Clara","county":"Santa Clara","centroid":[-121.98589500000001,37.34335666666667]},"geometry":{"type":"Polygon","coordinates":[[[-121.99564,37.34547],[-121.98648,37.34521],[-121.9832,37.34659],[-121.9777,37.3466],[-121.97681,37.3384],[-121.99554,37.33787],[-121.99564,37.34547]]]}},{"type":"Feature","properties":{"geoid":"06085505500","name":"Santa Clara","city":"Santa Clara","county":"Santa Clara","centroid":[-121.96078222222224,37.34662777777778]},"geometry":{"type":"Polygon","coordinates":[[[-121.97029,37.34262],[-121.96868,37.34583],[-121.96868,37.35228],[-121.95713,37.35228],[-121.95437,37.3474],[-121.95221,37.34817],[-121.95122,37.34634],[-121.95471,37.3441],[-121.96975,37.34063],[-121.97029,37.34262]]]}},{"type":"Feature","properties":{"geoid":"06085505600","name":"Newhall","city":"Santa Clara","county":"Santa Clara","centroid":[-121.9448197142857,37.350625642857146]},"geometry":{"type":"Polygon","coordinates":[[[-121.95518,37.35341],[-121.94383,37.356683],[-121.937553,37.353984],[-121.93838,37.35308],[-121.93724,37.35213],[-121.94345,37.35016],[-121.94185,37.34736],[-121.94026,37.34792],[-121.93972,37.34697],[-121.94718,37.34436],[-121.95032,37.34996],[-121.9491,37.3504],[-121.94964,37.35135],[-121.953773,37.350992],[-121.95518,37.35341]]]}},{"type":"Feature","properties":{"geoid":"06085505800","name":"Rose Garden","city":"San Jose","county":"Santa Clara","centroid":[-121.94050944444446,37.33363133333333]},"geometry":{"type":"Polygon","coordinates":[[[-121.95026,37.33216],[-121.95016,37.338066],[-121.93823,37.3384],[-121.933606,37.337312],[-121.931242,37.339899],[-121.930351,37.33912],[-121.940004,37.331225],[-121.940552,37.32328],[-121.95018,37.32322],[-121.95026,37.33216]]]}},{"type":"Feature","properties":{"geoid":"06085506803","name":"San Jose","city":"San Jose","county":"Santa Clara","centroid":[-121.91422083333332,37.24233283333333]},"geometry":{"type":"Polygon","coordinates":[[[-121.922721,37.240112],[-121.922214,37.250601],[-121.910543,37.25073],[-121.903713,37.240004],[-121.903523,37.236363],[-121.922611,37.236187],[-121.922721,37.240112]]]}},{"type":"Feature","properties":{"geoid":"06085507806","name":"Creston","city":"Cupertino","county":"Santa Clara","centroid":[-122.04363585714285,37.32889314285715]},"geometry":{"type":"Polygon","coordinates":[[[-122.050521,37.331032],[-122.04726,37.33248],[-122.04729,37.33403],[-122.03244,37.33424],[-122.03237,37.3228],[-122.04606,37.32278],[-122.04951,37.32489],[-122.050521,37.331032]]]}},{"type":"Feature","properties":{"geoid":"06085507807","name":"Wilson Park","city":"Cupertino","county":"Santa Clara","centroid":[-122.03810385714284,37.31079757142857]},"geometry":{"type":"Polygon","coordinates":[[[-122.04964,37.31555],[-122.03234,37.31556],[-122.032261,37.308241],[-122.03414,37.30842],[-122.034687,37.310158],[-122.03765,37.31038],[-122.046009,37.307274],[-122.04964,37.31555]]]}},{"type":"Feature","properties":{"geoid":"06085508301","name":"Creston","city":"Sunnyvale","county":"Santa Clara","centroid":[-122.05991785714286,37.345532428571424]},"geometry":{"type":"Polygon","coordinates":[[[-122.065039,37.343697],[-122.063611,37.346875],[-122.064696,37.348951],[-122.063079,37.352054],[-122.05054,37.35207],[-122.05006,37.33754],[-122.0624,37.33754],[-122.065039,37.343697]]]}},{"type":"Feature","properties":{"geoid":"06085508303","name":"Creston","city":"Sunnyvale","county":"Santa Clara","centroid":[-122.0468386,37.3458574]},"geometry":{"type":"Polygon","coordinates":[[[-122.050543,37.350037],[-122.05054,37.35207],[-122.04154,37.35207],[-122.04151,37.33757],[-122.05006,37.33754],[-122.050543,37.350037]]]}},{"type":"Feature","properties":{"geoid":"06085506000","name":"Santa Clara","city":"Santa Clara","county":"Santa Clara","centroid":[-121.96079812500001,37.338052125]},"geometry":{"type":"Polygon","coordinates":[[[-121.96975,37.34063],[-121.95471,37.3441],[-121.953365,37.345507],[-121.95139,37.34167],[-121.95535,37.34053],[-121.9664,37.32743],[-121.96765,37.32908],[-121.96777,37.33547],[-121.96975,37.34063]]]}},{"type":"Feature","properties":{"geoid":"06085506101","name":"Santa Clara","city":"Santa Clara","county":"Santa Clara","centroid":[-121.98346080000002,37.333752999999994]},"geometry":{"type":"Polygon","coordinates":[[[-121.995594,37.337205],[-121.97681,37.3384],[-121.97397,37.332],[-121.97554,37.32988],[-121.99539,37.33128],[-121.995594,37.337205]]]}},{"type":"Feature","properties":{"geoid":"06085506102","name":"Santa Clara","city":"Santa Clara","county":"Santa Clara","centroid":[-121.97097124999999,37.331388749999995]},"geometry":{"type":"Polygon","coordinates":[[[-121.97675,37.33842],[-121.96975,37.34063],[-121.96777,37.33547],[-121.96765,37.32908],[-121.9664,37.32743],[-121.97001,37.32311],[-121.97548,37.32306],[-121.97396,37.33391],[-121.97675,37.33842]]]}},{"type":"Feature","properties":{"geoid":"06085507808","name":"Wilson Park","city":"Cupertino","county":"Santa Clara","centroid":[-122.0366927142857,37.304605]},"geometry":{"type":"Polygon","coordinates":[[[-122.045819,37.307293],[-122.03765,37.31038],[-122.034687,37.310158],[-122.03414,37.30842],[-122.032261,37.308241],[-122.032264,37.293965],[-122.040028,37.293778],[-122.045819,37.307293]]]}},{"type":"Feature","properties":{"geoid":"06001410000","name":"Oakland","city":"Oakland","county":"Alameda","centroid":[-122.13391957894737,37.74286689473685]},"geometry":{"type":"Polygon","coordinates":[[[-122.151704,37.751913],[-122.151206,37.75364],[-122.149301,37.753536],[-122.141613,37.757518],[-122.138324,37.757965],[-122.129338,37.755977],[-122.12401,37.751307],[-122.120816,37.746404],[-122.115503,37.748871],[-122.115091,37.735279],[-122.124462,37.728588],[-122.125458,37.72976],[-122.131227,37.730427],[-122.132345,37.731726],[-122.130623,37.733694],[-122.134856,37.734317],[-122.138977,37.730932],[-122.14071,37.737182],[-122.148908,37.745435],[-122.151704,37.751913]]]}},{"type":"Feature","properties":{"geoid":"06085506103","name":"Rancho Rinconada","city":"Santa Clara","county":"Santa Clara","centroid":[-121.9874806,37.3264242]},"geometry":{"type":"Polygon","coordinates":[[[-121.996002,37.324891],[-121.99539,37.33128],[-121.97484,37.32995],[-121.97548,37.32306],[-121.995691,37.32294],[-121.996002,37.324891]]]}},{"type":"Feature","properties":{"geoid":"06085506203","name":"Rancho Rinconada","city":"San Jose","county":"Santa Clara","centroid":[-121.98520720000002,37.3204274]},"geometry":{"type":"Polygon","coordinates":[[[-121.99494,37.32294],[-121.970006,37.32304],[-121.975026,37.317086],[-121.990579,37.318419],[-121.995485,37.320652],[-121.99494,37.32294]]]}},{"type":"Feature","properties":{"geoid":"06085506204","name":"Rancho Rinconada","city":"San Jose","county":"Santa Clara","centroid":[-121.98505633333333,37.31452583333333]},"geometry":{"type":"Polygon","coordinates":[[[-121.99595,37.309573],[-121.995485,37.320652],[-121.989167,37.318098],[-121.975026,37.317086],[-121.977044,37.313616],[-121.977666,37.30813],[-121.99595,37.309573]]]}},{"type":"Feature","properties":{"geoid":"06085506301","name":"San Jose","city":"San Jose","county":"Santa Clara","centroid":[-121.9630686,37.3192584]},"geometry":{"type":"Polygon","coordinates":[[[-121.974962,37.317164],[-121.97001,37.32311],[-121.95012,37.323144],[-121.950119,37.316683],[-121.970132,37.316191],[-121.974962,37.317164]]]}},{"type":"Feature","properties":{"geoid":"06001430200","name":"Castro Valley","city":"Castro Valley","county":"Alameda","centroid":[-122.0600291764706,37.72491917647059]},"geometry":{"type":"Polygon","coordinates":[[[-122.075264,37.720742],[-122.065563,37.720173],[-122.061692,37.729551],[-122.059932,37.738777],[-122.062206,37.748429],[-122.059239,37.752689],[-122.056625,37.748057],[-122.05126,37.731487],[-122.052554,37.72885],[-122.052153,37.723696],[-122.054333,37.721219],[-122.054071,37.715395],[-122.055841,37.714038],[-122.056555,37.704171],[-122.055401,37.703784],[-122.074098,37.704751],[-122.073709,37.717817],[-122.075264,37.720742]]]}},{"type":"Feature","properties":{"geoid":"06001407900","name":"Laurel","city":"Oakland","county":"Alameda","centroid":[-122.18535177777777,37.78952322222223]},"geometry":{"type":"Polygon","coordinates":[[[-122.195716,37.786858],[-122.18822,37.790655],[-122.185984,37.789802],[-122.183759,37.792074],[-122.185891,37.793505],[-122.184387,37.797244],[-122.177051,37.787276],[-122.178401,37.783822],[-122.188757,37.784473],[-122.195716,37.786858]]]}},{"type":"Feature","properties":{"geoid":"06001436601","name":"Hayward","city":"Hayward","county":"Alameda","centroid":[-122.0798104,37.656216799999996]},"geometry":{"type":"Polygon","coordinates":[[[-122.086718,37.658182],[-122.082336,37.666154],[-122.070021,37.650546],[-122.076872,37.649415],[-122.083105,37.656787],[-122.086718,37.658182]]]}},{"type":"Feature","properties":{"geoid":"06001401400","name":"Hoover-Foster","city":"Oakland","county":"Alameda","centroid":[-122.2729535,37.819847]},"geometry":{"type":"Polygon","coordinates":[[[-122.278611,37.826878],[-122.268563,37.824462],[-122.271246,37.815325],[-122.273394,37.812723],[-122.278611,37.826878]]]}},{"type":"Feature","properties":{"geoid":"06001400500","name":"Lorin","city":"Oakland","county":"Alameda","centroid":[-122.26607249999999,37.848487]},"geometry":{"type":"Polygon","coordinates":[[[-122.269507,37.848582],[-122.268374,37.848768],[-122.268965,37.851616],[-122.260223,37.852793],[-122.261296,37.845027],[-122.26807,37.844136],[-122.269507,37.848582]]]}},{"type":"Feature","properties":{"geoid":"06001451102","name":"Sandhurst","city":"Livermore","county":"Alameda","centroid":[-121.78722471428571,37.651936285714285]},"geometry":{"type":"Polygon","coordinates":[[[-121.805711,37.652141],[-121.805612,37.655952],[-121.782983,37.655998],[-121.782848,37.658529],[-121.780358,37.660768],[-121.779094,37.660798],[-121.779097,37.658982],[-121.768049,37.659146],[-121.768075,37.645195],[-121.782653,37.64519],[-121.783194,37.648693],[-121.799568,37.636717],[-121.799364,37.641405],[-121.80454,37.647594],[-121.805711,37.652141]]]}},{"type":"Feature","properties":{"geoid":"06085507903","name":"Rancho Rinconada","city":"San Jose","county":"Santa Clara","centroid":[-122.01020333333332,37.301951833333334]},"geometry":{"type":"Polygon","coordinates":[[[-122.01506,37.304772],[-122.0135,37.31032],[-122.00296,37.31023],[-122.007043,37.299454],[-122.0077,37.29337],[-122.014957,37.293565],[-122.01506,37.304772]]]}},{"type":"Feature","properties":{"geoid":"06085508401","name":"Sunnyvale","city":"Sunnyvale","county":"Santa Clara","centroid":[-122.05625385714286,37.363195714285716]},"geometry":{"type":"Polygon","coordinates":[[[-122.063677,37.36685],[-122.05766,37.37429],[-122.04851,37.37178],[-122.04999,37.36791],[-122.05054,37.35207],[-122.06061,37.35204],[-122.06279,37.35743],[-122.063677,37.36685]]]}},{"type":"Feature","properties":{"geoid":"06085508404","name":"Sunnyvale","city":"Sunnyvale","county":"Santa Clara","centroid":[-122.042714,37.36406]},"geometry":{"type":"Polygon","coordinates":[[[-122.05038,37.36265],[-122.04851,37.37178],[-122.03211,37.3675],[-122.03236,37.35895],[-122.05021,37.35942],[-122.05038,37.36265]]]}},{"type":"Feature","properties":{"geoid":"06001432800","name":"Castro Valley","city":"Castro Valley","county":"Alameda","centroid":[-122.12266327272727,37.72227054545454]},"geometry":{"type":"Polygon","coordinates":[[[-122.138752,37.730947],[-122.134438,37.734305],[-122.130623,37.733694],[-122.132345,37.731726],[-122.13065,37.730122],[-122.127244,37.729827],[-122.125631,37.727231],[-122.122762,37.727113],[-122.119313,37.729046],[-122.112732,37.72241],[-122.110039,37.721676],[-122.109414,37.719228],[-122.104695,37.714756],[-122.112225,37.713017],[-122.115751,37.714237],[-122.118231,37.717393],[-122.120486,37.717725],[-122.12177,37.716326],[-122.120689,37.711424],[-122.122551,37.708533],[-122.130973,37.714486],[-122.137278,37.72473],[-122.138752,37.730947]]]}},{"type":"Feature","properties":{"geoid":"06001441503","name":"Newark","city":"Newark","county":"Alameda","centroid":[-122.03364154,37.502952800000024]},"geometry":{"type":"Polygon","coordinates":[[[-122.131725,37.562887],[-122.127219,37.568072],[-122.122092,37.569258],[-122.110133,37.565549],[-122.111083,37.561384],[-122.1103,37.560518],[-122.104359,37.563919],[-122.101686,37.562294],[-122.099615,37.564897],[-122.097071,37.564271],[-122.094929,37.562002],[-122.079407,37.561485],[-122.06973,37.563639],[-122.060222,37.573995],[-122.05518,37.549454],[-122.073527,37.535913],[-122.088246,37.532351],[-122.093759,37.529653],[-122.10193,37.52262],[-122.111675,37.510408],[-122.110894,37.509302],[-122.101243,37.518249],[-122.101522,37.521337],[-122.098329,37.522612],[-122.09326,37.520987],[-122.09228,37.518493],[-122.088326,37.516847],[-122.088936,37.513246],[-122.082839,37.514484],[-122.080861,37.516609],[-122.079505,37.516418],[-122.079412,37.514795],[-122.067382,37.51828],[-122.064519,37.513016],[-122.060838,37.514834],[-122.055754,37.514225],[-122.054028,37.508454],[-122.057479,37.499121],[-122.041124,37.493526],[-122.038309,37.493697],[-122.032234,37.489354],[-122.030347,37.489465],[-122.029242,37.488156],[-122.030262,37.482665],[-122.027078,37.478609],[-122.025852,37.478979],[-122.025282,37.482412],[-122.023141,37.484693],[-122.0198,37.484589],[-122.013813,37.481647],[-122.009747,37.488982],[-122.010084,37.493441],[-122.005911,37.494617],[-121.999521,37.493315],[-121.996281,37.498291],[-121.992025,37.498066],[-121.997972,37.503893],[-121.994752,37.514003],[-121.987767,37.522432],[-121.967456,37.507453],[-121.95117,37.512099],[-121.949718,37.50894],[-121.948597,37.492799],[-121.936783,37.483954],[-121.929543,37.489847],[-121.912652,37.46065],[-121.925041,37.454186],[-121.92785,37.455262],[-121.928444,37.457394],[-121.932626,37.455147],[-121.932712,37.456842],[-121.931128,37.45739],[-121.931199,37.460644],[-121.934732,37.460524],[-121.936025,37.462929],[-121.939241,37.462487],[-121.941085,37.464948],[-121.944226,37.465822],[-121.944914,37.469163],[-121.947087,37.467424],[-121.946409,37.463362],[-121.949602,37.461408],[-121.959313,37.463515],[-121.975071,37.460639],[-121.980014,37.460892],[-121.992669,37.464639],[-121.996671,37.467239],[-122.036182,37.464966],[-122.044587,37.460666],[-122.055941,37.463951],[-122.059886,37.469467],[-122.061484,37.491605],[-122.078016,37.495107],[-122.098588,37.494884],[-122.103995,37.493706],[-122.109574,37.497637],[-122.117393,37.506894],[-122.118521,37.526413],[-122.120401,37.532824],[-122.135769,37.558852],[-122.131725,37.562887]]]}},{"type":"Feature","properties":{"geoid":"06001435400","name":"Hayward","city":"Hayward","county":"Alameda","centroid":[-122.08113253846153,37.67547269230769]},"geometry":{"type":"Polygon","coordinates":[[[-122.093963,37.67448],[-122.088994,37.676483],[-122.085341,37.680022],[-122.083088,37.676868],[-122.079881,37.678074],[-122.079204,37.68053],[-122.077244,37.679922],[-122.077308,37.678623],[-122.073895,37.675209],[-122.07749,37.673104],[-122.076015,37.671876],[-122.079964,37.6698],[-122.082336,37.666154],[-122.093963,37.67448]]]}},{"type":"Feature","properties":{"geoid":"06001438000","name":"Decoto","city":"Union","county":"Alameda","centroid":[-122.02777130000001,37.6211105]},"geometry":{"type":"Polygon","coordinates":[[[-122.04453,37.627848],[-122.039668,37.629214],[-122.034786,37.628021],[-122.030028,37.628855],[-122.028028,37.622776],[-122.023709,37.623012],[-122.022558,37.619995],[-122.01787,37.616604],[-122.016499,37.608537],[-122.020037,37.606243],[-122.04453,37.627848]]]}},{"type":"Feature","properties":{"geoid":"06001451201","name":"Spring Valley","city":"Livermore","county":"Alameda","centroid":[-121.7440035,37.710929666666665]},"geometry":{"type":"Polygon","coordinates":[[[-121.75959,37.703789],[-121.753779,37.70656],[-121.75285,37.709614],[-121.753921,37.711169],[-121.750505,37.71585],[-121.74501,37.716913],[-121.743168,37.718504],[-121.741125,37.716486],[-121.724279,37.71701],[-121.723874,37.709128],[-121.736804,37.703675],[-121.743137,37.702458],[-121.75959,37.703789]]]}},{"type":"Feature","properties":{"geoid":"06001451202","name":"Unincorporated Alameda","city":"","county":"Alameda","centroid":[-121.76496599999997,37.7304386]},"geometry":{"type":"Polygon","coordinates":[[[-121.813836,37.745649],[-121.811887,37.751813],[-121.812589,37.754225],[-121.73928,37.772122],[-121.736703,37.771422],[-121.733131,37.766952],[-121.73652,37.762352],[-121.735129,37.755158],[-121.731925,37.750201],[-121.725966,37.746926],[-121.72307,37.741336],[-121.724029,37.73837],[-121.724279,37.71701],[-121.741125,37.716486],[-121.743168,37.718504],[-121.74501,37.716913],[-121.750505,37.71585],[-121.753921,37.711169],[-121.75285,37.709614],[-121.753779,37.70656],[-121.759189,37.704464],[-121.759362,37.703015],[-121.786936,37.699657],[-121.808309,37.701003],[-121.80607,37.701308],[-121.804734,37.710455],[-121.808694,37.71921],[-121.809299,37.728647],[-121.808295,37.73534],[-121.80939,37.741427],[-121.813836,37.745649]]]}},{"type":"Feature","properties":{"geoid":"06001409000","name":"Brookfield Village","city":"Oakland","county":"Alameda","centroid":[-122.21010728571427,37.72710071428572]},"geometry":{"type":"Polygon","coordinates":[[[-122.255497,37.721766],[-122.247912,37.728375],[-122.236181,37.719851],[-122.228343,37.727729],[-122.226768,37.727657],[-122.2265,37.74808],[-122.223377,37.748036],[-122.223481,37.754702],[-122.214852,37.761468],[-122.207537,37.753148],[-122.201102,37.754884],[-122.181561,37.737835],[-122.188784,37.731729],[-122.183312,37.725566],[-122.190377,37.728893],[-122.191927,37.727288],[-122.198055,37.726227],[-122.196274,37.72331],[-122.189004,37.717889],[-122.192905,37.716726],[-122.193401,37.717829],[-122.194714,37.717538],[-122.194418,37.71583],[-122.209726,37.711087],[-122.205473,37.702619],[-122.209088,37.696138],[-122.216153,37.695543],[-122.256282,37.721077],[-122.255497,37.721766]]]}},{"type":"Feature","properties":{"geoid":"06085508503","name":"Sunnyvale","city":"Sunnyvale","county":"Santa Clara","centroid":[-122.02786,37.358975]},"geometry":{"type":"Polygon","coordinates":[[[-122.03284,37.36427],[-122.03211,37.3675],[-122.01407,37.35209],[-122.03242,37.35204],[-122.03284,37.36427]]]}},{"type":"Feature","properties":{"geoid":"06001401500","name":"Hoover-Foster","city":"Oakland","county":"Alameda","centroid":[-122.280484,37.82371825]},"geometry":{"type":"Polygon","coordinates":[[[-122.286226,37.821163],[-122.28095,37.827689],[-122.278707,37.827151],[-122.276053,37.81887],[-122.286226,37.821163]]]}},{"type":"Feature","properties":{"geoid":"06085507904","name":"Rancho Rinconada","city":"San Jose","county":"Santa Clara","centroid":[-122.00166674999998,37.300401875000006]},"geometry":{"type":"Polygon","coordinates":[[[-122.007852,37.293338],[-122.007043,37.299454],[-122.003036,37.310224],[-121.996325,37.309617],[-121.996334,37.303469],[-121.998214,37.29754],[-122.001097,37.296492],[-122.003433,37.293081],[-122.007852,37.293338]]]}},{"type":"Feature","properties":{"geoid":"06085504412","name":"Milpitas","city":"Milpitas","county":"Santa Clara","centroid":[-121.88158775,37.43961025]},"geometry":{"type":"Polygon","coordinates":[[[-121.889066,37.441296],[-121.876137,37.444095],[-121.872736,37.438216],[-121.888412,37.434834],[-121.889066,37.441296]]]}},{"type":"Feature","properties":{"geoid":"06085504413","name":"Milpitas","city":"Milpitas","county":"Santa Clara","centroid":[-121.9047652857143,37.439300142857135]},"geometry":{"type":"Polygon","coordinates":[[[-121.909179,37.442582],[-121.906625,37.444654],[-121.905619,37.443761],[-121.904561,37.441005],[-121.901733,37.439015],[-121.899582,37.432384],[-121.906058,37.4317],[-121.909179,37.442582]]]}},{"type":"Feature","properties":{"geoid":"06085504414","name":"Milpitas","city":"Milpitas","county":"Santa Clara","centroid":[-121.89941471428571,37.44076271428571]},"geometry":{"type":"Polygon","coordinates":[[[-121.906625,37.444654],[-121.903911,37.446298],[-121.891079,37.447149],[-121.888412,37.434834],[-121.899582,37.432384],[-121.901733,37.439015],[-121.904561,37.441005],[-121.906625,37.444654]]]}},{"type":"Feature","properties":{"geoid":"06085504415","name":"Milpitas","city":"Milpitas","county":"Santa Clara","centroid":[-121.87020683333333,37.424619]},"geometry":{"type":"Polygon","coordinates":[[[-121.880934,37.426949],[-121.864038,37.431655],[-121.861088,37.42202],[-121.867656,37.419126],[-121.870079,37.424809],[-121.877446,37.423155],[-121.880934,37.426949]]]}},{"type":"Feature","properties":{"geoid":"06085504416","name":"Milpitas","city":"Milpitas","county":"Santa Clara","centroid":[-121.87671733333333,37.42241966666666]},"geometry":{"type":"Polygon","coordinates":[[[-121.883622,37.425811],[-121.880934,37.426949],[-121.877446,37.423155],[-121.870385,37.424961],[-121.867656,37.419126],[-121.880261,37.414516],[-121.883622,37.425811]]]}},{"type":"Feature","properties":{"geoid":"06001401600","name":"Hoover-Foster","city":"Oakland","county":"Alameda","centroid":[-122.28151775,37.817465999999996]},"geometry":{"type":"Polygon","coordinates":[[[-122.28967,37.817002],[-122.286226,37.821163],[-122.276053,37.81887],[-122.274122,37.812829],[-122.28967,37.817002]]]}},{"type":"Feature","properties":{"geoid":"06001402400","name":"West Oakland","city":"Oakland","county":"Alameda","centroid":[-122.2824695,37.81202575]},"geometry":{"type":"Polygon","coordinates":[[[-122.286208,37.809606],[-122.284024,37.815622],[-122.278681,37.814574],[-122.280965,37.808301],[-122.286208,37.809606]]]}},{"type":"Feature","properties":{"geoid":"06085504418","name":"Milpitas","city":"Milpitas","county":"Santa Clara","centroid":[-121.88035525,37.43188125]},"geometry":{"type":"Polygon","coordinates":[[[-121.888412,37.434834],[-121.876001,37.43742],[-121.873272,37.429501],[-121.883736,37.42577],[-121.888412,37.434834]]]}},{"type":"Feature","properties":{"geoid":"06085504421","name":"Milpitas","city":"Milpitas","county":"Santa Clara","centroid":[-121.9023041818182,37.45254181818182]},"geometry":{"type":"Polygon","coordinates":[[[-121.910382,37.45251],[-121.902064,37.454878],[-121.902551,37.456112],[-121.901488,37.456607],[-121.904163,37.459952],[-121.901083,37.461002],[-121.892859,37.451717],[-121.891079,37.447149],[-121.903911,37.446298],[-121.906625,37.444654],[-121.909141,37.447081],[-121.910382,37.45251]]]}},{"type":"Feature","properties":{"geoid":"06001402200","name":"South Prescott","city":"Oakland","county":"Alameda","centroid":[-122.2964045,37.80619875]},"geometry":{"type":"Polygon","coordinates":[[[-122.304825,37.807566],[-122.298284,37.806046],[-122.289669,37.816835],[-122.29369,37.805079],[-122.290392,37.804374],[-122.291101,37.802526],[-122.299936,37.80248],[-122.303339,37.804684],[-122.304825,37.807566]]]}},{"type":"Feature","properties":{"geoid":"06085507905","name":"Wilson Park","city":"San Jose","county":"Santa Clara","centroid":[-122.02789125,37.3024755]},"geometry":{"type":"Polygon","coordinates":[[[-122.032471,37.312242],[-122.02318,37.30987],[-122.02365,37.293825],[-122.032264,37.293965],[-122.032471,37.312242]]]}},{"type":"Feature","properties":{"geoid":"06001402500","name":"West Oakland","city":"Oakland","county":"Alameda","centroid":[-122.28478625,37.80560475]},"geometry":{"type":"Polygon","coordinates":[[[-122.28865,37.802812],[-122.286208,37.809606],[-122.280965,37.808301],[-122.283322,37.8017],[-122.28865,37.802812]]]}},{"type":"Feature","properties":{"geoid":"06001402600","name":"Old Oakland Historic","city":"Oakland","county":"Alameda","centroid":[-122.27998449999998,37.80413075]},"geometry":{"type":"Polygon","coordinates":[[[-122.283307,37.801744],[-122.280965,37.808301],[-122.275979,37.806222],[-122.279687,37.800256],[-122.283307,37.801744]]]}},{"type":"Feature","properties":{"geoid":"06001402700","name":"San Pablo Gateway","city":"Oakland","county":"Alameda","centroid":[-122.2766024,37.810524599999994]},"geometry":{"type":"Polygon","coordinates":[[[-122.280877,37.808533],[-122.278681,37.814574],[-122.274122,37.812829],[-122.273353,37.810465],[-122.275979,37.806222],[-122.280877,37.808533]]]}},{"type":"Feature","properties":{"geoid":"06085504422","name":"Curtner","city":"Milpitas","county":"Santa Clara","centroid":[-121.9060475,37.4590029]},"geometry":{"type":"Polygon","coordinates":[[[-121.912652,37.46065],[-121.910887,37.461486],[-121.911332,37.462236],[-121.903917,37.46454],[-121.901083,37.461002],[-121.904163,37.459952],[-121.901488,37.456607],[-121.902551,37.456112],[-121.90202,37.454934],[-121.910382,37.45251],[-121.912652,37.46065]]]}},{"type":"Feature","properties":{"geoid":"06001403100","name":"Old Oakland Historic","city":"Oakland","county":"Alameda","centroid":[-122.2754695,37.802338250000005]},"geometry":{"type":"Polygon","coordinates":[[[-122.279564,37.800449],[-122.275979,37.806222],[-122.271274,37.804361],[-122.275061,37.798321],[-122.279564,37.800449]]]}},{"type":"Feature","properties":{"geoid":"06085506304","name":"San Jose","city":"San Jose","county":"Santa Clara","centroid":[-121.97004683333331,37.312666]},"geometry":{"type":"Polygon","coordinates":[[[-121.977635,37.30831],[-121.977044,37.313616],[-121.975026,37.317086],[-121.963988,37.316382],[-121.962963,37.311857],[-121.963625,37.308745],[-121.977635,37.30831]]]}},{"type":"Feature","properties":{"geoid":"06085506305","name":"San Jose","city":"San Jose","county":"Santa Clara","centroid":[-121.9718275,37.304732]},"geometry":{"type":"Polygon","coordinates":[[[-121.981734,37.300877],[-121.977666,37.30813],[-121.963625,37.308745],[-121.964285,37.301176],[-121.981734,37.300877]]]}},{"type":"Feature","properties":{"geoid":"06085506401","name":"Gardner","city":"San Jose","county":"Santa Clara","centroid":[-121.94530275,37.31627975]},"geometry":{"type":"Polygon","coordinates":[[[-121.95018,37.32322],[-121.940552,37.32328],[-121.940503,37.30954],[-121.949976,37.309079],[-121.95018,37.32322]]]}},{"type":"Feature","properties":{"geoid":"06001404501","name":"Montclair","city":"Oakland","county":"Alameda","centroid":[-122.21688766666666,37.826860833333335]},"geometry":{"type":"Polygon","coordinates":[[[-122.224456,37.830256],[-122.221599,37.832615],[-122.2171,37.832758],[-122.207288,37.821554],[-122.210178,37.818613],[-122.220705,37.825369],[-122.224456,37.830256]]]}},{"type":"Feature","properties":{"geoid":"06001403800","name":"Lakeshore","city":"Oakland","county":"Alameda","centroid":[-122.24088814285713,37.81383114285715]},"geometry":{"type":"Polygon","coordinates":[[[-122.24855,37.810586],[-122.244722,37.819119],[-122.233369,37.816521],[-122.232027,37.814434],[-122.238144,37.815118],[-122.242901,37.811199],[-122.246504,37.809841],[-122.24855,37.810586]]]}},{"type":"Feature","properties":{"geoid":"06001403900","name":"Grand Lake","city":"Oakland","county":"Alameda","centroid":[-122.24884920000002,37.8168778]},"geometry":{"type":"Polygon","coordinates":[[[-122.253642,37.819047],[-122.247573,37.821569],[-122.244722,37.819119],[-122.248008,37.811513],[-122.250301,37.813141],[-122.253642,37.819047]]]}},{"type":"Feature","properties":{"geoid":"06041106001","name":"Unincorporated Marin","city":"","county":"Marin","centroid":[-122.51641784615383,38.02919626923077]},"geometry":{"type":"Polygon","coordinates":[[[-122.541899,38.01117],[-122.53799,38.025632],[-122.53643,38.041598],[-122.530766,38.042341],[-122.527176,38.040109],[-122.521732,38.039387],[-122.519283,38.04062],[-122.520596,38.052613],[-122.515462,38.051153],[-122.514014,38.044395],[-122.508034,38.045268],[-122.506627,38.047683],[-122.487295,38.047636],[-122.492685,38.036817],[-122.493647,38.027301],[-122.492898,38.022079],[-122.490653,38.019636],[-122.485361,38.01716],[-122.507995,38.015947],[-122.515136,38.020846],[-122.520785,38.019536],[-122.523822,38.016642],[-122.526386,38.017685],[-122.531373,38.00722],[-122.537442,38.001561],[-122.541377,38.007068],[-122.541899,38.01117]]]}},{"type":"Feature","properties":{"geoid":"06001404000","name":"Piedmont Avenue","city":"Oakland","county":"Alameda","centroid":[-122.25247862500001,37.82296475]},"geometry":{"type":"Polygon","coordinates":[[[-122.25868,37.824515],[-122.256742,37.827628],[-122.25025,37.822875],[-122.248677,37.823317],[-122.24939,37.822846],[-122.247573,37.821569],[-122.253679,37.819001],[-122.254838,37.821967],[-122.25868,37.824515]]]}},{"type":"Feature","properties":{"geoid":"06001438300","name":"Baumberg","city":"Hayward","county":"Alameda","centroid":[-122.08851349999999,37.627027]},"geometry":{"type":"Polygon","coordinates":[[[-122.096801,37.630905],[-122.084513,37.631558],[-122.079674,37.624745],[-122.088173,37.624525],[-122.089062,37.625949],[-122.092858,37.62448],[-122.096801,37.630905]]]}},{"type":"Feature","properties":{"geoid":"06085506402","name":"Gardner","city":"Campbell","county":"Santa Clara","centroid":[-121.94382579999998,37.3012858]},"geometry":{"type":"Polygon","coordinates":[[[-121.950054,37.309042],[-121.940503,37.30954],[-121.940452,37.299148],[-121.93832,37.294389],[-121.9498,37.29431],[-121.950054,37.309042]]]}},{"type":"Feature","properties":{"geoid":"06085506503","name":"Campbell","city":"Campbell","county":"Santa Clara","centroid":[-121.9548178,37.2849962]},"geometry":{"type":"Polygon","coordinates":[[[-121.960963,37.284869],[-121.96083,37.29431],[-121.9498,37.29431],[-121.949736,37.277842],[-121.95276,37.27365],[-121.960963,37.284869]]]}},{"type":"Feature","properties":{"geoid":"06085507906","name":"Wilson Park","city":"San Jose","county":"Santa Clara","centroid":[-122.01905166666667,37.30333616666666]},"geometry":{"type":"Polygon","coordinates":[[[-122.023998,37.307041],[-122.02318,37.30987],[-122.01349,37.31041],[-122.015035,37.305306],[-122.014957,37.293565],[-122.02365,37.293825],[-122.023998,37.307041]]]}},{"type":"Feature","properties":{"geoid":"06085506601","name":"San Jose","city":"San Jose","county":"Santa Clara","centroid":[-121.9825266,37.2932298]},"geometry":{"type":"Polygon","coordinates":[[[-121.992147,37.291635],[-121.981734,37.300877],[-121.976722,37.300917],[-121.976615,37.286093],[-121.985415,37.286627],[-121.992147,37.291635]]]}},{"type":"Feature","properties":{"geoid":"06085506603","name":"San Tomas","city":"San Jose","county":"Santa Clara","centroid":[-121.969788625,37.281783125]},"geometry":{"type":"Polygon","coordinates":[[[-121.977563,37.281847],[-121.976584,37.281839],[-121.976615,37.28599],[-121.960706,37.28696],[-121.961084,37.282794],[-121.963174,37.279365],[-121.965904,37.278114],[-121.976679,37.277356],[-121.977563,37.281847]]]}},{"type":"Feature","properties":{"geoid":"06085506605","name":"San Jose","city":"San Jose","county":"Santa Clara","centroid":[-121.9696145,37.2975495]},"geometry":{"type":"Polygon","coordinates":[[[-121.976722,37.300917],[-121.964285,37.301176],[-121.96083,37.29431],[-121.976621,37.293795],[-121.976722,37.300917]]]}},{"type":"Feature","properties":{"geoid":"06001433700","name":"Ashland","city":"Ashland","county":"Alameda","centroid":[-122.11468639999998,37.6871475]},"geometry":{"type":"Polygon","coordinates":[[[-122.130198,37.688339],[-122.130131,37.69112],[-122.112026,37.688432],[-122.094008,37.690053],[-122.098131,37.686526],[-122.105829,37.685957],[-122.108641,37.684412],[-122.113441,37.686394],[-122.125459,37.685856],[-122.129,37.684386],[-122.130198,37.688339]]]}},{"type":"Feature","properties":{"geoid":"06085508101","name":"Wilson Park","city":"Cupertino","county":"Santa Clara","centroid":[-122.02512399999998,37.331052]},"geometry":{"type":"Polygon","coordinates":[[[-122.03244,37.33424],[-122.03239,37.33761],[-122.01416,37.33774],[-122.01426,37.32287],[-122.03237,37.3228],[-122.03244,37.33424]]]}},{"type":"Feature","properties":{"geoid":"06001450701","name":"Unincorporated Alameda","city":"","county":"Alameda","centroid":[-121.8205867480315,37.57915398425196]},"geometry":{"type":"Polygon","coordinates":[[[-121.93331,37.577127],[-121.931325,37.57629],[-121.929942,37.578509],[-121.92604,37.579789],[-121.92713,37.581245],[-121.925614,37.582349],[-121.928374,37.584376],[-121.928118,37.585947],[-121.930267,37.586225],[-121.932767,37.591732],[-121.930077,37.595944],[-121.925407,37.598969],[-121.920895,37.597968],[-121.914994,37.594117],[-121.911935,37.593677],[-121.903773,37.595644],[-121.886741,37.59259],[-121.882308,37.592934],[-121.870752,37.588838],[-121.870084,37.591852],[-121.873298,37.597934],[-121.871836,37.604228],[-121.87979,37.621715],[-121.880375,37.628655],[-121.88411,37.635475],[-121.884125,37.640149],[-121.881722,37.641967],[-121.879686,37.654566],[-121.877598,37.656324],[-121.869377,37.652421],[-121.864802,37.651753],[-121.859951,37.654809],[-121.854692,37.652268],[-121.851639,37.65383],[-121.851218,37.657129],[-121.844292,37.65671],[-121.843213,37.657886],[-121.846234,37.660485],[-121.844933,37.662085],[-121.845747,37.664899],[-121.838672,37.664957],[-121.826792,37.655508],[-121.814212,37.655433],[-121.805666,37.652199],[-121.804732,37.647939],[-121.800264,37.64305],[-121.798961,37.639771],[-121.799323,37.637071],[-121.801727,37.635117],[-121.803108,37.628644],[-121.797984,37.625948],[-121.78852,37.627322],[-121.785864,37.626031],[-121.785064,37.623131],[-121.77993,37.616857],[-121.777818,37.610499],[-121.766945,37.604969],[-121.751233,37.601213],[-121.756589,37.600449],[-121.751977,37.598272],[-121.748554,37.594643],[-121.750051,37.59111],[-121.742971,37.588294],[-121.742322,37.586589],[-121.739435,37.587084],[-121.737181,37.584783],[-121.7327,37.584824],[-121.731152,37.581565],[-121.728271,37.580496],[-121.726346,37.577968],[-121.72197,37.577587],[-121.719432,37.57341],[-121.719956,37.569271],[-121.71363,37.564547],[-121.711526,37.564897],[-121.707444,37.559609],[-121.701624,37.557244],[-121.700808,37.553045],[-121.695655,37.550071],[-121.691734,37.541011],[-121.681205,37.526709],[-121.686302,37.526627],[-121.687799,37.524987],[-121.692133,37.526232],[-121.69632,37.529866],[-121.698257,37.529347],[-121.70259,37.526172],[-121.70115,37.522179],[-121.702435,37.515055],[-121.694945,37.509191],[-121.686906,37.507742],[-121.688513,37.504232],[-121.691164,37.502264],[-121.688242,37.497314],[-121.68767,37.492778],[-121.681299,37.489831],[-121.674294,37.488473],[-121.671606,37.486402],[-121.670399,37.48274],[-121.865267,37.484637],[-121.870115,37.480729],[-121.874493,37.489083],[-121.873277,37.491089],[-121.876609,37.500362],[-121.880783,37.507893],[-121.881131,37.513358],[-121.878148,37.530239],[-121.88312,37.536138],[-121.887328,37.538977],[-121.88754,37.544037],[-121.893614,37.550203],[-121.899323,37.546589],[-121.904813,37.550106],[-121.907336,37.549275],[-121.909575,37.555009],[-121.915067,37.55625],[-121.914499,37.560769],[-121.918835,37.560973],[-121.918495,37.55983],[-121.923726,37.557726],[-121.923782,37.560399],[-121.919408,37.560429],[-121.920156,37.565946],[-121.923149,37.568222],[-121.925707,37.568086],[-121.927619,37.571479],[-121.931739,37.572744],[-121.93331,37.577127]]]}},{"type":"Feature","properties":{"geoid":"06001403600","name":"Adams Point","city":"Oakland","county":"Alameda","centroid":[-122.252235375,37.813419625]},"geometry":{"type":"Polygon","coordinates":[[[-122.258893,37.813547],[-122.252807,37.817194],[-122.253679,37.819001],[-122.250301,37.813141],[-122.248008,37.811513],[-122.248598,37.810505],[-122.250061,37.811785],[-122.255536,37.810671],[-122.258893,37.813547]]]}},{"type":"Feature","properties":{"geoid":"06001435300","name":"Hayward","city":"Hayward","county":"Alameda","centroid":[-122.06705268750001,37.68206118750001]},"geometry":{"type":"Polygon","coordinates":[[[-122.077308,37.678623],[-122.07558,37.679256],[-122.07413,37.682113],[-122.072727,37.680778],[-122.070369,37.681294],[-122.070501,37.684085],[-122.068918,37.683734],[-122.068337,37.684926],[-122.066842,37.683913],[-122.064079,37.686052],[-122.063217,37.685948],[-122.063823,37.683755],[-122.054631,37.684565],[-122.05052,37.678766],[-122.057966,37.679962],[-122.073895,37.675209],[-122.077308,37.678623]]]}},{"type":"Feature","properties":{"geoid":"06001409800","name":"Eastmont","city":"Oakland","county":"Alameda","centroid":[-122.15728625,37.76388556249999]},"geometry":{"type":"Polygon","coordinates":[[[-122.164942,37.762685],[-122.160831,37.764682],[-122.160714,37.765776],[-122.158575,37.76588],[-122.160025,37.766832],[-122.157631,37.766462],[-122.157288,37.768938],[-122.156658,37.767739],[-122.154381,37.768779],[-122.158891,37.773429],[-122.158068,37.773348],[-122.148708,37.761537],[-122.14787,37.757647],[-122.15421,37.751699],[-122.157388,37.753833],[-122.1604,37.752903],[-122.164942,37.762685]]]}},{"type":"Feature","properties":{"geoid":"06001440306","name":"Contempo","city":"Union","county":"Alameda","centroid":[-122.06903140000001,37.58472139999999]},"geometry":{"type":"Polygon","coordinates":[[[-122.073998,37.5847],[-122.068734,37.591103],[-122.062176,37.585524],[-122.067442,37.579617],[-122.072807,37.582663],[-122.073998,37.5847]]]}},{"type":"Feature","properties":{"geoid":"06001450601","name":"Sunol","city":"Sunol","county":"Alameda","centroid":[-121.94015312068963,37.650390844827584]},"geometry":{"type":"Polygon","coordinates":[[[-122.022257,37.696219],[-122.020319,37.699333],[-122.0212,37.701492],[-122.015532,37.703065],[-122.002397,37.703718],[-121.995689,37.702985],[-121.987177,37.699931],[-121.970174,37.69745],[-121.934962,37.698517],[-121.929196,37.684651],[-121.923308,37.680543],[-121.918929,37.667656],[-121.910923,37.659714],[-121.903918,37.647389],[-121.891114,37.637362],[-121.884005,37.639985],[-121.883979,37.634821],[-121.880375,37.628655],[-121.87979,37.621715],[-121.871836,37.604228],[-121.873298,37.597934],[-121.870084,37.591852],[-121.870752,37.588838],[-121.882308,37.592934],[-121.896168,37.594001],[-121.895921,37.594998],[-121.898139,37.595567],[-121.895909,37.597567],[-121.902382,37.600462],[-121.905685,37.605339],[-121.911417,37.609061],[-121.913491,37.612882],[-121.923904,37.619444],[-121.923618,37.621904],[-121.925692,37.623782],[-121.927648,37.628718],[-121.931083,37.63061],[-121.935427,37.638327],[-121.938646,37.640157],[-121.93934,37.642452],[-121.941692,37.64315],[-121.942034,37.645074],[-121.950177,37.653398],[-121.953273,37.653213],[-121.95939,37.657716],[-121.961186,37.66136],[-121.967851,37.663903],[-121.967565,37.666627],[-121.963979,37.669662],[-121.963473,37.672006],[-121.96803,37.671505],[-121.976811,37.675482],[-121.98352,37.689073],[-121.987834,37.687778],[-121.999591,37.691013],[-122.003455,37.696138],[-122.012124,37.694537],[-122.018904,37.694776],[-122.022257,37.696219]]]}},{"type":"Feature","properties":{"geoid":"06001435700","name":"San Lorenzo","city":"San Lorenzo","county":"Alameda","centroid":[-122.11301222222222,37.676246]},"geometry":{"type":"Polygon","coordinates":[[[-122.128949,37.684603],[-122.125245,37.685881],[-122.117111,37.685865],[-122.109728,37.676414],[-122.110726,37.675744],[-122.100231,37.666572],[-122.103352,37.666519],[-122.110169,37.672584],[-122.111599,37.672032],[-122.128949,37.684603]]]}},{"type":"Feature","properties":{"geoid":"06001400600","name":"North Oakland","city":"Oakland","county":"Alameda","centroid":[-122.2647162,37.8411364]},"geometry":{"type":"Polygon","coordinates":[[[-122.26807,37.844136],[-122.261296,37.845027],[-122.26186,37.841353],[-122.265631,37.837636],[-122.266724,37.83753],[-122.26807,37.844136]]]}},{"type":"Feature","properties":{"geoid":"06001442000","name":"Fremont","city":"Fremont","county":"Alameda","centroid":[-121.92883238095237,37.56165438095238]},"geometry":{"type":"Polygon","coordinates":[[[-121.961473,37.565571],[-121.957395,37.569316],[-121.9527,37.570649],[-121.935789,37.570024],[-121.931563,37.572716],[-121.927619,37.571479],[-121.925707,37.568086],[-121.923149,37.568222],[-121.920156,37.565946],[-121.919408,37.560429],[-121.923782,37.560399],[-121.923726,37.557726],[-121.918495,37.55983],[-121.918835,37.560973],[-121.916523,37.561028],[-121.914499,37.560769],[-121.914302,37.557171],[-121.919175,37.549312],[-121.920591,37.544271],[-121.924387,37.540631],[-121.956206,37.560194],[-121.961473,37.565571]]]}},{"type":"Feature","properties":{"geoid":"06001426100","name":"Montclair","city":"Piedmont","county":"Alameda","centroid":[-122.22927771428571,37.82499407142857]},"geometry":{"type":"Polygon","coordinates":[[[-122.23931,37.817841],[-122.236608,37.820221],[-122.238375,37.820974],[-122.236344,37.823185],[-122.231539,37.824413],[-122.235254,37.830534],[-122.237127,37.831032],[-122.231385,37.831458],[-122.229148,37.833144],[-122.22724,37.832905],[-122.22267,37.828849],[-122.219642,37.824511],[-122.210178,37.818613],[-122.215068,37.812237],[-122.23931,37.817841]]]}},{"type":"Feature","properties":{"geoid":"06001400100","name":"Claremont","city":"Oakland","county":"Alameda","centroid":[-122.22794133333333,37.862837285714285]},"geometry":{"type":"Polygon","coordinates":[[[-122.24691,37.885355],[-122.241971,37.881927],[-122.238679,37.883325],[-122.22362,37.878566],[-122.21764,37.87225],[-122.216372,37.869075],[-122.221418,37.865468],[-122.21238,37.857234],[-122.213615,37.855987],[-122.21663,37.856042],[-122.220954,37.860258],[-122.222631,37.857772],[-122.221637,37.855213],[-122.223528,37.855088],[-122.22424,37.850933],[-122.226748,37.849962],[-122.234191,37.852544],[-122.234761,37.85779],[-122.241614,37.857066],[-122.242602,37.85872],[-122.244627,37.859008],[-122.24691,37.885355]]]}},{"type":"Feature","properties":{"geoid":"06001404502","name":"Montclair","city":"Oakland","county":"Alameda","centroid":[-122.19815994117647,37.83448382352942]},"geometry":{"type":"Polygon","coordinates":[[[-122.215781,37.83126],[-122.21221,37.834604],[-122.209243,37.841475],[-122.20249,37.843454],[-122.195287,37.842817],[-122.195214,37.841593],[-122.188765,37.837737],[-122.185116,37.837353],[-122.184526,37.835916],[-122.187639,37.836228],[-122.187098,37.835084],[-122.190895,37.834671],[-122.193776,37.832149],[-122.200763,37.829323],[-122.20342,37.823724],[-122.207223,37.824874],[-122.209273,37.823963],[-122.215781,37.83126]]]}},{"type":"Feature","properties":{"geoid":"06001437500","name":"Hayward","city":"Hayward","county":"Alameda","centroid":[-122.0805632,37.645238199999994]},"geometry":{"type":"Polygon","coordinates":[[[-122.083536,37.647065],[-122.083491,37.648448],[-122.079978,37.648911],[-122.072298,37.642174],[-122.083513,37.639593],[-122.083536,37.647065]]]}},{"type":"Feature","properties":{"geoid":"06001441100","name":"Niles Junction","city":"Fremont","county":"Alameda","centroid":[-121.94576119999998,37.5828604]},"geometry":{"type":"Polygon","coordinates":[[[-122.001372,37.589602],[-121.978365,37.606679],[-121.957637,37.589487],[-121.951486,37.597632],[-121.939459,37.598764],[-121.938009,37.597675],[-121.93693,37.59178],[-121.932767,37.591732],[-121.930267,37.586225],[-121.928118,37.585947],[-121.928374,37.584376],[-121.925614,37.582349],[-121.92713,37.581245],[-121.92604,37.579789],[-121.929942,37.578509],[-121.931325,37.57629],[-121.93331,37.577127],[-121.931748,37.572669],[-121.934255,37.57058],[-121.947994,37.569816],[-121.9527,37.570649],[-121.957395,37.569316],[-121.961473,37.565571],[-121.972606,37.577298],[-121.989714,37.580403],[-122.001372,37.589602]]]}},{"type":"Feature","properties":{"geoid":"06001451503","name":"Trevarno","city":"Livermore","county":"Alameda","centroid":[-121.7520365,37.6857235]},"geometry":{"type":"Polygon","coordinates":[[[-121.765742,37.684277],[-121.747159,37.694529],[-121.743877,37.690249],[-121.738037,37.687316],[-121.733077,37.67994],[-121.765258,37.679975],[-121.761236,37.684325],[-121.761906,37.685177],[-121.765742,37.684277]]]}},{"type":"Feature","properties":{"geoid":"06001408100","name":"Oakland","city":"Oakland","county":"Alameda","centroid":[-122.15758709677418,37.790275225806454]},"geometry":{"type":"Polygon","coordinates":[[[-122.184997,37.798402],[-122.176465,37.794346],[-122.174315,37.797125],[-122.17066,37.796605],[-122.170615,37.800138],[-122.168388,37.799128],[-122.170529,37.804654],[-122.16765,37.805783],[-122.165036,37.805175],[-122.164146,37.802929],[-122.161632,37.801443],[-122.162322,37.800022],[-122.159697,37.800057],[-122.15842,37.798024],[-122.159488,37.797425],[-122.152262,37.796471],[-122.152291,37.793082],[-122.143317,37.793017],[-122.143244,37.790349],[-122.141799,37.789751],[-122.143706,37.787393],[-122.133176,37.777674],[-122.128683,37.769608],[-122.133374,37.771011],[-122.138266,37.769605],[-122.144206,37.773183],[-122.150609,37.770422],[-122.154136,37.772462],[-122.156288,37.772002],[-122.178401,37.783822],[-122.177082,37.787424],[-122.184997,37.798402]]]}},{"type":"Feature","properties":{"geoid":"06001450742","name":"Shadow Cliffs","city":"Pleasanton","county":"Alameda","centroid":[-121.8404108125,37.65998799999999]},"geometry":{"type":"Polygon","coordinates":[[[-121.859951,37.654809],[-121.855869,37.664898],[-121.857871,37.670438],[-121.805481,37.67616],[-121.805666,37.652199],[-121.814212,37.655433],[-121.826792,37.655508],[-121.838672,37.664957],[-121.845747,37.664899],[-121.844933,37.662085],[-121.846234,37.660485],[-121.843154,37.658032],[-121.844292,37.65671],[-121.851218,37.657129],[-121.851639,37.65383],[-121.854842,37.652236],[-121.859951,37.654809]]]}},{"type":"Feature","properties":{"geoid":"06001440301","name":"Decoto","city":"Union","county":"Alameda","centroid":[-122.04007693333332,37.6036282]},"geometry":{"type":"Polygon","coordinates":[[[-122.06566,37.605143],[-122.059375,37.603907],[-122.05869,37.606028],[-122.043834,37.605959],[-122.043298,37.612266],[-122.034819,37.605962],[-122.030938,37.605927],[-122.0345,37.60906],[-122.02324,37.609048],[-122.020037,37.606243],[-122.028333,37.60513],[-122.030388,37.595753],[-122.032467,37.594539],[-122.034523,37.59077],[-122.061052,37.598688],[-122.06566,37.605143]]]}},{"type":"Feature","properties":{"geoid":"06001406800","name":"Laurel","city":"Oakland","county":"Alameda","centroid":[-122.19512429411765,37.799935999999995]},"geometry":{"type":"Polygon","coordinates":[[[-122.203297,37.796152],[-122.201365,37.797665],[-122.200506,37.79692],[-122.198397,37.800064],[-122.19677,37.798152],[-122.194642,37.801795],[-122.193382,37.801326],[-122.194085,37.802956],[-122.192665,37.803075],[-122.194499,37.805509],[-122.192556,37.805123],[-122.195081,37.808247],[-122.185369,37.798489],[-122.192074,37.798736],[-122.193066,37.798061],[-122.191055,37.795524],[-122.198304,37.791118],[-122.203297,37.796152]]]}},{"type":"Feature","properties":{"geoid":"06001430500","name":"Castro Valley","city":"Castro Valley","county":"Alameda","centroid":[-122.10739594444446,37.70570922222222]},"geometry":{"type":"Polygon","coordinates":[[[-122.122484,37.708693],[-122.120689,37.711424],[-122.12177,37.716326],[-122.120486,37.717725],[-122.118231,37.717393],[-122.115751,37.714237],[-122.112225,37.713017],[-122.103364,37.714755],[-122.105205,37.714428],[-122.105182,37.710825],[-122.106701,37.708721],[-122.097813,37.695507],[-122.096177,37.695705],[-122.093787,37.691157],[-122.091819,37.691834],[-122.094008,37.690053],[-122.098449,37.690353],[-122.108986,37.700613],[-122.122484,37.708693]]]}},{"type":"Feature","properties":{"geoid":"06001422000","name":"Berkeley Marina","city":"Berkeley","county":"Alameda","centroid":[-122.31080847058823,37.86500782352942]},"geometry":{"type":"Polygon","coordinates":[[[-122.332636,37.862666],[-122.329231,37.871257],[-122.325893,37.874367],[-122.32763,37.877356],[-122.308528,37.882211],[-122.296882,37.883471],[-122.295353,37.878685],[-122.300853,37.877571],[-122.295528,37.861038],[-122.295163,37.860002],[-122.289651,37.861104],[-122.286247,37.850505],[-122.309592,37.845543],[-122.310806,37.854022],[-122.322356,37.853601],[-122.326161,37.854549],[-122.331234,37.857185],[-122.332636,37.862666]]]}},{"type":"Feature","properties":{"geoid":"06001442200","name":"Snoboy","city":"Fremont","county":"Alameda","centroid":[-121.94437522222223,37.529836333333336]},"geometry":{"type":"Polygon","coordinates":[[[-121.953995,37.533106],[-121.952298,37.536805],[-121.939854,37.54988],[-121.924387,37.540631],[-121.945099,37.528232],[-121.945615,37.524122],[-121.939515,37.514759],[-121.945316,37.512779],[-121.953298,37.528213],[-121.953995,37.533106]]]}},{"type":"Feature","properties":{"geoid":"06001436402","name":"Fairview","city":"Fairview","county":"Alameda","centroid":[-122.04397635000001,37.666945899999995]},"geometry":{"type":"Polygon","coordinates":[[[-122.060091,37.665554],[-122.058173,37.667185],[-122.051814,37.668529],[-122.05254,37.670466],[-122.056135,37.671076],[-122.055763,37.673401],[-122.051737,37.674222],[-122.049032,37.677089],[-122.042916,37.674433],[-122.033607,37.676186],[-122.029087,37.672242],[-122.027871,37.664503],[-122.026386,37.661535],[-122.024264,37.661168],[-122.027536,37.655762],[-122.035979,37.658562],[-122.039262,37.658431],[-122.048072,37.662614],[-122.052945,37.66151],[-122.056317,37.66445],[-122.060091,37.665554]]]}},{"type":"Feature","properties":{"geoid":"06001450741","name":"Shadow Cliffs","city":"Pleasanton","county":"Alameda","centroid":[-121.86451071428571,37.659685857142854]},"geometry":{"type":"Polygon","coordinates":[[[-121.877598,37.656324],[-121.865205,37.667647],[-121.857871,37.670438],[-121.855869,37.664898],[-121.86051,37.654319],[-121.865145,37.651754],[-121.869377,37.652421],[-121.877598,37.656324]]]}},{"type":"Feature","properties":{"geoid":"06001421600","name":"La Loma Park","city":"Berkeley","county":"Alameda","centroid":[-122.25602671428571,37.88589271428572]},"geometry":{"type":"Polygon","coordinates":[[[-122.266609,37.886035],[-122.262402,37.886527],[-122.262651,37.884183],[-122.259856,37.883278],[-122.258886,37.884324],[-122.260184,37.886349],[-122.259176,37.885757],[-122.256533,37.887978],[-122.25451,37.887658],[-122.254143,37.889163],[-122.252889,37.888196],[-122.253278,37.889676],[-122.251877,37.890955],[-122.249145,37.891128],[-122.250286,37.889828],[-122.249262,37.886972],[-122.24691,37.885355],[-122.246439,37.881203],[-122.258205,37.880573],[-122.257568,37.879803],[-122.265752,37.878806],[-122.266609,37.886035]]]}},{"type":"Feature","properties":{"geoid":"06001431100","name":"Castro Valley","city":"Castro Valley","county":"Alameda","centroid":[-122.06751808333333,37.68587725]},"geometry":{"type":"Polygon","coordinates":[[[-122.073815,37.683244],[-122.073811,37.690948],[-122.059972,37.69359],[-122.058769,37.692024],[-122.06224,37.685838],[-122.064542,37.685926],[-122.066842,37.683913],[-122.068337,37.684926],[-122.068918,37.683734],[-122.070383,37.684168],[-122.070577,37.681228],[-122.072011,37.680988],[-122.073815,37.683244]]]}},{"type":"Feature","properties":{"geoid":"06075980501","name":"Visitacion Valley","city":"San Francisco","county":"San Francisco","centroid":[-122.41813016666667,37.71663038888889]},"geometry":{"type":"Polygon","coordinates":[[[-122.427223,37.715549],[-122.423807,37.723691],[-122.419875,37.72471],[-122.416549,37.721961],[-122.412969,37.723858],[-122.41099,37.719074],[-122.407997,37.718719],[-122.40802,37.716509],[-122.410303,37.716812],[-122.411316,37.714367],[-122.415659,37.715492],[-122.415635,37.712733],[-122.423754,37.714075],[-122.424241,37.712746],[-122.422615,37.712259],[-122.42325,37.710662],[-122.426592,37.711613],[-122.425548,37.714517],[-122.427223,37.715549]]]}},{"type":"Feature","properties":{"geoid":"06085510400","name":"Castro","city":"Los Altos","county":"Santa Clara","centroid":[-122.104754125,37.390791875]},"geometry":{"type":"Polygon","coordinates":[[[-122.1142,37.39624],[-122.11354,37.40113],[-122.101116,37.395307],[-122.105825,37.388621],[-122.096002,37.388637],[-122.09601,37.38645],[-122.09726,37.38499],[-122.11408,37.38496],[-122.1142,37.39624]]]}},{"type":"Feature","properties":{"geoid":"06085510700","name":"Ventura","city":"Palo Alto","county":"Santa Clara","centroid":[-122.13093816666668,37.41839366666667]},"geometry":{"type":"Polygon","coordinates":[[[-122.14206,37.42307],[-122.14029,37.42522],[-122.14002,37.42812],[-122.115696,37.412534],[-122.120053,37.406258],[-122.12751,37.41516],[-122.14206,37.42307]]]}},{"type":"Feature","properties":{"geoid":"06001421200","name":"Thousand Oaks","city":"Berkeley","county":"Alameda","centroid":[-122.2758916153846,37.89887115384615]},"geometry":{"type":"Polygon","coordinates":[[[-122.28585,37.898814],[-122.278779,37.900739],[-122.277282,37.901721],[-122.27787,37.90315],[-122.27108,37.905824],[-122.27068,37.901802],[-122.269571,37.90134],[-122.271186,37.899696],[-122.267737,37.893131],[-122.276586,37.888821],[-122.277078,37.893995],[-122.28164,37.89666],[-122.281252,37.899632],[-122.28585,37.898814]]]}},{"type":"Feature","properties":{"geoid":"06001422800","name":"Southside","city":"Berkeley","county":"Alameda","centroid":[-122.25995225,37.86678925]},"geometry":{"type":"Polygon","coordinates":[[[-122.26599,37.867834],[-122.254588,37.869321],[-122.253954,37.865737],[-122.265277,37.864265],[-122.26599,37.867834]]]}},{"type":"Feature","properties":{"geoid":"06001405000","name":"Trestle Glen","city":"Oakland","county":"Alameda","centroid":[-122.2301881818182,37.80886372727272]},"geometry":{"type":"Polygon","coordinates":[[[-122.246504,37.809841],[-122.243289,37.811055],[-122.2372,37.807052],[-122.233008,37.806888],[-122.227573,37.808152],[-122.222658,37.810909],[-122.220811,37.813349],[-122.215174,37.812276],[-122.218107,37.809193],[-122.23117,37.802605],[-122.236576,37.806181],[-122.246504,37.809841]]]}},{"type":"Feature","properties":{"geoid":"06001400900","name":"Golden Gate","city":"Oakland","county":"Alameda","centroid":[-122.27980620000001,37.838973]},"geometry":{"type":"Polygon","coordinates":[[[-122.285576,37.839778],[-122.277026,37.843394],[-122.275718,37.83816],[-122.27622,37.836818],[-122.284491,37.836715],[-122.285576,37.839778]]]}},{"type":"Feature","properties":{"geoid":"06001400700","name":"Lorin","city":"Oakland","county":"Alameda","centroid":[-122.273565,37.843781166666666]},"geometry":{"type":"Polygon","coordinates":[[[-122.277766,37.847525],[-122.276188,37.847734],[-122.2758,37.845867],[-122.268763,37.847261],[-122.266653,37.837482],[-122.27622,37.836818],[-122.277766,37.847525]]]}},{"type":"Feature","properties":{"geoid":"06001400800","name":"Harmon Tract","city":"Oakland","county":"Alameda","centroid":[-122.28242949999999,37.846384166666674]},"geometry":{"type":"Polygon","coordinates":[[[-122.288739,37.849991],[-122.283571,37.850642],[-122.281899,37.846975],[-122.277766,37.847525],[-122.277026,37.843394],[-122.285576,37.839778],[-122.288739,37.849991]]]}},{"type":"Feature","properties":{"geoid":"06001451602","name":"Sandhurst","city":"Livermore","county":"Alameda","centroid":[-121.7779911111111,37.66949833333334]},"geometry":{"type":"Polygon","coordinates":[[[-121.789153,37.677892],[-121.772433,37.683644],[-121.768729,37.675548],[-121.768049,37.659146],[-121.779097,37.658982],[-121.779094,37.660798],[-121.780358,37.660768],[-121.780181,37.674042],[-121.784826,37.674665],[-121.789153,37.677892]]]}},{"type":"Feature","properties":{"geoid":"06001400200","name":"Rockridge","city":"Oakland","county":"Alameda","centroid":[-122.24874166666666,37.848923166666665]},"geometry":{"type":"Polygon","coordinates":[[[-122.257923,37.842606],[-122.25235,37.849428],[-122.252503,37.850826],[-122.241914,37.851909],[-122.244044,37.850257],[-122.243716,37.848513],[-122.257923,37.842606]]]}},{"type":"Feature","properties":{"geoid":"06085509106","name":"Whisman Station","city":"Sunnyvale","county":"Santa Clara","centroid":[-122.05044025000001,37.3786685]},"geometry":{"type":"Polygon","coordinates":[[[-122.05624,37.37393],[-122.052311,37.385744],[-122.0447,37.38322],[-122.04851,37.37178],[-122.05624,37.37393]]]}},{"type":"Feature","properties":{"geoid":"06085509108","name":"Whisman Station","city":"Mountain View","county":"Santa Clara","centroid":[-122.05204480000002,37.3976228]},"geometry":{"type":"Polygon","coordinates":[[[-122.070794,37.408815],[-122.046872,37.403006],[-122.047403,37.401552],[-122.044979,37.399822],[-122.046647,37.394962],[-122.044981,37.394453],[-122.047262,37.388208],[-122.0484,37.39088],[-122.05353,37.39565],[-122.06958,37.39888],[-122.070794,37.408815]]]}},{"type":"Feature","properties":{"geoid":"06001435200","name":"Fairview","city":"Fairview","county":"Alameda","centroid":[-122.04981946153845,37.687207846153846]},"geometry":{"type":"Polygon","coordinates":[[[-122.063788,37.683879],[-122.058755,37.691865],[-122.059972,37.69359],[-122.049831,37.693772],[-122.044796,37.696017],[-122.044451,37.692544],[-122.047274,37.690937],[-122.047151,37.689666],[-122.043615,37.686588],[-122.040785,37.679371],[-122.044395,37.674993],[-122.048209,37.675915],[-122.054631,37.684565],[-122.063788,37.683879]]]}},{"type":"Feature","properties":{"geoid":"06001410300","name":"Elmhurst","city":"Oakland","county":"Alameda","centroid":[-122.16632075000001,37.74655625]},"geometry":{"type":"Polygon","coordinates":[[[-122.172521,37.747223],[-122.164044,37.75119],[-122.159506,37.745049],[-122.169212,37.742763],[-122.172521,37.747223]]]}},{"type":"Feature","properties":{"geoid":"06001409900","name":"Oakland","city":"Oakland","county":"Alameda","centroid":[-122.14052993749999,37.7617276875]},"geometry":{"type":"Polygon","coordinates":[[[-122.156197,37.772078],[-122.154136,37.772462],[-122.150609,37.770422],[-122.144206,37.773183],[-122.138266,37.769605],[-122.133374,37.771011],[-122.128683,37.769608],[-122.115813,37.748726],[-122.120816,37.746404],[-122.128076,37.755154],[-122.138324,37.757965],[-122.143454,37.757108],[-122.149301,37.753536],[-122.151206,37.75364],[-122.148141,37.756988],[-122.147877,37.759753],[-122.156197,37.772078]]]}},{"type":"Feature","properties":{"geoid":"06085510801","name":"Palo Verde","city":"Palo Alto","county":"Santa Clara","centroid":[-122.10879471428572,37.42486685714285]},"geometry":{"type":"Polygon","coordinates":[[[-122.12257,37.42915],[-122.11057,37.43688],[-122.10146,37.42821],[-122.10159,37.42142],[-122.103313,37.416208],[-122.10941,37.4193],[-122.11265,37.4229],[-122.12257,37.42915]]]}},{"type":"Feature","properties":{"geoid":"06085510802","name":"Fairmeadow","city":"Palo Alto","county":"Santa Clara","centroid":[-122.11006225000001,37.41470975]},"geometry":{"type":"Polygon","coordinates":[[[-122.118576,37.414621],[-122.11005,37.41993],[-122.103313,37.416208],[-122.10831,37.40808],[-122.118576,37.414621]]]}},{"type":"Feature","properties":{"geoid":"06085510803","name":"Fairmeadow","city":"Palo Alto","county":"Santa Clara","centroid":[-122.1183775,37.420216]},"geometry":{"type":"Polygon","coordinates":[[[-122.126634,37.419927],[-122.118216,37.426417],[-122.11005,37.41993],[-122.11861,37.41459],[-122.126634,37.419927]]]}},{"type":"Feature","properties":{"geoid":"06085510900","name":"South of Midtown","city":"Palo Alto","county":"Santa Clara","centroid":[-122.12951575,37.42752975]},"geometry":{"type":"Polygon","coordinates":[[[-122.140016,37.42819],[-122.13304,37.43575],[-122.118216,37.426417],[-122.126791,37.419762],[-122.140016,37.42819]]]}},{"type":"Feature","properties":{"geoid":"06085511000","name":"Midtown","city":"Palo Alto","county":"Santa Clara","centroid":[-122.12182125,37.4371565]},"geometry":{"type":"Polygon","coordinates":[[[-122.13304,37.43575],[-122.121105,37.446846],[-122.11057,37.43688],[-122.12257,37.42915],[-122.13304,37.43575]]]}},{"type":"Feature","properties":{"geoid":"06001421300","name":"Thousand Oaks","city":"Berkeley","county":"Alameda","centroid":[-122.28117369999998,37.8914245]},"geometry":{"type":"Polygon","coordinates":[[[-122.287023,37.891549],[-122.286693,37.898513],[-122.281252,37.899632],[-122.28164,37.89666],[-122.277078,37.893995],[-122.276362,37.887648],[-122.274963,37.885341],[-122.282678,37.881249],[-122.281639,37.888487],[-122.282409,37.891171],[-122.287023,37.891549]]]}},{"type":"Feature","properties":{"geoid":"06001423200","name":"West Berkeley","city":"Berkeley","county":"Alameda","centroid":[-122.29369775,37.864521249999996]},"geometry":{"type":"Polygon","coordinates":[[[-122.297751,37.867937],[-122.292226,37.869042],[-122.289651,37.861104],[-122.295163,37.860002],[-122.297751,37.867937]]]}},{"type":"Feature","properties":{"geoid":"06085511100","name":"Duveneck - St. Francis","city":"Palo Alto","county":"Santa Clara","centroid":[-122.1335472222222,37.44782077777778]},"geometry":{"type":"Polygon","coordinates":[[[-122.14321,37.44215],[-122.13975,37.44314],[-122.13968,37.4496],[-122.136708,37.454337],[-122.132103,37.45398],[-122.128473,37.451847],[-122.127856,37.452737],[-122.121105,37.446846],[-122.13304,37.43575],[-122.14321,37.44215]]]}},{"type":"Feature","properties":{"geoid":"06085511400","name":"Old Palo Alto","city":"Palo Alto","county":"Santa Clara","centroid":[-122.14308849999999,37.4360735]},"geometry":{"type":"Polygon","coordinates":[[[-122.156084,37.438274],[-122.14321,37.44215],[-122.13304,37.43575],[-122.14002,37.42812],[-122.156084,37.438274]]]}},{"type":"Feature","properties":{"geoid":"06085512024","name":"Branham","city":"San Jose","county":"Santa Clara","centroid":[-121.86744840000001,37.261193000000006]},"geometry":{"type":"Polygon","coordinates":[[[-121.876679,37.262985],[-121.866668,37.265575],[-121.858919,37.266054],[-121.858985,37.255605],[-121.875991,37.255746],[-121.876679,37.262985]]]}},{"type":"Feature","properties":{"geoid":"06085512025","name":"Branham","city":"San Jose","county":"Santa Clara","centroid":[-121.85400179999999,37.259975000000004]},"geometry":{"type":"Polygon","coordinates":[[[-121.859018,37.25686],[-121.858919,37.266054],[-121.844786,37.265966],[-121.848301,37.25539],[-121.858985,37.255605],[-121.859018,37.25686]]]}},{"type":"Feature","properties":{"geoid":"06085512026","name":"Parkview","city":"San Jose","county":"Santa Clara","centroid":[-121.8385125,37.2587795]},"geometry":{"type":"Polygon","coordinates":[[[-121.848189,37.255679],[-121.844786,37.265966],[-121.831087,37.26598],[-121.829988,37.247493],[-121.848189,37.255679]]]}},{"type":"Feature","properties":{"geoid":"06001406000","name":"San Antonio","city":"Alameda","county":"Alameda","centroid":[-122.24868058823529,37.78557235294118]},"geometry":{"type":"Polygon","coordinates":[[[-122.26838,37.788028],[-122.263018,37.790816],[-122.259659,37.796092],[-122.259554,37.798301],[-122.25713,37.798725],[-122.247175,37.789913],[-122.2359,37.78341],[-122.236667,37.78261],[-122.238723,37.783516],[-122.237309,37.781758],[-122.235879,37.772578],[-122.238027,37.77236],[-122.243536,37.776278],[-122.245219,37.783033],[-122.248662,37.785836],[-122.252676,37.786987],[-122.260056,37.784489],[-122.26838,37.788028]]]}},{"type":"Feature","properties":{"geoid":"06001423902","name":"Elmwood","city":"Berkeley","county":"Alameda","centroid":[-122.25755875000002,37.854817999999995]},"geometry":{"type":"Polygon","coordinates":[[[-122.262473,37.855703],[-122.253099,37.857088],[-122.252834,37.853901],[-122.261829,37.85258],[-122.262473,37.855703]]]}},{"type":"Feature","properties":{"geoid":"06001443200","name":"Fremont","city":"Fremont","county":"Alameda","centroid":[-121.89338278947368,37.48777410526317]},"geometry":{"type":"Polygon","coordinates":[[[-121.922995,37.495582],[-121.919647,37.498786],[-121.919461,37.502066],[-121.901965,37.505061],[-121.896632,37.507982],[-121.892073,37.508332],[-121.885104,37.503516],[-121.878284,37.503719],[-121.873277,37.491089],[-121.874493,37.489083],[-121.870115,37.480729],[-121.875205,37.475215],[-121.87745,37.475183],[-121.881155,37.471076],[-121.887738,37.470936],[-121.890856,37.467982],[-121.903917,37.46454],[-121.909894,37.47238],[-121.914012,37.484451],[-121.922995,37.495582]]]}},{"type":"Feature","properties":{"geoid":"06001404200","name":"Upper Rockridge","city":"Oakland","county":"Alameda","centroid":[-122.23479015384615,37.83491876923077]},"geometry":{"type":"Polygon","coordinates":[[[-122.25241,37.834543],[-122.25081,37.837135],[-122.23483,37.842426],[-122.227242,37.842927],[-122.224827,37.841683],[-122.2171,37.832758],[-122.221599,37.832615],[-122.224456,37.830256],[-122.229148,37.833144],[-122.231385,37.831458],[-122.243025,37.830012],[-122.246698,37.833273],[-122.248742,37.831714],[-122.25241,37.834543]]]}},{"type":"Feature","properties":{"geoid":"06085509109","name":"Bedford Square","city":"Mountain View","county":"Santa Clara","centroid":[-122.05663585714285,37.389910285714286]},"geometry":{"type":"Polygon","coordinates":[[[-122.06958,37.39888],[-122.05305,37.3954],[-122.04821,37.39062],[-122.04735,37.38657],[-122.05227,37.38597],[-122.057573,37.387708],[-122.068418,37.384224],[-122.06958,37.39888]]]}},{"type":"Feature","properties":{"geoid":"06085509201","name":"Whisman Station","city":"Mountain View","county":"Santa Clara","centroid":[-122.07552560000002,37.4023608]},"geometry":{"type":"Polygon","coordinates":[[[-122.082117,37.397023],[-122.07818,37.40278],[-122.07816,37.41188],[-122.070601,37.408641],[-122.06857,37.39148],[-122.082117,37.397023]]]}},{"type":"Feature","properties":{"geoid":"06001400300","name":"North Oakland","city":"Oakland","county":"Alameda","centroid":[-122.25632920000001,37.839668]},"geometry":{"type":"Polygon","coordinates":[[[-122.265631,37.837636],[-122.262541,37.841064],[-122.243716,37.848513],[-122.25241,37.834543],[-122.257348,37.836584],[-122.265631,37.837636]]]}},{"type":"Feature","properties":{"geoid":"06085512027","name":"Branham","city":"San Jose","county":"Santa Clara","centroid":[-121.8587655,37.25315075]},"geometry":{"type":"Polygon","coordinates":[[[-121.875991,37.255746],[-121.847246,37.255317],[-121.83651,37.250723],[-121.875315,37.250817],[-121.875991,37.255746]]]}},{"type":"Feature","properties":{"geoid":"06001427900","name":"Gold Coast","city":"Alameda","county":"Alameda","centroid":[-122.25947233333333,37.770148000000006]},"geometry":{"type":"Polygon","coordinates":[[[-122.263533,37.769242],[-122.263307,37.774715],[-122.259499,37.774467],[-122.251144,37.77086],[-122.255755,37.764173],[-122.263596,37.767431],[-122.263533,37.769242]]]}},{"type":"Feature","properties":{"geoid":"06001421500","name":"Berkeley Hills","city":"Berkeley","county":"Alameda","centroid":[-122.25761865217392,37.890844217391304]},"geometry":{"type":"Polygon","coordinates":[[[-122.267737,37.893131],[-122.260784,37.897553],[-122.261959,37.898485],[-122.260703,37.899639],[-122.257005,37.899864],[-122.255936,37.896031],[-122.253702,37.896193],[-122.253047,37.893863],[-122.250162,37.893356],[-122.249145,37.891128],[-122.251877,37.890955],[-122.253278,37.889676],[-122.252889,37.888196],[-122.254143,37.889163],[-122.25451,37.887658],[-122.256533,37.887978],[-122.259176,37.885757],[-122.260184,37.886349],[-122.258907,37.884223],[-122.261699,37.883053],[-122.262842,37.884604],[-122.262402,37.886527],[-122.266609,37.886035],[-122.267737,37.893131]]]}},{"type":"Feature","properties":{"geoid":"06001407500","name":"Melrose","city":"Oakland","county":"Alameda","centroid":[-122.19903439999999,37.7691284]},"geometry":{"type":"Polygon","coordinates":[[[-122.20368,37.767126],[-122.20084,37.76913],[-122.200805,37.772661],[-122.190345,37.771576],[-122.199502,37.765149],[-122.20368,37.767126]]]}},{"type":"Feature","properties":{"geoid":"06001451401","name":"The Meadows","city":"Livermore","county":"Alameda","centroid":[-121.76530329999999,37.694713899999996]},"geometry":{"type":"Polygon","coordinates":[[[-121.78531,37.699774],[-121.761119,37.702933],[-121.740284,37.702728],[-121.744358,37.69653],[-121.751111,37.691723],[-121.764867,37.685891],[-121.772448,37.689554],[-121.773113,37.691028],[-121.776339,37.691458],[-121.784084,37.69552],[-121.78531,37.699774]]]}},{"type":"Feature","properties":{"geoid":"06001443103","name":"Mission San Jose","city":"Fremont","county":"Alameda","centroid":[-121.900989,37.52996388461538]},"geometry":{"type":"Polygon","coordinates":[[[-121.924387,37.540631],[-121.920591,37.544271],[-121.91935,37.548942],[-121.915067,37.55625],[-121.909575,37.555009],[-121.907336,37.549275],[-121.904813,37.550106],[-121.899323,37.546589],[-121.893614,37.550203],[-121.890668,37.547936],[-121.887132,37.543253],[-121.887328,37.538977],[-121.88312,37.536138],[-121.878148,37.530239],[-121.881131,37.513358],[-121.880783,37.507893],[-121.878284,37.503719],[-121.885104,37.503516],[-121.888908,37.507061],[-121.893611,37.508569],[-121.901965,37.505061],[-121.919461,37.502066],[-121.919759,37.510454],[-121.917847,37.518481],[-121.917872,37.525814],[-121.920537,37.53525],[-121.924387,37.540631]]]}},{"type":"Feature","properties":{"geoid":"06001430600","name":"Castro Valley","city":"Castro Valley","county":"Alameda","centroid":[-122.09813614285714,37.702820571428575]},"geometry":{"type":"Polygon","coordinates":[[[-122.106733,37.708827],[-122.105182,37.710825],[-122.105205,37.714428],[-122.103364,37.714755],[-122.090961,37.708862],[-122.088165,37.701141],[-122.091887,37.700444],[-122.089691,37.692899],[-122.093787,37.691157],[-122.096096,37.695612],[-122.097813,37.695507],[-122.100903,37.701099],[-122.102302,37.701319],[-122.101817,37.702613],[-122.106733,37.708827]]]}},{"type":"Feature","properties":{"geoid":"06001451300","name":"Livermore","city":"Livermore","county":"Alameda","centroid":[-121.81468233333334,37.690071833333334]},"geometry":{"type":"Polygon","coordinates":[[[-121.849501,37.701354],[-121.795124,37.700883],[-121.78531,37.699774],[-121.784084,37.69552],[-121.790784,37.69133],[-121.790858,37.681191],[-121.787481,37.678106],[-121.826737,37.673841],[-121.82683,37.67632],[-121.843004,37.691026],[-121.848189,37.692112],[-121.848286,37.699405],[-121.849501,37.701354]]]}},{"type":"Feature","properties":{"geoid":"06001408300","name":"Eastmont","city":"Oakland","county":"Alameda","centroid":[-122.16338706666667,37.77013853333334]},"geometry":{"type":"Polygon","coordinates":[[[-122.175055,37.78021],[-122.173619,37.781129],[-122.15839,37.773547],[-122.154381,37.768779],[-122.156658,37.767739],[-122.157288,37.768938],[-122.157631,37.766462],[-122.160025,37.766832],[-122.158575,37.76588],[-122.160714,37.765776],[-122.160831,37.764682],[-122.164942,37.762685],[-122.172133,37.769131],[-122.168982,37.772964],[-122.171582,37.777324],[-122.175055,37.78021]]]}},{"type":"Feature","properties":{"geoid":"06001450607","name":"Del Prado","city":"Pleasanton","county":"Alameda","centroid":[-121.884421,37.65801750000001]},"geometry":{"type":"Polygon","coordinates":[[[-121.906275,37.661803],[-121.891047,37.667797],[-121.883154,37.667425],[-121.881145,37.665386],[-121.868081,37.664936],[-121.879526,37.654877],[-121.881722,37.641967],[-121.884418,37.639949],[-121.906275,37.661803]]]}},{"type":"Feature","properties":{"geoid":"06085509202","name":"Castro","city":"Mountain View","county":"Santa Clara","centroid":[-122.08391099999999,37.40669466666667]},"geometry":{"type":"Polygon","coordinates":[[[-122.091303,37.400581],[-122.086883,37.411301],[-122.086746,37.416709],[-122.07816,37.41188],[-122.07818,37.40278],[-122.082194,37.396917],[-122.091303,37.400581]]]}},{"type":"Feature","properties":{"geoid":"06085509302","name":"Castro","city":"Mountain View","county":"Santa Clara","centroid":[-122.0998716,37.4101804]},"geometry":{"type":"Polygon","coordinates":[[[-122.108285,37.408104],[-122.103313,37.416208],[-122.09779,37.41209],[-122.0925,37.41152],[-122.09747,37.40298],[-122.108285,37.408104]]]}},{"type":"Feature","properties":{"geoid":"06041124200","name":"Tiburon","city":"Tiburon","county":"Marin","centroid":[-122.46163005714287,37.88180171428572]},"geometry":{"type":"Polygon","coordinates":[[[-122.489953,37.878591],[-122.484226,37.891169],[-122.482419,37.891834],[-122.487179,37.895453],[-122.487948,37.897983],[-122.481246,37.902454],[-122.47637,37.903383],[-122.471683,37.902081],[-122.468882,37.903753],[-122.469484,37.904425],[-122.465801,37.904389],[-122.465139,37.902448],[-122.457239,37.898723],[-122.447581,37.898289],[-122.4399,37.888763],[-122.435071,37.885124],[-122.434742,37.87629],[-122.422162,37.874436],[-122.418673,37.852505],[-122.424227,37.85045],[-122.429702,37.851219],[-122.435736,37.849401],[-122.443855,37.852086],[-122.451972,37.861613],[-122.457283,37.859227],[-122.451554,37.868245],[-122.459549,37.873811],[-122.460067,37.875925],[-122.466555,37.881553],[-122.472287,37.883274],[-122.478431,37.887659],[-122.482384,37.884126],[-122.480884,37.883526],[-122.486684,37.873726],[-122.490184,37.875126],[-122.489953,37.878591]]]}},{"type":"Feature","properties":{"geoid":"06085513500","name":"Unincorporated Santa Clara","city":"","county":"Santa Clara","centroid":[-121.47248390220817,37.21088099053631]},"geometry":{"type":"Polygon","coordinates":[[[-121.85578,37.48442],[-121.472648,37.48217],[-121.474527,37.479344],[-121.4777,37.480279],[-121.48341,37.475423],[-121.486775,37.475652],[-121.484252,37.466032],[-121.475033,37.462054],[-121.472676,37.456381],[-121.469554,37.455743],[-121.468933,37.453875],[-121.467179,37.453341],[-121.464687,37.454483],[-121.462917,37.451489],[-121.463476,37.445692],[-121.46186,37.438799],[-121.464951,37.437034],[-121.470328,37.43012],[-121.468858,37.424994],[-121.472606,37.423345],[-121.466251,37.415034],[-121.463551,37.415934],[-121.456351,37.406735],[-121.455651,37.401035],[-121.458251,37.398135],[-121.456651,37.395535],[-121.45155,37.394635],[-121.450448,37.392541],[-121.448163,37.391677],[-121.445245,37.393346],[-121.442744,37.392763],[-121.436085,37.39613],[-121.43155,37.394235],[-121.42405,37.393635],[-121.41945,37.390735],[-121.412549,37.389435],[-121.409075,37.380672],[-121.415849,37.375916],[-121.41929,37.364445],[-121.4225,37.363091],[-121.42365,37.358837],[-121.419409,37.351989],[-121.42075,37.344737],[-121.40915,37.330637],[-121.41115,37.327537],[-121.410218,37.325061],[-121.411939,37.324445],[-121.409398,37.321464],[-121.40748,37.313114],[-121.405753,37.31099],[-121.418366,37.303275],[-121.42275,37.299138],[-121.423452,37.295287],[-121.425767,37.296336],[-121.431391,37.294994],[-121.436816,37.291971],[-121.44112,37.293857],[-121.443551,37.296638],[-121.44965,37.293939],[-121.448658,37.2903],[-121.452973,37.286735],[-121.454009,37.28405],[-121.458051,37.284139],[-121.459068,37.282319],[-121.453966,37.277184],[-121.454849,37.263141],[-121.457255,37.260943],[-121.45502,37.25555],[-121.45575,37.24944],[-121.448145,37.239494],[-121.448744,37.237277],[-121.441746,37.231127],[-121.436104,37.229365],[-121.43388,37.226329],[-121.430756,37.227463],[-121.421822,37.22131],[-121.421075,37.214826],[-121.416869,37.211262],[-121.415657,37.199649],[-121.410463,37.192008],[-121.411525,37.185407],[-121.408794,37.182505],[-121.41114,37.177852],[-121.410431,37.174467],[-121.413401,37.172328],[-121.407727,37.169006],[-121.40653,37.158835],[-121.404636,37.155989],[-121.401141,37.15492],[-121.399019,37.150135],[-121.397463,37.150595],[-121.392989,37.148153],[-121.391131,37.150747],[-121.383551,37.151487],[-121.38163,37.157138],[-121.383957,37.160161],[-121.383245,37.162988],[-121.384266,37.166201],[-121.382914,37.167881],[-121.379654,37.168006],[-121.376313,37.172478],[-121.373429,37.173705],[-121.372209,37.176962],[-121.365035,37.179998],[-121.36317,37.183509],[-121.359558,37.184453],[-121.354561,37.183893],[-121.347499,37.180417],[-121.343657,37.176935],[-121.34306,37.174669],[-121.338294,37.173517],[-121.334349,37.170803],[-121.332548,37.171277],[-121.328409,37.16595],[-121.314034,37.16791],[-121.312882,37.170147],[-121.306044,37.166641],[-121.302619,37.16816],[-121.298552,37.165963],[-121.295586,37.168905],[-121.29152,37.170337],[-121.290959,37.175427],[-121.287728,37.177367],[-121.286063,37.181139],[-121.284297,37.180895],[-121.283404,37.183169],[-121.281107,37.183603],[-121.277776,37.179631],[-121.275378,37.178739],[-121.273101,37.173325],[-121.269507,37.171171],[-121.262093,37.159323],[-121.248763,37.157661],[-121.243842,37.15857],[-121.236629,37.156675],[-121.235495,37.152898],[-121.235985,37.149087],[-121.232297,37.139893],[-121.222863,37.131337],[-121.223141,37.128568],[-121.220707,37.124689],[-121.217339,37.123042],[-121.221339,37.116442],[-121.223788,37.115081],[-121.226304,37.109708],[-121.225538,37.106842],[-121.230526,37.10477],[-121.230439,37.096942],[-121.238375,37.093416],[-121.242618,37.093063],[-121.245484,37.089148],[-121.241977,37.085128],[-121.235493,37.086234],[-121.224638,37.078943],[-121.222404,37.073432],[-121.215799,37.069223],[-121.209637,37.068243],[-121.210337,37.066044],[-121.208198,37.061289],[-121.208959,37.058683],[-121.212591,37.055068],[-121.218735,37.057139],[-121.223387,37.057507],[-121.224518,37.056237],[-121.223156,37.05523],[-121.225808,37.052071],[-121.224507,37.039743],[-121.236138,37.036945],[-121.240634,37.031777],[-121.248647,37.03368],[-121.245989,37.025575],[-121.233337,37.011746],[-121.238186,37.009254],[-121.236337,37.008346],[-121.236976,37.006584],[-121.235504,37.005771],[-121.233137,36.999346],[-121.241517,36.997381],[-121.242915,36.994282],[-121.245137,36.992922],[-121.246568,36.985228],[-121.243877,36.980091],[-121.232128,36.968892],[-121.224833,36.967433],[-121.220775,36.963628],[-121.215406,36.961248],[-121.418246,36.960549],[-121.434563,36.973983],[-121.437697,36.97851],[-121.447346,36.982955],[-121.449747,36.986148],[-121.449119,36.988211],[-121.450607,36.988944],[-121.463656,36.984877],[-121.465948,36.982148],[-121.463561,36.978294],[-121.467939,36.976772],[-121.471151,36.977974],[-121.486053,37.001223],[-121.487953,37.00164],[-121.494692,37.016474],[-121.49015,37.01667],[-121.48998,37.01533],[-121.483947,37.013063],[-121.47801,37.00475],[-121.47488,37.00406],[-121.47483,37.00765],[-121.46792,37.00724],[-121.46504,37.01544],[-121.45852,37.02003],[-121.45616,37.02449],[-121.45575,37.02746],[-121.45793,37.03318],[-121.45568,37.03402],[-121.457586,37.04153],[-121.46501,37.0492],[-121.46998,37.06007],[-121.477839,37.072484],[-121.483369,37.074101],[-121.488413,37.07216],[-121.489806,37.073895],[-121.488739,37.076703],[-121.491337,37.077423],[-121.497084,37.077206],[-121.499892,37.073782],[-121.502297,37.072829],[-121.511372,37.076531],[-121.526964,37.078284],[-121.529608,37.082685],[-121.530801,37.08267],[-121.529151,37.083545],[-121.534651,37.086763],[-121.544608,37.098361],[-121.54567,37.108623],[-121.548529,37.112773],[-121.549283,37.119039],[-121.552944,37.121116],[-121.554151,37.125994],[-121.557911,37.128505],[-121.55859,37.131719],[-121.574835,37.145785],[-121.57955,37.153493],[-121.58504,37.154567],[-121.589943,37.153313],[-121.595154,37.153718],[-121.603917,37.159821],[-121.61301,37.161975],[-121.619457,37.16927],[-121.62145,37.170067],[-121.625364,37.167102],[-121.633314,37.167299],[-121.633693,37.166185],[-121.63102,37.16488],[-121.64206,37.16418],[-121.64498,37.16437],[-121.649896,37.168676],[-121.651805,37.168897],[-121.65539,37.164876],[-121.659036,37.165565],[-121.663253,37.162396],[-121.686551,37.185697],[-121.705757,37.199187],[-121.721874,37.20853],[-121.730771,37.217148],[-121.747478,37.229526],[-121.746438,37.231928],[-121.739827,37.234957],[-121.729356,37.235038],[-121.726736,37.237572],[-121.718394,37.236918],[-121.733432,37.248829],[-121.727571,37.264056],[-121.716959,37.285541],[-121.709987,37.291139],[-121.711432,37.297057],[-121.710642,37.301535],[-121.745891,37.360707],[-121.753946,37.363751],[-121.754103,37.365454],[-121.760199,37.368759],[-121.759813,37.369913],[-121.761968,37.370068],[-121.762496,37.372095],[-121.766682,37.375308],[-121.771952,37.38299],[-121.775228,37.384958],[-121.779256,37.384432],[-121.782973,37.386883],[-121.784058,37.395433],[-121.786536,37.39862],[-121.786239,37.400949],[-121.79099,37.402071],[-121.791975,37.403516],[-121.79079,37.405279],[-121.785088,37.403729],[-121.781884,37.404648],[-121.806144,37.432003],[-121.808338,37.434374],[-121.81304,37.43338],[-121.81836,37.43451],[-121.81993,37.43555],[-121.81945,37.43799],[-121.8237,37.43962],[-121.83492,37.43852],[-121.83603,37.44211],[-121.84062,37.44439],[-121.83915,37.44764],[-121.84212,37.45011],[-121.83986,37.45178],[-121.84106,37.45227],[-121.84076,37.45483],[-121.84342,37.45671],[-121.84216,37.45997],[-121.8451,37.46263],[-121.84491,37.46556],[-121.84657,37.46623],[-121.85209,37.48048],[-121.85578,37.48442]]]}},{"type":"Feature","properties":{"geoid":"06001401800","name":"Lower Bottoms","city":"Oakland","county":"Alameda","centroid":[-122.29813175000001,37.80947025]},"geometry":{"type":"Polygon","coordinates":[[[-122.302386,37.807123],[-122.297863,37.813297],[-122.293994,37.811415],[-122.298284,37.806046],[-122.302386,37.807123]]]}},{"type":"Feature","properties":{"geoid":"06041101200","name":"Old","city":"Novato","county":"Marin","centroid":[-122.54379850000001,38.1032749]},"geometry":{"type":"Polygon","coordinates":[[[-122.564946,38.117622],[-122.560929,38.116461],[-122.549191,38.118117],[-122.526313,38.106733],[-122.518471,38.10489],[-122.511771,38.105476],[-122.537727,38.085114],[-122.546108,38.08008],[-122.560934,38.094891],[-122.561595,38.103365],[-122.564946,38.117622]]]}},{"type":"Feature","properties":{"geoid":"06041117000","name":"San Anselmo","city":"San Anselmo","county":"Marin","centroid":[-122.56674171428573,37.97646809523809]},"geometry":{"type":"Polygon","coordinates":[[[-122.58089,37.970023],[-122.577143,37.972871],[-122.578656,37.973928],[-122.576652,37.974299],[-122.575971,37.976163],[-122.573081,37.976437],[-122.57456,37.977783],[-122.572593,37.979041],[-122.572536,37.977835],[-122.569305,37.976751],[-122.564166,37.978754],[-122.565118,37.980028],[-122.561297,37.982574],[-122.560139,37.982267],[-122.560974,37.979185],[-122.557344,37.98354],[-122.550398,37.980802],[-122.550913,37.972188],[-122.554928,37.973056],[-122.556466,37.970837],[-122.568446,37.967468],[-122.58089,37.970023]]]}},{"type":"Feature","properties":{"geoid":"06041110100","name":"Dominican","city":"San Rafael","county":"Marin","centroid":[-122.50890642857142,37.98518976190476]},"geometry":{"type":"Polygon","coordinates":[[[-122.529077,37.990601],[-122.525741,37.990508],[-122.522571,37.99285],[-122.521933,37.991315],[-122.518159,37.99135],[-122.510668,37.997017],[-122.508034,37.99588],[-122.502976,37.99854],[-122.501338,37.99683],[-122.495522,37.997674],[-122.495554,37.982432],[-122.497143,37.980932],[-122.496376,37.979165],[-122.499035,37.979707],[-122.499405,37.978139],[-122.495005,37.973941],[-122.494629,37.970678],[-122.507605,37.966326],[-122.521635,37.970125],[-122.520891,37.979867],[-122.523738,37.985108],[-122.529077,37.990601]]]}},{"type":"Feature","properties":{"geoid":"06041133000","name":"Unincorporated Marin","city":"","county":"Marin","centroid":[-122.74551868062818,38.14045938743456]},"geometry":{"type":"Polygon","coordinates":[[[-123.004605,38.29569],[-122.994111,38.299385],[-122.994753,38.30619],[-122.991116,38.30558],[-122.987708,38.308115],[-122.984738,38.307948],[-122.981607,38.311135],[-122.974325,38.311512],[-122.970042,38.310128],[-122.966124,38.31697],[-122.961616,38.316651],[-122.956015,38.313732],[-122.946754,38.311209],[-122.944034,38.312674],[-122.939709,38.310848],[-122.934262,38.314012],[-122.93399,38.312959],[-122.936816,38.311179],[-122.935381,38.309605],[-122.93244,38.311741],[-122.925636,38.312736],[-122.921588,38.308554],[-122.918024,38.310273],[-122.916483,38.312809],[-122.920952,38.316836],[-122.918162,38.31779],[-122.915964,38.320316],[-122.908105,38.320752],[-122.906661,38.319935],[-122.907227,38.318732],[-122.910875,38.317086],[-122.909495,38.314394],[-122.899933,38.316793],[-122.898444,38.314516],[-122.7399,38.207018],[-122.722995,38.207132],[-122.715035,38.203398],[-122.714338,38.201222],[-122.704443,38.198455],[-122.701393,38.196099],[-122.687916,38.194743],[-122.680565,38.189627],[-122.667158,38.189697],[-122.663901,38.1864],[-122.65861,38.186778],[-122.653725,38.184837],[-122.649237,38.181127],[-122.637948,38.180249],[-122.635784,38.178649],[-122.628183,38.178887],[-122.625695,38.182337],[-122.622647,38.182624],[-122.615109,38.182353],[-122.612504,38.180591],[-122.60411,38.180632],[-122.60072,38.185232],[-122.59787,38.179502],[-122.569227,38.158011],[-122.564448,38.144418],[-122.56358,38.132326],[-122.564367,38.128933],[-122.565256,38.134903],[-122.577759,38.138402],[-122.580488,38.136284],[-122.592104,38.145889],[-122.608794,38.147819],[-122.608904,38.138779],[-122.614721,38.126066],[-122.616751,38.125209],[-122.618486,38.120723],[-122.625545,38.123142],[-122.630535,38.132871],[-122.638189,38.137116],[-122.641595,38.146319],[-122.64935,38.147601],[-122.652855,38.148014],[-122.661144,38.145478],[-122.666918,38.148585],[-122.683243,38.149164],[-122.692208,38.145817],[-122.696579,38.142448],[-122.700199,38.134173],[-122.698679,38.120949],[-122.696313,38.116455],[-122.691474,38.114272],[-122.676071,38.116027],[-122.667337,38.112808],[-122.665507,38.104056],[-122.665357,38.095722],[-122.663696,38.09362],[-122.646054,38.088185],[-122.639558,38.091723],[-122.630492,38.089834],[-122.603717,38.076063],[-122.601213,38.07051],[-122.59746,38.067117],[-122.606192,38.058021],[-122.613152,38.061302],[-122.616093,38.061121],[-122.618811,38.056533],[-122.62062,38.045913],[-122.622489,38.048066],[-122.621796,38.046421],[-122.624455,38.041309],[-122.623099,38.037898],[-122.619214,38.036011],[-122.619288,38.03368],[-122.61685,38.029718],[-122.622431,38.026438],[-122.619289,38.025035],[-122.618503,38.02359],[-122.619666,38.023177],[-122.619557,38.021673],[-122.615826,38.020761],[-122.616456,38.019706],[-122.6205,38.01992],[-122.632605,38.025583],[-122.642041,38.02556],[-122.643193,38.028289],[-122.645503,38.027109],[-122.654057,38.027984],[-122.655166,38.026547],[-122.659285,38.025713],[-122.664056,38.026815],[-122.664874,38.025495],[-122.663729,38.022276],[-122.665898,38.022565],[-122.665419,38.023653],[-122.66746,38.025475],[-122.674524,38.028387],[-122.678343,38.028091],[-122.682953,38.031583],[-122.690456,38.030198],[-122.69267,38.032825],[-122.69736,38.0332],[-122.698856,38.036732],[-122.698201,38.038665],[-122.700473,38.040199],[-122.709706,38.039715],[-122.709171,38.041217],[-122.710891,38.042402],[-122.708637,38.045369],[-122.712059,38.049922],[-122.711385,38.046846],[-122.712287,38.045138],[-122.723843,38.049805],[-122.727277,38.055661],[-122.736577,38.057606],[-122.741754,38.061706],[-122.746357,38.067874],[-122.754658,38.064976],[-122.758259,38.066449],[-122.7637,38.064657],[-122.768895,38.0669],[-122.771877,38.066652],[-122.773011,38.068224],[-122.769999,38.069931],[-122.771692,38.074667],[-122.77864,38.078571],[-122.779619,38.080999],[-122.782378,38.081791],[-122.784548,38.080666],[-122.784161,38.074182],[-122.78512,38.073216],[-122.789318,38.073266],[-122.794551,38.076465],[-122.798938,38.072861],[-122.798125,38.068911],[-122.799259,38.066774],[-122.805643,38.064634],[-122.80908,38.065283],[-122.812887,38.063174],[-122.820282,38.063185],[-122.821245,38.073799],[-122.825725,38.07758],[-122.828961,38.085073],[-122.839973,38.095956],[-122.852047,38.103766],[-122.881154,38.126921],[-122.899786,38.157736],[-122.932002,38.19792],[-122.95262,38.212813],[-122.974247,38.233212],[-122.978001,38.240167],[-122.973547,38.24145],[-122.971987,38.246884],[-122.972523,38.251599],[-122.981641,38.265833],[-122.989256,38.269875],[-122.992688,38.276528],[-122.997018,38.279494],[-123.004605,38.29569]]]}},{"type":"Feature","properties":{"geoid":"06041114100","name":"Unincorporated Marin","city":"","county":"Marin","centroid":[-122.5968087843137,37.97489325490195]},"geometry":{"type":"Polygon","coordinates":[[[-122.617173,37.975806],[-122.615267,37.97922],[-122.610613,37.978003],[-122.609905,37.979527],[-122.608192,37.979352],[-122.608757,37.979999],[-122.603616,37.979749],[-122.604399,37.981497],[-122.600819,37.981358],[-122.602148,37.983545],[-122.601237,37.984883],[-122.603044,37.987009],[-122.610389,37.99158],[-122.612551,37.996003],[-122.612133,37.997505],[-122.606089,37.997365],[-122.596383,37.994345],[-122.596024,37.995345],[-122.590291,37.987629],[-122.579351,37.986628],[-122.582182,37.979076],[-122.581381,37.977632],[-122.58579,37.976723],[-122.58079,37.973223],[-122.580672,37.969731],[-122.582629,37.9681],[-122.58059,37.966108],[-122.577768,37.965756],[-122.578986,37.962574],[-122.575548,37.959285],[-122.572269,37.95816],[-122.573854,37.956112],[-122.577367,37.956542],[-122.580938,37.954282],[-122.590609,37.959735],[-122.593592,37.959859],[-122.592868,37.962406],[-122.594617,37.964953],[-122.597022,37.963092],[-122.604468,37.962775],[-122.605264,37.964971],[-122.604195,37.969756],[-122.605502,37.972556],[-122.601408,37.972655],[-122.598926,37.974321],[-122.601074,37.974035],[-122.601288,37.975599],[-122.608533,37.974627],[-122.60919,37.976172],[-122.614159,37.977044],[-122.615388,37.975348],[-122.617173,37.975806]]]}},{"type":"Feature","properties":{"geoid":"06041121200","name":"Corte Madera","city":"Corte Madera","county":"Marin","centroid":[-122.49503863157895,37.930463499999995]},"geometry":{"type":"Polygon","coordinates":[[[-122.516698,37.936782],[-122.51439,37.945533],[-122.509538,37.951875],[-122.505805,37.951175],[-122.500192,37.946903],[-122.493877,37.945984],[-122.497202,37.94433],[-122.498954,37.941688],[-122.497101,37.939515],[-122.49318,37.938396],[-122.492057,37.93921],[-122.490432,37.937189],[-122.488518,37.937266],[-122.484295,37.940944],[-122.484548,37.942036],[-122.492372,37.942797],[-122.492433,37.945988],[-122.471933,37.942103],[-122.477002,37.93819],[-122.483506,37.936336],[-122.488169,37.93298],[-122.487137,37.924973],[-122.48198,37.92238],[-122.471143,37.920344],[-122.484594,37.920984],[-122.487916,37.919845],[-122.487186,37.918749],[-122.489084,37.917925],[-122.489184,37.915325],[-122.495713,37.915626],[-122.495936,37.911727],[-122.504885,37.911925],[-122.502985,37.909325],[-122.510785,37.909425],[-122.510585,37.907825],[-122.514025,37.90856],[-122.511017,37.917843],[-122.515111,37.927612],[-122.516698,37.936782]]]}},{"type":"Feature","properties":{"geoid":"06041114200","name":"Unincorporated Marin","city":"","county":"Marin","centroid":[-122.60447024999996,38.00840304166666]},"geometry":{"type":"Polygon","coordinates":[[[-122.618148,38.011303],[-122.616025,38.012293],[-122.613605,38.010685],[-122.614473,38.016565],[-122.613673,38.018209],[-122.616868,38.018391],[-122.61277,38.022221],[-122.61316,38.018173],[-122.608798,38.01805],[-122.608013,38.016863],[-122.609278,38.016731],[-122.607541,38.01328],[-122.602028,38.011001],[-122.602584,38.009768],[-122.599298,38.00797],[-122.595472,38.008403],[-122.585316,38.005176],[-122.586931,37.999388],[-122.581887,37.986646],[-122.590291,37.987629],[-122.595567,37.995071],[-122.597539,37.994686],[-122.604548,38.000378],[-122.613473,38.002793],[-122.618148,38.011303]]]}},{"type":"Feature","properties":{"geoid":"06041108100","name":"Terra Linda","city":"San Rafael","county":"Marin","centroid":[-122.56440404761906,38.01702638095238]},"geometry":{"type":"Polygon","coordinates":[[[-122.588769,38.024826],[-122.586642,38.027478],[-122.585053,38.025393],[-122.576475,38.025342],[-122.573816,38.026887],[-122.568732,38.025205],[-122.558496,38.0255],[-122.554253,38.026987],[-122.547757,38.026062],[-122.539031,38.021168],[-122.541807,38.013811],[-122.541377,38.007068],[-122.555662,38.011764],[-122.557912,38.006993],[-122.561166,38.008594],[-122.562745,38.007795],[-122.562196,38.005953],[-122.56404,38.003762],[-122.565863,38.003536],[-122.570971,38.009601],[-122.589722,38.023829],[-122.588769,38.024826]]]}},{"type":"Feature","properties":{"geoid":"06041128100","name":"Almonte","city":"Tamalpais-Homestead Valley","county":"Marin","centroid":[-122.53138974074074,37.870200222222216]},"geometry":{"type":"Polygon","coordinates":[[[-122.554317,37.88295],[-122.551336,37.887213],[-122.544739,37.888009],[-122.542121,37.885988],[-122.541347,37.888097],[-122.537405,37.886028],[-122.5341,37.88972],[-122.532364,37.887713],[-122.526744,37.885959],[-122.527635,37.884642],[-122.524682,37.884143],[-122.524819,37.881801],[-122.523178,37.879655],[-122.520521,37.880965],[-122.516204,37.880311],[-122.505619,37.872583],[-122.510655,37.871474],[-122.511836,37.872682],[-122.511822,37.87555],[-122.518307,37.876655],[-122.519603,37.875554],[-122.520306,37.870786],[-122.510866,37.862629],[-122.508418,37.858939],[-122.510171,37.856855],[-122.507424,37.855716],[-122.511434,37.854885],[-122.516298,37.856842],[-122.521817,37.856548],[-122.52491,37.854666],[-122.523966,37.852338],[-122.524769,37.851046],[-122.525909,37.849972],[-122.527546,37.850437],[-122.533146,37.853839],[-122.532643,37.855521],[-122.535115,37.856971],[-122.533048,37.858837],[-122.538207,37.863627],[-122.538666,37.865184],[-122.537653,37.864387],[-122.537213,37.865997],[-122.539931,37.870405],[-122.543766,37.870137],[-122.548732,37.867115],[-122.551207,37.867332],[-122.54903,37.869354],[-122.551163,37.869123],[-122.550653,37.870445],[-122.552807,37.87147],[-122.551058,37.873149],[-122.55229,37.874526],[-122.551702,37.876336],[-122.553828,37.877706],[-122.554317,37.88295]]]}},{"type":"Feature","properties":{"geoid":"06041126200","name":"Almonte","city":"Mill Valley","county":"Marin","centroid":[-122.525008625,37.9031479375]},"geometry":{"type":"Polygon","coordinates":[[[-122.532095,37.891378],[-122.530039,37.89285],[-122.529834,37.898338],[-122.526896,37.903829],[-122.528939,37.907232],[-122.528012,37.907736],[-122.528027,37.911762],[-122.526139,37.913898],[-122.526824,37.915317],[-122.525771,37.917115],[-122.518349,37.917758],[-122.513986,37.90865],[-122.515412,37.90479],[-122.516523,37.881913],[-122.525994,37.887712],[-122.527298,37.890089],[-122.532095,37.891378]]]}},{"type":"Feature","properties":{"geoid":"06041110200","name":"San Rafael","city":"San Rafael","county":"Marin","centroid":[-122.4748771923077,37.98052357692307]},"geometry":{"type":"Polygon","coordinates":[[[-122.499437,37.979471],[-122.496376,37.979165],[-122.497143,37.980932],[-122.495554,37.982432],[-122.495522,37.997674],[-122.487865,37.995763],[-122.475109,38.002268],[-122.465251,38.00043],[-122.45647,37.996874],[-122.451165,37.998381],[-122.443562,37.988655],[-122.442814,37.984612],[-122.447835,37.979307],[-122.456381,37.975938],[-122.468454,37.979811],[-122.470699,37.977706],[-122.471126,37.97358],[-122.461937,37.96659],[-122.461937,37.963221],[-122.464282,37.960799],[-122.467284,37.960823],[-122.484789,37.970875],[-122.494847,37.970724],[-122.495005,37.973941],[-122.496974,37.976818],[-122.498989,37.976823],[-122.499437,37.979471]]]}},{"type":"Feature","properties":{"geoid":"06041113000","name":"San Geronimo","city":"San Geronimo","county":"Marin","centroid":[-122.66500636619722,38.01301011267605]},"geometry":{"type":"Polygon","coordinates":[[[-122.723661,38.016834],[-122.715675,38.014474],[-122.707771,38.008883],[-122.708175,38.014816],[-122.710461,38.018486],[-122.716247,38.023466],[-122.715992,38.027731],[-122.704712,38.031193],[-122.700954,38.031216],[-122.697692,38.033543],[-122.69495,38.032266],[-122.69267,38.032825],[-122.690456,38.030198],[-122.682953,38.031583],[-122.678343,38.028091],[-122.674524,38.028387],[-122.66746,38.025475],[-122.665419,38.023653],[-122.665898,38.022565],[-122.663729,38.022276],[-122.664874,38.025495],[-122.664056,38.026815],[-122.659285,38.025713],[-122.655166,38.026547],[-122.654057,38.027984],[-122.645503,38.027109],[-122.643193,38.028289],[-122.642041,38.02556],[-122.632605,38.025583],[-122.6205,38.01992],[-122.615363,38.019654],[-122.616863,38.018345],[-122.613673,38.018209],[-122.614473,38.016565],[-122.613511,38.012567],[-122.613647,38.010629],[-122.616025,38.012293],[-122.618231,38.011235],[-122.61428,38.00407],[-122.616775,38.004422],[-122.614592,38.004468],[-122.618332,38.007091],[-122.624706,38.007582],[-122.627243,38.005649],[-122.626259,38.000026],[-122.628268,37.999516],[-122.631809,37.995412],[-122.638628,37.993631],[-122.642026,37.994928],[-122.64301,37.996671],[-122.650649,37.995387],[-122.653876,37.99995],[-122.656624,37.997851],[-122.657723,37.999414],[-122.661439,37.998827],[-122.66569,38.000301],[-122.669386,37.999323],[-122.671366,37.996899],[-122.677512,38.002928],[-122.687207,38.00289],[-122.691993,38.004595],[-122.698154,38.000345],[-122.698075,37.995799],[-122.699155,37.995533],[-122.706184,38.00388],[-122.707211,38.004202],[-122.708288,38.001672],[-122.708554,38.004573],[-122.711415,38.005664],[-122.712054,38.009812],[-122.716161,38.013934],[-122.723661,38.016834]]]}},{"type":"Feature","properties":{"geoid":"06001400400","name":"Idora Park","city":"Oakland","county":"Alameda","centroid":[-122.2571336,37.848056]},"geometry":{"type":"Polygon","coordinates":[[[-122.261826,37.841623],[-122.260223,37.852793],[-122.253346,37.85383],[-122.25235,37.849428],[-122.257923,37.842606],[-122.261826,37.841623]]]}},{"type":"Feature","properties":{"geoid":"06001401000","name":"Longfellow","city":"Oakland","county":"Alameda","centroid":[-122.27414583333332,37.830251833333335]},"geometry":{"type":"Polygon","coordinates":[[[-122.278707,37.827151],[-122.277873,37.826951],[-122.278463,37.828864],[-122.275638,37.836447],[-122.265631,37.837636],[-122.268563,37.824462],[-122.278707,37.827151]]]}},{"type":"Feature","properties":{"geoid":"06085509303","name":"Castro","city":"Mountain View","county":"Santa Clara","centroid":[-122.09219725000001,37.40619525]},"geometry":{"type":"Polygon","coordinates":[[[-122.097448,37.403016],[-122.0925,37.41152],[-122.087529,37.409711],[-122.091312,37.400534],[-122.097448,37.403016]]]}},{"type":"Feature","properties":{"geoid":"06001406700","name":"Laurel","city":"Oakland","county":"Alameda","centroid":[-122.1988688,37.8018814]},"geometry":{"type":"Polygon","coordinates":[[[-122.21406,37.799861],[-122.201243,37.810439],[-122.197791,37.810589],[-122.192556,37.805123],[-122.194474,37.805557],[-122.192665,37.803075],[-122.194085,37.802956],[-122.193382,37.801326],[-122.194642,37.801795],[-122.19677,37.798152],[-122.198397,37.800064],[-122.200506,37.79692],[-122.201365,37.797665],[-122.203371,37.796096],[-122.207725,37.798603],[-122.21406,37.799861]]]}},{"type":"Feature","properties":{"geoid":"06085512029","name":"Edenvale","city":"San Jose","county":"Santa Clara","centroid":[-121.818264,37.247459799999994]},"geometry":{"type":"Polygon","coordinates":[[[-121.830838,37.251288],[-121.804024,37.251476],[-121.804056,37.24302],[-121.822414,37.244022],[-121.829988,37.247493],[-121.830838,37.251288]]]}},{"type":"Feature","properties":{"geoid":"06001423601","name":"Elmwood","city":"Berkeley","county":"Alameda","centroid":[-122.25867125,37.858831249999994]},"geometry":{"type":"Polygon","coordinates":[[[-122.264519,37.860682],[-122.253552,37.861823],[-122.253099,37.857088],[-122.263515,37.855732],[-122.264519,37.860682]]]}},{"type":"Feature","properties":{"geoid":"06001435102","name":"Hayward","city":"Hayward","county":"Alameda","centroid":[-122.04490133333336,37.65496755555556]},"geometry":{"type":"Polygon","coordinates":[[[-122.066939,37.651218],[-122.061135,37.654309],[-122.055206,37.652632],[-122.057031,37.65554],[-122.059694,37.656996],[-122.059903,37.658564],[-122.063048,37.659091],[-122.058749,37.660017],[-122.06128,37.660543],[-122.064441,37.663296],[-122.060091,37.665554],[-122.056317,37.66445],[-122.052945,37.66151],[-122.048072,37.662614],[-122.039262,37.658431],[-122.035979,37.658562],[-122.027536,37.655762],[-122.023608,37.661163],[-122.018234,37.658693],[-122.017143,37.655555],[-122.018128,37.654218],[-122.023368,37.656388],[-122.02646,37.654032],[-122.034094,37.655325],[-122.03304,37.652425],[-122.033799,37.651003],[-122.036193,37.64847],[-122.038254,37.649588],[-122.039171,37.648429],[-122.034942,37.646124],[-122.035972,37.645532],[-122.0444,37.647367],[-122.049562,37.646505],[-122.055669,37.65072],[-122.062185,37.64994],[-122.064598,37.648266],[-122.066939,37.651218]]]}},{"type":"Feature","properties":{"geoid":"06001431200","name":"Castro Valley","city":"Castro Valley","county":"Alameda","centroid":[-122.08065618181817,37.68274627272727]},"geometry":{"type":"Polygon","coordinates":[[[-122.096263,37.688062],[-122.093315,37.690762],[-122.073811,37.690948],[-122.073895,37.683098],[-122.072011,37.680988],[-122.07413,37.682113],[-122.076396,37.678806],[-122.07946,37.680508],[-122.079701,37.678189],[-122.083088,37.676868],[-122.085148,37.679867],[-122.096263,37.688062]]]}},{"type":"Feature","properties":{"geoid":"06001440332","name":"Contempo","city":"Union","county":"Alameda","centroid":[-122.08563573333335,37.5790426]},"geometry":{"type":"Polygon","coordinates":[[[-122.09676,37.582982],[-122.091659,37.585046],[-122.092028,37.592553],[-122.084393,37.594808],[-122.081,37.593922],[-122.080797,37.577423],[-122.075984,37.569928],[-122.077973,37.57066],[-122.084326,37.568039],[-122.083626,37.569684],[-122.085549,37.573349],[-122.083137,37.57529],[-122.085914,37.574151],[-122.086804,37.578385],[-122.094586,37.579419],[-122.09676,37.582982]]]}},{"type":"Feature","properties":{"geoid":"06001404400","name":"Upper Rockridge","city":"Oakland","county":"Alameda","centroid":[-122.21589320000001,37.8493395]},"geometry":{"type":"Polygon","coordinates":[[[-122.232971,37.851544],[-122.226748,37.849962],[-122.224321,37.850859],[-122.223554,37.855054],[-122.221609,37.855291],[-122.222625,37.857815],[-122.220675,37.860253],[-122.217818,37.856521],[-122.213615,37.855987],[-122.21238,37.857234],[-122.208898,37.851941],[-122.2031,37.851192],[-122.200761,37.847445],[-122.195046,37.843],[-122.202338,37.843472],[-122.209123,37.841561],[-122.21221,37.834604],[-122.215781,37.83126],[-122.226288,37.843551],[-122.228003,37.848244],[-122.232971,37.851544]]]}},{"type":"Feature","properties":{"geoid":"06001404600","name":"Piedmont Pines","city":"Oakland","county":"Alameda","centroid":[-122.18883909523808,37.823472190476195]},"geometry":{"type":"Polygon","coordinates":[[[-122.209226,37.824057],[-122.207223,37.824874],[-122.203167,37.8238],[-122.200763,37.829323],[-122.193776,37.832149],[-122.190895,37.834671],[-122.187098,37.835084],[-122.187639,37.836228],[-122.184526,37.835916],[-122.183818,37.834353],[-122.186688,37.829877],[-122.187024,37.827537],[-122.185729,37.825366],[-122.186871,37.822082],[-122.181224,37.819341],[-122.175474,37.81459],[-122.174159,37.81027],[-122.179157,37.804981],[-122.180688,37.808338],[-122.182685,37.80949],[-122.197791,37.810589],[-122.209226,37.824057]]]}},{"type":"Feature","properties":{"geoid":"06001436500","name":"Hayward","city":"Hayward","county":"Alameda","centroid":[-122.0656912,37.65919506666667]},"geometry":{"type":"Polygon","coordinates":[[[-122.082299,37.666213],[-122.080681,37.668851],[-122.07513,37.662787],[-122.069235,37.665131],[-122.066947,37.66484],[-122.061411,37.66062],[-122.058749,37.660017],[-122.063073,37.65916],[-122.059903,37.658564],[-122.059694,37.656996],[-122.057031,37.65554],[-122.055206,37.652632],[-122.061135,37.654309],[-122.064853,37.65172],[-122.070021,37.650546],[-122.082299,37.666213]]]}},{"type":"Feature","properties":{"geoid":"06001430800","name":"Castro Valley","city":"Castro Valley","county":"Alameda","centroid":[-122.06114319999999,37.6983655]},"geometry":{"type":"Polygon","coordinates":[[[-122.074098,37.704751],[-122.055345,37.703783],[-122.05578,37.70277],[-122.054432,37.701759],[-122.056943,37.697661],[-122.057033,37.695062],[-122.058284,37.695727],[-122.059972,37.69359],[-122.065571,37.692936],[-122.073974,37.695616],[-122.074098,37.704751]]]}},{"type":"Feature","properties":{"geoid":"06085512030","name":"San Jose","city":"San Jose","county":"Santa Clara","centroid":[-121.8236913,37.229897400000006]},"geometry":{"type":"Polygon","coordinates":[[[-121.830607,37.236873],[-121.816856,37.236976],[-121.818255,37.231029],[-121.817337,37.227846],[-121.821041,37.229714],[-121.821714,37.228093],[-121.826071,37.228672],[-121.827938,37.227733],[-121.827341,37.225867],[-121.829753,37.226171],[-121.830607,37.236873]]]}},{"type":"Feature","properties":{"geoid":"06085509304","name":"Castro","city":"Mountain View","county":"Santa Clara","centroid":[-122.09495514285713,37.41649485714286]},"geometry":{"type":"Polygon","coordinates":[[[-122.103298,37.416253],[-122.10159,37.42142],[-122.10146,37.42821],[-122.086746,37.416709],[-122.086883,37.411301],[-122.087529,37.409711],[-122.09718,37.41186],[-122.103298,37.416253]]]}},{"type":"Feature","properties":{"geoid":"06001401100","name":"Temescal","city":"Oakland","county":"Alameda","centroid":[-122.26392225000001,37.83052875]},"geometry":{"type":"Polygon","coordinates":[[[-122.268546,37.824532],[-122.265631,37.837636],[-122.259516,37.836935],[-122.261996,37.823012],[-122.268546,37.824532]]]}},{"type":"Feature","properties":{"geoid":"06085512034","name":"San Jose","city":"San Jose","county":"Santa Clara","centroid":[-121.77175842857142,37.22833685714285]},"geometry":{"type":"Polygon","coordinates":[[[-121.778891,37.224667],[-121.772385,37.231995],[-121.773072,37.238033],[-121.763482,37.231834],[-121.767238,37.224055],[-121.772799,37.225072],[-121.774442,37.222702],[-121.778891,37.224667]]]}},{"type":"Feature","properties":{"geoid":"06001401200","name":"Broadway Auto Row","city":"Oakland","county":"Alameda","centroid":[-122.25850650000001,37.8293695]},"geometry":{"type":"Polygon","coordinates":[[[-122.262094,37.823579],[-122.259516,37.836935],[-122.25241,37.834543],[-122.260006,37.822421],[-122.262094,37.823579]]]}},{"type":"Feature","properties":{"geoid":"06001401300","name":"Koreatown Northgate","city":"Oakland","county":"Alameda","centroid":[-122.267996,37.8172968]},"geometry":{"type":"Polygon","coordinates":[[[-122.273394,37.812723],[-122.271246,37.815325],[-122.268563,37.824462],[-122.260006,37.822421],[-122.266771,37.811553],[-122.273394,37.812723]]]}},{"type":"Feature","properties":{"geoid":"06085511702","name":"Loyola","city":"Loyola","county":"Santa Clara","centroid":[-122.10031466666665,37.355376416666665]},"geometry":{"type":"Polygon","coordinates":[[[-122.10927,37.36139],[-122.10803,37.36247],[-122.10853,37.36395],[-122.10589,37.36633],[-122.104676,37.365836],[-122.085538,37.351068],[-122.085642,37.348544],[-122.090187,37.344816],[-122.091622,37.341595],[-122.104501,37.349548],[-122.10746,37.35288],[-122.10243,37.35609],[-122.10927,37.36139]]]}},{"type":"Feature","properties":{"geoid":"06085511905","name":"Almaden Valley","city":"San Jose","county":"Santa Clara","centroid":[-121.85905125000001,37.2137835]},"geometry":{"type":"Polygon","coordinates":[[[-121.867314,37.221353],[-121.862268,37.221646],[-121.846297,37.209384],[-121.852822,37.208204],[-121.853478,37.210969],[-121.860157,37.210141],[-121.862869,37.213738],[-121.867205,37.214833],[-121.867314,37.221353]]]}},{"type":"Feature","properties":{"geoid":"06085512505","name":"Gilroy","city":"Gilroy","county":"Santa Clara","centroid":[-121.59079200000001,37.026610166666664]},"geometry":{"type":"Polygon","coordinates":[[[-121.599604,37.013277],[-121.5974,37.03551],[-121.588692,37.037084],[-121.584902,37.030555],[-121.58748,37.02973],[-121.586674,37.013505],[-121.599604,37.013277]]]}},{"type":"Feature","properties":{"geoid":"06041112100","name":"Dominican","city":"San Rafael","county":"Marin","centroid":[-122.52316169230768,37.96227784615385]},"geometry":{"type":"Polygon","coordinates":[[[-122.534188,37.962163],[-122.533106,37.962944],[-122.53281,37.968331],[-122.526535,37.967891],[-122.526,37.97095],[-122.521721,37.970502],[-122.520398,37.968566],[-122.510236,37.962462],[-122.50841,37.953418],[-122.509538,37.951875],[-122.517193,37.95174],[-122.528434,37.958802],[-122.532533,37.959968],[-122.534188,37.962163]]]}},{"type":"Feature","properties":{"geoid":"06041103100","name":"Unincorporated Marin","city":"","county":"Marin","centroid":[-122.64239455882353,38.113054558823535]},"geometry":{"type":"Polygon","coordinates":[[[-122.700199,38.134173],[-122.696579,38.142448],[-122.692208,38.145817],[-122.683243,38.149164],[-122.666918,38.148585],[-122.661144,38.145478],[-122.652855,38.148014],[-122.641595,38.146319],[-122.639481,38.138768],[-122.6363,38.135392],[-122.630535,38.132871],[-122.625545,38.123142],[-122.611313,38.118569],[-122.598921,38.112497],[-122.590988,38.111636],[-122.602353,38.095765],[-122.592942,38.090509],[-122.589976,38.085668],[-122.593336,38.083636],[-122.593943,38.080387],[-122.597414,38.07918],[-122.599908,38.076432],[-122.603717,38.076063],[-122.630492,38.089834],[-122.639558,38.091723],[-122.646054,38.088185],[-122.66316,38.093311],[-122.665357,38.095722],[-122.665507,38.104056],[-122.667337,38.112808],[-122.676071,38.116027],[-122.691474,38.114272],[-122.696313,38.116455],[-122.698679,38.120949],[-122.700199,38.134173]]]}},{"type":"Feature","properties":{"geoid":"06041104300","name":"Unincorporated Marin","city":"","county":"Marin","centroid":[-122.51138616666667,38.08117480000001]},"geometry":{"type":"Polygon","coordinates":[[[-122.546053,38.080157],[-122.534826,38.087356],[-122.533847,38.084311],[-122.52823,38.081531],[-122.528482,38.087735],[-122.52318,38.087641],[-122.517847,38.0916],[-122.514809,38.091066],[-122.512263,38.085302],[-122.506134,38.085042],[-122.50241,38.089634],[-122.496535,38.093371],[-122.493776,38.094321],[-122.493816,38.092178],[-122.489474,38.09502],[-122.487164,38.099271],[-122.482661,38.099174],[-122.480837,38.091937],[-122.479874,38.068524],[-122.480313,38.067446],[-122.496687,38.07102],[-122.500587,38.06082],[-122.511588,38.06352],[-122.520962,38.07133],[-122.522935,38.069777],[-122.527382,38.06943],[-122.527611,38.070481],[-122.529381,38.070498],[-122.535445,38.069027],[-122.536476,38.066724],[-122.546053,38.080157]]]}},{"type":"Feature","properties":{"geoid":"06041107000","name":"Unincorporated Marin","city":"","county":"Marin","centroid":[-122.59458919512196,38.0347677804878]},"geometry":{"type":"Polygon","coordinates":[[[-122.624601,38.039762],[-122.621796,38.046421],[-122.622489,38.048066],[-122.62062,38.045913],[-122.618811,38.056533],[-122.616093,38.061121],[-122.613152,38.061302],[-122.596777,38.05352],[-122.590376,38.052964],[-122.588327,38.049174],[-122.582918,38.048901],[-122.573043,38.045396],[-122.5543,38.046764],[-122.539574,38.043211],[-122.536415,38.04162],[-122.536289,38.03713],[-122.539031,38.021168],[-122.550833,38.027035],[-122.559064,38.025454],[-122.56919,38.025222],[-122.573816,38.026887],[-122.576475,38.025342],[-122.585053,38.025393],[-122.586642,38.027478],[-122.588689,38.025805],[-122.596777,38.029232],[-122.598754,38.028744],[-122.598897,38.027401],[-122.607738,38.026485],[-122.611251,38.024978],[-122.613289,38.021366],[-122.616456,38.019706],[-122.615826,38.020761],[-122.619557,38.021673],[-122.619666,38.023177],[-122.618503,38.02359],[-122.619289,38.025035],[-122.622431,38.026438],[-122.616847,38.02962],[-122.619288,38.03368],[-122.619214,38.036011],[-122.624601,38.039762]]]}},{"type":"Feature","properties":{"geoid":"06041118100","name":"Ross","city":"Ross","county":"Marin","centroid":[-122.56111799999998,37.96395379310345]},"geometry":{"type":"Polygon","coordinates":[[[-122.582632,37.968291],[-122.580573,37.969811],[-122.572887,37.967831],[-122.566487,37.967706],[-122.556466,37.970837],[-122.554928,37.973056],[-122.552462,37.972072],[-122.552393,37.972875],[-122.548632,37.972279],[-122.548457,37.970811],[-122.545187,37.96853],[-122.545255,37.966526],[-122.540474,37.963827],[-122.544905,37.963102],[-122.548099,37.959773],[-122.55102,37.961329],[-122.553734,37.958984],[-122.553305,37.958164],[-122.556076,37.957542],[-122.557961,37.955262],[-122.563589,37.955312],[-122.567716,37.957034],[-122.570173,37.955667],[-122.573854,37.956112],[-122.572265,37.958204],[-122.575548,37.959285],[-122.578986,37.962574],[-122.577768,37.965756],[-122.58059,37.966108],[-122.582632,37.968291]]]}},{"type":"Feature","properties":{"geoid":"06041127000","name":"Mill Valley","city":"Mill Valley","county":"Marin","centroid":[-122.55823327906975,37.91110244186047]},"geometry":{"type":"Polygon","coordinates":[[[-122.577031,37.910525],[-122.573784,37.911632],[-122.572177,37.914154],[-122.568146,37.914374],[-122.568707,37.91584],[-122.566837,37.916335],[-122.566498,37.918141],[-122.570015,37.91957],[-122.569823,37.921375],[-122.564001,37.920039],[-122.562346,37.918467],[-122.563408,37.919982],[-122.56195,37.92111],[-122.564744,37.922408],[-122.561988,37.923425],[-122.563605,37.924434],[-122.562827,37.925323],[-122.560012,37.925407],[-122.560382,37.929383],[-122.559122,37.925777],[-122.554392,37.92008],[-122.551411,37.912591],[-122.54689,37.907348],[-122.544089,37.907414],[-122.543993,37.905235],[-122.542098,37.905221],[-122.540311,37.902283],[-122.543333,37.900644],[-122.540011,37.899345],[-122.538364,37.896515],[-122.542038,37.896753],[-122.542537,37.898352],[-122.544163,37.897919],[-122.542435,37.899644],[-122.553458,37.901093],[-122.556358,37.902663],[-122.560113,37.901233],[-122.563055,37.902798],[-122.565085,37.90194],[-122.564436,37.903475],[-122.56691,37.903934],[-122.566984,37.905829],[-122.574164,37.907395],[-122.577031,37.910525]]]}},{"type":"Feature","properties":{"geoid":"06041116000","name":"San Anselmo","city":"San Anselmo","county":"Marin","centroid":[-122.57715035000001,37.97758984999999]},"geometry":{"type":"Polygon","coordinates":[[[-122.584848,37.976916],[-122.581381,37.977632],[-122.582182,37.979076],[-122.581167,37.982619],[-122.579351,37.986628],[-122.578004,37.986845],[-122.564166,37.978754],[-122.569305,37.976751],[-122.572536,37.977835],[-122.572593,37.979041],[-122.573925,37.978417],[-122.574576,37.977616],[-122.573081,37.976437],[-122.575971,37.976163],[-122.576652,37.974299],[-122.578656,37.973928],[-122.577143,37.972871],[-122.58089,37.970023],[-122.58079,37.973223],[-122.58579,37.976723],[-122.584848,37.976916]]]}},{"type":"Feature","properties":{"geoid":"06041124100","name":"Tiburon","city":"Tiburon","county":"Marin","centroid":[-122.48932690000002,37.90414673333333]},"geometry":{"type":"Polygon","coordinates":[[[-122.515576,37.902832],[-122.514025,37.90856],[-122.510585,37.907825],[-122.510785,37.909425],[-122.502985,37.909325],[-122.504885,37.911925],[-122.495936,37.911727],[-122.495713,37.915626],[-122.489184,37.915325],[-122.489084,37.917925],[-122.487186,37.918749],[-122.487916,37.919845],[-122.484594,37.920984],[-122.471143,37.920344],[-122.469939,37.913094],[-122.465801,37.904389],[-122.469484,37.904425],[-122.468882,37.903753],[-122.471683,37.902081],[-122.47637,37.903383],[-122.480653,37.902705],[-122.487793,37.898333],[-122.48727,37.895559],[-122.482419,37.891834],[-122.484226,37.891169],[-122.489902,37.879372],[-122.490184,37.875126],[-122.492784,37.875426],[-122.501133,37.894609],[-122.501687,37.898727],[-122.515576,37.902832]]]}},{"type":"Feature","properties":{"geoid":"06041132200","name":"Unincorporated Marin","city":"","county":"Marin","centroid":[-122.83791938787881,38.0466499030303]},"geometry":{"type":"Polygon","coordinates":[[[-123.027908,37.998376],[-123.022031,38.002648],[-123.018039,38.002427],[-123.016181,38.003576],[-123.001017,38.033241],[-122.972976,38.094915],[-122.973059,38.097329],[-122.962281,38.121237],[-122.960856,38.12898],[-122.953555,38.150672],[-122.953555,38.160486],[-122.958652,38.1689],[-122.958652,38.174507],[-122.965786,38.177713],[-122.970373,38.177913],[-122.972158,38.180717],[-122.971903,38.184123],[-122.969354,38.187127],[-122.971392,38.192535],[-122.970628,38.198744],[-122.984389,38.212165],[-122.986173,38.220377],[-122.991525,38.224984],[-122.998404,38.227188],[-122.999423,38.230593],[-122.997895,38.233397],[-123.000188,38.240007],[-122.998915,38.243212],[-122.99571,38.245412],[-122.985609,38.241662],[-122.982418,38.238898],[-122.978001,38.240167],[-122.971959,38.230469],[-122.95262,38.212813],[-122.932002,38.19792],[-122.899786,38.157736],[-122.881154,38.126921],[-122.852047,38.103766],[-122.839973,38.095956],[-122.828961,38.085073],[-122.825725,38.07758],[-122.821245,38.073799],[-122.820282,38.063185],[-122.812887,38.063174],[-122.80908,38.065283],[-122.805643,38.064634],[-122.799259,38.066774],[-122.798125,38.068911],[-122.798938,38.072861],[-122.794551,38.076465],[-122.789318,38.073266],[-122.78512,38.073216],[-122.784161,38.074182],[-122.784548,38.080666],[-122.782378,38.081791],[-122.779619,38.080999],[-122.77864,38.078571],[-122.771692,38.074667],[-122.769999,38.069931],[-122.773011,38.068224],[-122.771877,38.066652],[-122.768895,38.0669],[-122.7637,38.064657],[-122.758259,38.066449],[-122.754658,38.064976],[-122.746357,38.067874],[-122.741754,38.061706],[-122.736577,38.057606],[-122.727277,38.055661],[-122.723843,38.049805],[-122.712287,38.045138],[-122.711385,38.046846],[-122.712561,38.050115],[-122.711176,38.049273],[-122.708637,38.045369],[-122.710891,38.042402],[-122.709171,38.041217],[-122.709706,38.039715],[-122.701923,38.040539],[-122.698338,38.038928],[-122.698856,38.036732],[-122.697552,38.034034],[-122.700353,38.031516],[-122.716047,38.027576],[-122.716247,38.023466],[-122.710461,38.018486],[-122.708175,38.014816],[-122.707771,38.008883],[-122.715675,38.014474],[-122.723661,38.016834],[-122.716161,38.013934],[-122.712054,38.009812],[-122.711415,38.005664],[-122.708959,38.004535],[-122.708766,37.999088],[-122.709797,37.997952],[-122.715574,37.999898],[-122.716055,37.997885],[-122.7193,37.997351],[-122.720282,37.995985],[-122.715444,37.990231],[-122.713534,37.983792],[-122.710716,37.983998],[-122.705106,37.980506],[-122.703794,37.977402],[-122.696998,37.97205],[-122.694255,37.968136],[-122.699088,37.96464],[-122.707361,37.952813],[-122.709308,37.951538],[-122.713244,37.952391],[-122.710914,37.947872],[-122.708485,37.946634],[-122.714397,37.942425],[-122.713292,37.938279],[-122.715763,37.936232],[-122.714819,37.934566],[-122.718481,37.933362],[-122.724881,37.934535],[-122.742936,37.921288],[-122.745318,37.924055],[-122.753571,37.927614],[-122.756876,37.930448],[-122.768951,37.933507],[-122.774843,37.938835],[-122.780161,37.939062],[-122.784473,37.942689],[-122.788497,37.943028],[-122.790223,37.946089],[-122.791229,37.954589],[-122.802009,37.973062],[-122.810776,37.980202],[-122.817243,37.98179],[-122.824609,37.992236],[-122.831983,37.994341],[-122.835083,37.998722],[-122.859664,38.012702],[-122.87986,38.0205],[-122.905182,38.024409],[-122.924686,38.024814],[-122.929991,38.025892],[-122.933754,38.028856],[-122.95189,38.026027],[-122.958734,38.023601],[-122.962841,38.021848],[-122.974646,38.012549],[-122.980122,38.002575],[-122.978581,38.000688],[-122.975501,38.000284],[-122.973107,37.998262],[-122.965578,37.997588],[-122.963525,37.995431],[-122.96012,37.990503],[-122.962275,37.986376],[-122.964272,37.985823],[-122.9736,37.986053],[-122.97756,37.988858],[-122.986003,37.988336],[-122.990273,37.989896],[-123.004689,37.989061],[-123.010177,37.991296],[-123.016541,37.990256],[-123.025049,37.991302],[-123.027076,37.992081],[-123.028579,37.994598],[-123.027908,37.998376]]]}},{"type":"Feature","properties":{"geoid":"06041104102","name":"Canyon Green","city":"Novato","county":"Marin","centroid":[-122.56128972727271,38.09134781818181]},"geometry":{"type":"Polygon","coordinates":[[[-122.573201,38.103258],[-122.571203,38.105334],[-122.569721,38.102256],[-122.564325,38.097124],[-122.561555,38.096712],[-122.559458,38.092723],[-122.546156,38.080125],[-122.546867,38.077661],[-122.556623,38.077875],[-122.559615,38.08347],[-122.565463,38.088288],[-122.573201,38.103258]]]}},{"type":"Feature","properties":{"geoid":"06041104200","name":"Novato","city":"Novato","county":"Marin","centroid":[-122.57103233333332,38.065345666666666]},"geometry":{"type":"Polygon","coordinates":[[[-122.605849,38.058242],[-122.59746,38.067117],[-122.601213,38.07051],[-122.603717,38.076063],[-122.599908,38.076432],[-122.597414,38.07918],[-122.593995,38.080351],[-122.593336,38.083636],[-122.588971,38.085895],[-122.586592,38.085471],[-122.585811,38.078609],[-122.582455,38.076962],[-122.567839,38.074852],[-122.56137,38.069213],[-122.547176,38.068134],[-122.542188,38.065597],[-122.541786,38.064148],[-122.539572,38.064872],[-122.540745,38.065973],[-122.537292,38.066259],[-122.531849,38.06003],[-122.530479,38.055568],[-122.531797,38.048917],[-122.536415,38.04162],[-122.5543,38.046764],[-122.573043,38.045396],[-122.582918,38.048901],[-122.588327,38.049174],[-122.590376,38.052964],[-122.596777,38.05352],[-122.605849,38.058242]]]}},{"type":"Feature","properties":{"geoid":"06001402900","name":"Financial","city":"Oakland","county":"Alameda","centroid":[-122.26674150000001,37.807339]},"geometry":{"type":"Polygon","coordinates":[[[-122.271274,37.804361],[-122.266771,37.811553],[-122.262463,37.810945],[-122.266458,37.802497],[-122.271274,37.804361]]]}},{"type":"Feature","properties":{"geoid":"06001441924","name":"Niles Junction","city":"Fremont","county":"Alameda","centroid":[-121.97616411111113,37.56294166666666]},"geometry":{"type":"Polygon","coordinates":[[[-121.984122,37.568],[-121.968904,37.573771],[-121.961473,37.565571],[-121.972582,37.558299],[-121.976036,37.554114],[-121.981652,37.557002],[-121.978645,37.56175],[-121.979422,37.564199],[-121.982641,37.563769],[-121.984122,37.568]]]}},{"type":"Feature","properties":{"geoid":"06041128200","name":"Almonte","city":"Tamalpais-Homestead Valley","county":"Marin","centroid":[-122.54594255813953,37.89381006976744]},"geometry":{"type":"Polygon","coordinates":[[[-122.577022,37.910021],[-122.574164,37.907395],[-122.566984,37.905829],[-122.56691,37.903934],[-122.564436,37.903475],[-122.565085,37.90194],[-122.563055,37.902798],[-122.560113,37.901233],[-122.556358,37.902663],[-122.553458,37.901093],[-122.542435,37.899644],[-122.544163,37.897919],[-122.54247,37.898332],[-122.542038,37.896753],[-122.538364,37.896515],[-122.53168,37.893623],[-122.532838,37.892454],[-122.532055,37.891289],[-122.526978,37.889883],[-122.525994,37.887712],[-122.516523,37.881913],[-122.516204,37.880311],[-122.520521,37.880965],[-122.523178,37.879655],[-122.524819,37.881801],[-122.524682,37.884143],[-122.527635,37.884642],[-122.526744,37.885959],[-122.532364,37.887713],[-122.5341,37.88972],[-122.537405,37.886028],[-122.541347,37.888097],[-122.542121,37.885988],[-122.544739,37.888009],[-122.551219,37.887251],[-122.554558,37.883275],[-122.554685,37.888487],[-122.55896,37.8959],[-122.562449,37.898124],[-122.562951,37.899881],[-122.568462,37.90135],[-122.570352,37.904684],[-122.572912,37.905432],[-122.577022,37.910021]]]}},{"type":"Feature","properties":{"geoid":"06041122000","name":"Unincorporated Marin","city":"","county":"Marin","centroid":[-122.4919075,37.9413506]},"geometry":{"type":"Polygon","coordinates":[[[-122.499179,37.94228],[-122.493877,37.945984],[-122.492838,37.945694],[-122.492372,37.942797],[-122.484548,37.942036],[-122.484226,37.940559],[-122.489697,37.937035],[-122.492057,37.93921],[-122.49318,37.938396],[-122.497101,37.939515],[-122.499179,37.94228]]]}},{"type":"Feature","properties":{"geoid":"06041123000","name":"Belvedere","city":"Belvedere","county":"Marin","centroid":[-122.47093530769233,37.873239999999996]},"geometry":{"type":"Polygon","coordinates":[[[-122.488049,37.871057],[-122.480884,37.883526],[-122.482384,37.884126],[-122.478431,37.887659],[-122.472287,37.883274],[-122.466555,37.881553],[-122.460067,37.875925],[-122.459549,37.873811],[-122.451554,37.868245],[-122.457283,37.859227],[-122.463683,37.852327],[-122.472549,37.861964],[-122.488884,37.869426],[-122.488049,37.871057]]]}},{"type":"Feature","properties":{"geoid":"06041125000","name":"Almonte","city":"Strawberry","county":"Marin","centroid":[-122.50716583333333,37.89014233333333]},"geometry":{"type":"Polygon","coordinates":[[[-122.516627,37.888082],[-122.51558,37.902756],[-122.501687,37.898727],[-122.501133,37.894609],[-122.491384,37.872526],[-122.516584,37.884154],[-122.516627,37.888082]]]}},{"type":"Feature","properties":{"geoid":"06041115000","name":"Sleepy Hollow","city":"Sleepy Hollow","county":"Marin","centroid":[-122.58715279310344,38.00643010344827]},"geometry":{"type":"Polygon","coordinates":[[[-122.61316,38.018173],[-122.612846,38.022998],[-122.607738,38.026485],[-122.599046,38.027361],[-122.598754,38.028744],[-122.596777,38.029232],[-122.5882,38.026021],[-122.589722,38.023829],[-122.570971,38.009601],[-122.557517,37.993723],[-122.558318,37.98954],[-122.561887,37.989311],[-122.563897,37.987472],[-122.561069,37.985727],[-122.559049,37.986428],[-122.560139,37.982267],[-122.565118,37.980028],[-122.575808,37.986189],[-122.581887,37.986646],[-122.586931,37.999388],[-122.58506,38.004983],[-122.595472,38.008403],[-122.599732,38.008147],[-122.602737,38.009932],[-122.602028,38.011001],[-122.607479,38.0132],[-122.609278,38.016731],[-122.608013,38.016863],[-122.608798,38.01805],[-122.61316,38.018173]]]}},{"type":"Feature","properties":{"geoid":"06041103200","name":"Canyon Green","city":"Novato","county":"Marin","centroid":[-122.58427844444446,38.094965888888886]},"geometry":{"type":"Polygon","coordinates":[[[-122.602339,38.095787],[-122.590988,38.111636],[-122.573552,38.103585],[-122.570114,38.098153],[-122.57288,38.094304],[-122.578795,38.089672],[-122.58692,38.085379],[-122.589976,38.085668],[-122.592942,38.090509],[-122.602339,38.095787]]]}},{"type":"Feature","properties":{"geoid":"06041101100","name":"Unincorporated Marin","city":"","county":"Marin","centroid":[-122.54328885000004,38.137712333333326]},"geometry":{"type":"Polygon","coordinates":[[[-122.600902,38.185282],[-122.592601,38.188775],[-122.591145,38.185992],[-122.586623,38.187842],[-122.5833,38.186975],[-122.582118,38.18802],[-122.581957,38.186172],[-122.578201,38.183583],[-122.573237,38.183299],[-122.570693,38.183518],[-122.573191,38.186318],[-122.570591,38.187117],[-122.568933,38.184524],[-122.565282,38.182714],[-122.568493,38.177018],[-122.564463,38.175081],[-122.563193,38.169318],[-122.559243,38.168619],[-122.554321,38.170112],[-122.55198,38.169001],[-122.557992,38.16353],[-122.557916,38.160158],[-122.549615,38.15729],[-122.544473,38.158716],[-122.534828,38.149202],[-122.521094,38.141512],[-122.514014,38.133783],[-122.511291,38.124919],[-122.506858,38.116656],[-122.49996,38.111545],[-122.483997,38.107784],[-122.482661,38.099174],[-122.487164,38.099271],[-122.489474,38.09502],[-122.493816,38.092178],[-122.493776,38.094321],[-122.496535,38.093371],[-122.50241,38.089634],[-122.506134,38.085042],[-122.512263,38.085302],[-122.514809,38.091066],[-122.516477,38.091749],[-122.519495,38.090927],[-122.52318,38.087641],[-122.528482,38.087735],[-122.52823,38.081531],[-122.533847,38.084311],[-122.534826,38.087356],[-122.511771,38.105476],[-122.518471,38.10489],[-122.526313,38.106733],[-122.549191,38.118117],[-122.560929,38.116461],[-122.564946,38.117622],[-122.565896,38.124383],[-122.5636,38.131952],[-122.56439,38.143976],[-122.568906,38.157449],[-122.578964,38.166175],[-122.59787,38.179502],[-122.600902,38.185282]]]}},{"type":"Feature","properties":{"geoid":"06041119100","name":"Kentfield","city":"Kentfield","county":"Marin","centroid":[-122.55130577419355,37.94944693548387]},"geometry":{"type":"Polygon","coordinates":[[[-122.571021,37.948465],[-122.568602,37.950999],[-122.569205,37.952833],[-122.565963,37.956076],[-122.557961,37.955262],[-122.556076,37.957542],[-122.553305,37.958164],[-122.553734,37.958984],[-122.55102,37.961329],[-122.548099,37.959773],[-122.544396,37.96332],[-122.540356,37.96382],[-122.532533,37.959968],[-122.538192,37.952954],[-122.533686,37.95054],[-122.537249,37.94839],[-122.537246,37.945698],[-122.538543,37.944499],[-122.53958,37.947159],[-122.544943,37.949002],[-122.545791,37.95161],[-122.549668,37.95077],[-122.549269,37.948564],[-122.551074,37.947932],[-122.542572,37.935484],[-122.552308,37.933387],[-122.553027,37.926011],[-122.563274,37.935512],[-122.566463,37.935261],[-122.565667,37.939318],[-122.569656,37.944229],[-122.571021,37.948465]]]}},{"type":"Feature","properties":{"geoid":"06001440100","name":"Union","city":"Union","county":"Alameda","centroid":[-121.98381788888888,37.61991641666667]},"geometry":{"type":"Polygon","coordinates":[[[-122.030028,37.628855],[-122.024962,37.628396],[-122.022917,37.632207],[-122.019208,37.633454],[-122.010764,37.630065],[-122.006842,37.627102],[-122.002498,37.627151],[-121.997683,37.631102],[-121.991737,37.630345],[-121.989968,37.633777],[-121.983154,37.634586],[-121.978277,37.639418],[-121.966763,37.643185],[-121.960019,37.636727],[-121.954658,37.635887],[-121.944513,37.627239],[-121.943257,37.624172],[-121.943459,37.618415],[-121.945101,37.616631],[-121.941008,37.613827],[-121.941192,37.612045],[-121.945305,37.609369],[-121.945545,37.606696],[-121.94823,37.603644],[-121.945897,37.598019],[-121.951652,37.597529],[-121.957637,37.589487],[-121.978365,37.606679],[-122.001372,37.589602],[-122.020037,37.606243],[-122.016499,37.608537],[-122.016794,37.614257],[-122.01787,37.616604],[-122.022558,37.619995],[-122.023647,37.622968],[-122.028028,37.622776],[-122.030028,37.628855]]]}},{"type":"Feature","properties":{"geoid":"06001451601","name":"Portola Glen","city":"Livermore","county":"Alameda","centroid":[-121.76255469999998,37.6762652]},"geometry":{"type":"Polygon","coordinates":[[[-121.772433,37.683644],[-121.762427,37.68618],[-121.765727,37.684338],[-121.761906,37.685177],[-121.761236,37.684325],[-121.765519,37.680149],[-121.749722,37.670019],[-121.74978,37.656642],[-121.768068,37.65663],[-121.768729,37.675548],[-121.772433,37.683644]]]}},{"type":"Feature","properties":{"geoid":"06041121100","name":"Corte Madera","city":"Corte Madera","county":"Marin","centroid":[-122.5253176842105,37.92733642105264]},"geometry":{"type":"Polygon","coordinates":[[[-122.539739,37.92516],[-122.536095,37.924148],[-122.535017,37.926839],[-122.530581,37.927685],[-122.531959,37.92933],[-122.527155,37.929343],[-122.524854,37.931151],[-122.527215,37.932254],[-122.527176,37.93389],[-122.520775,37.934433],[-122.521295,37.937506],[-122.515882,37.940401],[-122.516694,37.936192],[-122.515335,37.928642],[-122.511017,37.917843],[-122.513986,37.90865],[-122.518349,37.917758],[-122.528294,37.916044],[-122.539618,37.922123],[-122.539739,37.92516]]]}},{"type":"Feature","properties":{"geoid":"06041126100","name":"Mill Valley","city":"Mill Valley","county":"Marin","centroid":[-122.54015396666668,37.91047676666666]},"geometry":{"type":"Polygon","coordinates":[[[-122.560415,37.930606],[-122.558195,37.930345],[-122.549138,37.923745],[-122.548397,37.925417],[-122.546458,37.925909],[-122.544541,37.923489],[-122.536989,37.921296],[-122.533243,37.917821],[-122.528294,37.916044],[-122.525538,37.916869],[-122.528453,37.910253],[-122.527994,37.907846],[-122.528936,37.907114],[-122.526875,37.903979],[-122.529834,37.898338],[-122.530039,37.89285],[-122.532838,37.892454],[-122.53168,37.893623],[-122.534415,37.895321],[-122.536697,37.895046],[-122.540011,37.899345],[-122.543333,37.900644],[-122.540311,37.902283],[-122.542098,37.905221],[-122.543993,37.905235],[-122.544089,37.907414],[-122.54689,37.907348],[-122.551411,37.912591],[-122.554392,37.92008],[-122.559122,37.925777],[-122.560415,37.930606]]]}},{"type":"Feature","properties":{"geoid":"06085509401","name":"Charleston Meadows","city":"Palo Alto","county":"Santa Clara","centroid":[-122.11437275,37.407065]},"geometry":{"type":"Polygon","coordinates":[[[-122.120004,37.406351],[-122.115637,37.412699],[-122.10831,37.40808],[-122.11354,37.40113],[-122.120004,37.406351]]]}},{"type":"Feature","properties":{"geoid":"06085509403","name":"Castro","city":"Mountain View","county":"Santa Clara","centroid":[-122.09689225,37.3981025]},"geometry":{"type":"Polygon","coordinates":[[[-122.10193,37.39575],[-122.09747,37.40298],[-122.091716,37.400694],[-122.096453,37.392986],[-122.10193,37.39575]]]}},{"type":"Feature","properties":{"geoid":"06085509404","name":"Castro","city":"Mountain View","county":"Santa Clara","centroid":[-122.105325,37.401970000000006]},"geometry":{"type":"Polygon","coordinates":[[[-122.11354,37.40113],[-122.10831,37.40808],[-122.09747,37.40298],[-122.10198,37.39569],[-122.11354,37.40113]]]}},{"type":"Feature","properties":{"geoid":"06085509500","name":"Castro","city":"Mountain View","county":"Santa Clara","centroid":[-122.08964600000002,37.394626]},"geometry":{"type":"Polygon","coordinates":[[[-122.096364,37.393053],[-122.091716,37.400694],[-122.082194,37.396917],[-122.08831,37.38784],[-122.096364,37.393053]]]}},{"type":"Feature","properties":{"geoid":"06085512005","name":"Branham","city":"San Jose","county":"Santa Clara","centroid":[-121.866355375,37.26900762500001]},"geometry":{"type":"Polygon","coordinates":[[[-121.878139,37.271836],[-121.876533,37.275731],[-121.852166,37.274555],[-121.85157,37.267102],[-121.852474,37.265664],[-121.866277,37.265623],[-121.875611,37.263275],[-121.878073,37.268275],[-121.878139,37.271836]]]}},{"type":"Feature","properties":{"geoid":"06085509600","name":"Whisman Station","city":"Mountain View","county":"Santa Clara","centroid":[-122.07723057142859,37.39046157142858]},"geometry":{"type":"Polygon","coordinates":[[[-122.08828,37.38793],[-122.082194,37.396917],[-122.06857,37.39148],[-122.07143,37.392],[-122.07291,37.38969],[-122.07648,37.391094],[-122.08075,37.38412],[-122.08828,37.38793]]]}},{"type":"Feature","properties":{"geoid":"06085509700","name":"Whisman Station","city":"Mountain View","county":"Santa Clara","centroid":[-122.07298150000001,37.387722]},"geometry":{"type":"Polygon","coordinates":[[[-122.080708,37.384256],[-122.07648,37.391094],[-122.07291,37.38969],[-122.07143,37.392],[-122.0686,37.39116],[-122.067761,37.378132],[-122.080708,37.384256]]]}},{"type":"Feature","properties":{"geoid":"06085509802","name":"Whisman Station","city":"Mountain View","county":"Santa Clara","centroid":[-122.08273240000001,37.3792798]},"geometry":{"type":"Polygon","coordinates":[[[-122.08702,37.37368],[-122.08698,37.38093],[-122.08397,37.3857],[-122.077786,37.38264],[-122.077906,37.373449],[-122.08702,37.37368]]]}},{"type":"Feature","properties":{"geoid":"06085509901","name":"Mountain View","city":"Mountain View","county":"Santa Clara","centroid":[-122.08787883333332,37.36855683333333]},"geometry":{"type":"Polygon","coordinates":[[[-122.09603,37.36722],[-122.09594,37.37368],[-122.077906,37.373449],[-122.07786,37.3651],[-122.08977,37.36504],[-122.089767,37.366852],[-122.09603,37.36722]]]}},{"type":"Feature","properties":{"geoid":"06041106002","name":"Santa Venetia","city":"Santa Venetia","county":"Marin","centroid":[-122.50147585714288,38.00393428571429]},"geometry":{"type":"Polygon","coordinates":[[[-122.537442,38.001561],[-122.531373,38.00722],[-122.526386,38.017685],[-122.523822,38.016642],[-122.521392,38.019299],[-122.515546,38.020939],[-122.512428,38.019869],[-122.510354,38.016797],[-122.507995,38.015947],[-122.485361,38.01716],[-122.478783,38.01151],[-122.459544,38.006709],[-122.457833,38.002835],[-122.451165,37.998381],[-122.45647,37.996874],[-122.465251,38.00043],[-122.475109,38.002268],[-122.487865,37.995763],[-122.495522,37.997674],[-122.501338,37.99683],[-122.502976,37.99854],[-122.508034,37.99588],[-122.511854,37.996723],[-122.518159,37.99135],[-122.521933,37.991315],[-122.522571,37.99285],[-122.525741,37.990508],[-122.529077,37.990601],[-122.537442,38.001561]]]}},{"type":"Feature","properties":{"geoid":"06041129000","name":"Marin","city":"Marin","county":"Marin","centroid":[-122.51123355555556,37.868324111111114]},"geometry":{"type":"Polygon","coordinates":[[[-122.520321,37.870624],[-122.519071,37.876401],[-122.511822,37.87555],[-122.511366,37.87187],[-122.507114,37.871636],[-122.506932,37.865044],[-122.505067,37.862095],[-122.508418,37.858939],[-122.510991,37.862758],[-122.520321,37.870624]]]}},{"type":"Feature","properties":{"geoid":"06041132100","name":"Unincorporated Marin","city":"","county":"Marin","centroid":[-122.66826122580642,37.922104677419355]},"geometry":{"type":"Polygon","coordinates":[[[-122.741858,37.922113],[-122.724881,37.934535],[-122.718481,37.933362],[-122.714819,37.934566],[-122.715763,37.936232],[-122.713292,37.938279],[-122.714397,37.942425],[-122.708485,37.946634],[-122.710914,37.947872],[-122.713244,37.952391],[-122.709308,37.951538],[-122.707361,37.952813],[-122.699088,37.96464],[-122.694255,37.968136],[-122.684021,37.961857],[-122.682613,37.959732],[-122.683383,37.957855],[-122.68055,37.955032],[-122.676739,37.953546],[-122.67603,37.951323],[-122.673434,37.951668],[-122.668955,37.948945],[-122.669011,37.947125],[-122.663147,37.945297],[-122.658451,37.94057],[-122.656745,37.936895],[-122.646401,37.933743],[-122.640318,37.924588],[-122.629967,37.920363],[-122.628761,37.916589],[-122.624605,37.912853],[-122.625575,37.911458],[-122.618982,37.909173],[-122.612755,37.910511],[-122.614818,37.907217],[-122.614188,37.904522],[-122.613632,37.906783],[-122.611343,37.907479],[-122.607951,37.906482],[-122.605015,37.903852],[-122.604062,37.904336],[-122.604926,37.903259],[-122.610125,37.904796],[-122.608779,37.901825],[-122.61294,37.896502],[-122.619119,37.893206],[-122.624136,37.88749],[-122.634053,37.883072],[-122.640109,37.890494],[-122.6463,37.894537],[-122.656331,37.898916],[-122.667217,37.901527],[-122.680025,37.902285],[-122.694752,37.895968],[-122.699247,37.890369],[-122.703089,37.889863],[-122.712162,37.89239],[-122.713871,37.894664],[-122.732123,37.898959],[-122.735431,37.903675],[-122.736927,37.910075],[-122.742936,37.921288],[-122.741858,37.922113]]]}},{"type":"Feature","properties":{"geoid":"06041102100","name":"Novato","city":"Novato","county":"Marin","centroid":[-122.58939261111112,38.129478277777785]},"geometry":{"type":"Polygon","coordinates":[[[-122.618486,38.120723],[-122.616751,38.125209],[-122.614721,38.126066],[-122.608904,38.138779],[-122.608794,38.147819],[-122.592104,38.145889],[-122.580488,38.136284],[-122.577759,38.138402],[-122.569835,38.136455],[-122.565256,38.134903],[-122.56417,38.131765],[-122.565896,38.124383],[-122.564946,38.117622],[-122.571687,38.121263],[-122.583742,38.121292],[-122.588779,38.124574],[-122.606983,38.121259],[-122.609766,38.117922],[-122.618486,38.120723]]]}},{"type":"Feature","properties":{"geoid":"06085508602","name":"Sunnyvale","city":"Sunnyvale","county":"Santa Clara","centroid":[-122.029278,37.371786]},"geometry":{"type":"Polygon","coordinates":[[[-122.03705,37.36918],[-122.0336,37.37957],[-122.02047,37.37527],[-122.02305,37.36733],[-122.03222,37.36758],[-122.03705,37.36918]]]}},{"type":"Feature","properties":{"geoid":"06085509902","name":"Mountain View","city":"Mountain View","county":"Santa Clara","centroid":[-122.06873240000002,37.36853980000001]},"geometry":{"type":"Polygon","coordinates":[[[-122.077915,37.373387],[-122.077786,37.38264],[-122.067761,37.378132],[-122.06771,37.37336],[-122.06307,37.36494],[-122.062938,37.363604],[-122.064984,37.363605],[-122.0637,37.36308],[-122.06369,37.36137],[-122.07777,37.36128],[-122.077915,37.373387]]]}},{"type":"Feature","properties":{"geoid":"06075026201","name":"Ocean View","city":"San Francisco","county":"San Francisco","centroid":[-122.45797016666666,37.710037500000006]},"geometry":{"type":"Polygon","coordinates":[[[-122.468939,37.708232],[-122.465994,37.710154],[-122.456339,37.710832],[-122.452884,37.712829],[-122.449309,37.709946],[-122.454356,37.708232],[-122.468939,37.708232]]]}},{"type":"Feature","properties":{"geoid":"06075026202","name":"Outer Mission","city":"San Francisco","county":"San Francisco","centroid":[-122.4486565,37.71345425]},"geometry":{"type":"Polygon","coordinates":[[[-122.452884,37.712829],[-122.448727,37.71745],[-122.443706,37.713592],[-122.449309,37.709946],[-122.452884,37.712829]]]}},{"type":"Feature","properties":{"geoid":"06075012405","name":"Civic Center","city":"San Francisco","county":"San Francisco","centroid":[-122.4168135,37.779722500000005]},"geometry":{"type":"Polygon","coordinates":[[[-122.420689,37.781955],[-122.413866,37.781863],[-122.413365,37.779862],[-122.419334,37.77521],[-122.420689,37.781955]]]}},{"type":"Feature","properties":{"geoid":"06075020101","name":"Hayes Valley","city":"San Francisco","county":"San Francisco","centroid":[-122.42041075,37.770264499999996]},"geometry":{"type":"Polygon","coordinates":[[[-122.42262,37.772503],[-122.419334,37.77521],[-122.417645,37.766805],[-122.422044,37.76654],[-122.42262,37.772503]]]}},{"type":"Feature","properties":{"geoid":"06075017603","name":"Civic Center","city":"San Francisco","county":"San Francisco","centroid":[-122.41375483333333,37.77702266666667]},"geometry":{"type":"Polygon","coordinates":[[[-122.418704,37.775645],[-122.414782,37.778744],[-122.413158,37.777457],[-122.410937,37.779212],[-122.409387,37.777977],[-122.415561,37.773101],[-122.418704,37.775645]]]}},{"type":"Feature","properties":{"geoid":"06075017803","name":"West SoMa","city":"San Francisco","county":"San Francisco","centroid":[-122.41204075,37.773427999999996]},"geometry":{"type":"Polygon","coordinates":[[[-122.415561,37.773101],[-122.411606,37.776221],[-122.408516,37.77376],[-122.41248,37.77063],[-122.415561,37.773101]]]}},{"type":"Feature","properties":{"geoid":"06075012503","name":"Tenderloin","city":"San Francisco","county":"San Francisco","centroid":[-122.41054133333331,37.783688500000004]},"geometry":{"type":"Polygon","coordinates":[[[-122.414054,37.782794],[-122.410765,37.783214],[-122.41114,37.785075],[-122.407853,37.785492],[-122.407451,37.784604],[-122.411985,37.780952],[-122.414054,37.782794]]]}},{"type":"Feature","properties":{"geoid":"06075017804","name":"West SoMa","city":"San Francisco","county":"San Francisco","centroid":[-122.40672450000001,37.77762825]},"geometry":{"type":"Polygon","coordinates":[[[-122.411606,37.776221],[-122.404933,37.7815],[-122.401843,37.779032],[-122.408516,37.77376],[-122.411606,37.776221]]]}},{"type":"Feature","properties":{"geoid":"06081605700","name":"Hillsborough","city":"Hillsborough","county":"San Mateo","centroid":[-122.34735296551725,37.546345103448274]},"geometry":{"type":"Polygon","coordinates":[[[-122.372506,37.547336],[-122.370739,37.548547],[-122.365706,37.545362],[-122.36207,37.54876],[-122.361592,37.551859],[-122.359648,37.551789],[-122.356284,37.554466],[-122.360211,37.551954],[-122.355081,37.55608],[-122.352714,37.56089],[-122.337165,37.567994],[-122.329176,37.562102],[-122.339468,37.552728],[-122.340607,37.549892],[-122.337852,37.546084],[-122.332504,37.55059],[-122.328455,37.548581],[-122.332575,37.544173],[-122.33019,37.541278],[-122.335226,37.538015],[-122.338697,37.540598],[-122.34118,37.538459],[-122.337264,37.535336],[-122.341579,37.531735],[-122.345723,37.539696],[-122.34992,37.540813],[-122.348966,37.535681],[-122.350924,37.533042],[-122.359214,37.530168],[-122.372506,37.547336]]]}},{"type":"Feature","properties":{"geoid":"06085508403","name":"Sunnyvale","city":"Sunnyvale","county":"Santa Clara","centroid":[-122.043216,37.35565]},"geometry":{"type":"Polygon","coordinates":[[[-122.05055,37.35577],[-122.05021,37.35942],[-122.03236,37.35895],[-122.03242,37.35204],[-122.05054,37.35207],[-122.05055,37.35577]]]}},{"type":"Feature","properties":{"geoid":"06075017602","name":"West SoMa","city":"San Francisco","county":"San Francisco","centroid":[-122.40802316666668,37.78157016666667]},"geometry":{"type":"Polygon","coordinates":[[[-122.410937,37.779212],[-122.408709,37.780971],[-122.410336,37.782245],[-122.406062,37.785757],[-122.402708,37.783259],[-122.409387,37.777977],[-122.410937,37.779212]]]}},{"type":"Feature","properties":{"geoid":"06075061503","name":"Transbay","city":"San Francisco","county":"San Francisco","centroid":[-122.3964855,37.78572175]},"geometry":{"type":"Polygon","coordinates":[[[-122.400468,37.78503],[-122.395151,37.789235],[-122.392937,37.786068],[-122.397386,37.782554],[-122.400468,37.78503]]]}},{"type":"Feature","properties":{"geoid":"06075060703","name":"Mission Bay","city":"San Francisco","county":"San Francisco","centroid":[-122.39660371428572,37.774930999999995]},"geometry":{"type":"Polygon","coordinates":[[[-122.400982,37.774809],[-122.398755,37.776568],[-122.397206,37.775332],[-122.39275,37.778852],[-122.390215,37.776723],[-122.39792,37.769884],[-122.398398,37.772349],[-122.400982,37.774809]]]}},{"type":"Feature","properties":{"geoid":"06075061402","name":"Potrero Terrace","city":"San Francisco","county":"San Francisco","centroid":[-122.3948038,37.756009999999996]},"geometry":{"type":"Polygon","coordinates":[[[-122.398216,37.759909],[-122.392256,37.760257],[-122.391231,37.75263],[-122.394587,37.752427],[-122.397729,37.754827],[-122.398216,37.759909]]]}},{"type":"Feature","properties":{"geoid":"06075061502","name":"South Beach","city":"San Francisco","county":"San Francisco","centroid":[-122.39259983333334,37.78223533333333]},"geometry":{"type":"Polygon","coordinates":[[[-122.397386,37.782554],[-122.395161,37.784311],[-122.392077,37.781846],[-122.389846,37.783609],[-122.388379,37.78224],[-122.39275,37.778852],[-122.397386,37.782554]]]}},{"type":"Feature","properties":{"geoid":"06075017903","name":"San Francisco","city":"San Francisco","county":"San Francisco","centroid":[-122.3831610909091,37.821011818181816]},"geometry":{"type":"MultiPolygon","coordinates":[[[[-122.332348,37.78237],[-122.331536,37.786942],[-122.327917,37.781202],[-122.332348,37.78237]]],[[[-122.379789,37.832306],[-122.373899,37.834685],[-122.364797,37.832484],[-122.357181,37.813148],[-122.357649,37.80811],[-122.360993,37.804833],[-122.367929,37.805063],[-122.37378,37.808389],[-122.375149,37.810649],[-122.37378,37.814517],[-122.381693,37.826713],[-122.379789,37.832306]]],[[[-122.420137,37.863155],[-122.418736,37.861959],[-122.419907,37.860579],[-122.420137,37.863155]]],[[[-122.426463,37.82881],[-122.424143,37.829286],[-122.420513,37.82765],[-122.419234,37.8253],[-122.421971,37.82411],[-122.426463,37.82881]]]]}},{"type":"Feature","properties":{"geoid":"06075045201","name":"Inner Richmond","city":"San Francisco","county":"San Francisco","centroid":[-122.46960349999999,37.77704425]},"geometry":{"type":"Polygon","coordinates":[[[-122.472264,37.780747],[-122.467492,37.780938],[-122.466952,37.773351],[-122.471706,37.773141],[-122.472264,37.780747]]]}},{"type":"Feature","properties":{"geoid":"06075035102","name":"Sunset","city":"San Francisco","county":"San Francisco","centroid":[-122.49917783333335,37.75323783333334]},"geometry":{"type":"Polygon","coordinates":[[[-122.502582,37.7587],[-122.495692,37.759001],[-122.495165,37.751543],[-122.499914,37.751334],[-122.499784,37.749472],[-122.50193,37.749377],[-122.502582,37.7587]]]}},{"type":"Feature","properties":{"geoid":"06075980600","name":"Hunters Point","city":"San Francisco","county":"San Francisco","centroid":[-122.37577341666668,37.724483333333325]},"geometry":{"type":"Polygon","coordinates":[[[-122.386936,37.724245],[-122.382176,37.722246],[-122.377833,37.72656],[-122.379697,37.727618],[-122.378542,37.728942],[-122.373766,37.728005],[-122.365822,37.737123],[-122.356559,37.729657],[-122.360381,37.708331],[-122.381295,37.718783],[-122.383397,37.720353],[-122.382877,37.721937],[-122.386936,37.724245]]]}},{"type":"Feature","properties":{"geoid":"06081606800","name":"San Mateo","city":"San Mateo","county":"San Mateo","centroid":[-122.33881837500002,37.5317735]},"geometry":{"type":"Polygon","coordinates":[[[-122.350301,37.532533],[-122.348966,37.535681],[-122.34992,37.540813],[-122.345723,37.539696],[-122.341579,37.531735],[-122.337264,37.535336],[-122.34118,37.538459],[-122.338697,37.540598],[-122.335226,37.538015],[-122.330196,37.541269],[-122.329148,37.535281],[-122.332738,37.522434],[-122.32913,37.516563],[-122.330051,37.512729],[-122.339785,37.521388],[-122.34119,37.525846],[-122.350301,37.532533]]]}},{"type":"Feature","properties":{"geoid":"06085506804","name":"Los Gatos","city":"Los Gatos","county":"Santa Clara","centroid":[-121.933077125,37.240871125]},"geometry":{"type":"Polygon","coordinates":[[[-121.946165,37.243564],[-121.933314,37.243419],[-121.93321,37.24017],[-121.93114,37.24023],[-121.931241,37.243419],[-121.922654,37.243488],[-121.922611,37.236187],[-121.944282,37.236492],[-121.946165,37.243564]]]}},{"type":"Feature","properties":{"geoid":"06081606000","name":"San Mateo","city":"San Mateo","county":"San Mateo","centroid":[-122.33163833333332,37.58113983333333]},"geometry":{"type":"Polygon","coordinates":[[[-122.338679,37.577496],[-122.330827,37.582981],[-122.334733,37.586644],[-122.330197,37.585501],[-122.324728,37.580355],[-122.330666,37.573862],[-122.338679,37.577496]]]}},{"type":"Feature","properties":{"geoid":"06081609100","name":"San Carlos","city":"San Carlos","county":"San Mateo","centroid":[-122.25201153846155,37.50978038461539]},"geometry":{"type":"Polygon","coordinates":[[[-122.272535,37.519002],[-122.267923,37.523798],[-122.262565,37.519199],[-122.260805,37.520656],[-122.254536,37.515238],[-122.248605,37.518148],[-122.248554,37.512677],[-122.245008,37.507336],[-122.246858,37.505555],[-122.238135,37.498146],[-122.241252,37.498208],[-122.245134,37.495112],[-122.24424,37.49407],[-122.272535,37.519002]]]}},{"type":"Feature","properties":{"geoid":"06081610304","name":"Redwood","city":"Redwood","county":"San Mateo","centroid":[-122.25527294117646,37.527227294117644]},"geometry":{"type":"Polygon","coordinates":[[[-122.27,37.529858],[-122.267925,37.530658],[-122.266332,37.533894],[-122.260801,37.533651],[-122.260732,37.538763],[-122.258462,37.541183],[-122.251933,37.540409],[-122.242196,37.533358],[-122.250568,37.526177],[-122.250517,37.524403],[-122.245884,37.521537],[-122.247659,37.517424],[-122.248602,37.516493],[-122.248605,37.518148],[-122.25029,37.518116],[-122.254536,37.515238],[-122.264598,37.523554],[-122.27,37.529858]]]}},{"type":"Feature","properties":{"geoid":"06081606100","name":"San Mateo","city":"San Mateo","county":"San Mateo","centroid":[-122.30991020000002,37.5820715]},"geometry":{"type":"Polygon","coordinates":[[[-122.334711,37.586736],[-122.333032,37.587885],[-122.333434,37.596301],[-122.330392,37.593109],[-122.321468,37.596207],[-122.312891,37.596328],[-122.30952,37.589976],[-122.310184,37.584555],[-122.304212,37.579862],[-122.294919,37.579255],[-122.293132,37.577231],[-122.288414,37.579442],[-122.288366,37.570554],[-122.294323,37.570578],[-122.296958,37.571693],[-122.29686,37.575468],[-122.302342,37.575875],[-122.309361,37.574465],[-122.314094,37.57083],[-122.329591,37.58508],[-122.334711,37.586736]]]}},{"type":"Feature","properties":{"geoid":"06081606300","name":"San Mateo","city":"San Mateo","county":"San Mateo","centroid":[-122.320017,37.56526916666666]},"geometry":{"type":"Polygon","coordinates":[[[-122.329855,37.567094],[-122.325816,37.569894],[-122.323295,37.567591],[-122.321749,37.568659],[-122.318556,37.565748],[-122.31295,37.56956],[-122.308733,37.565871],[-122.315944,37.560854],[-122.317389,37.562179],[-122.319361,37.56082],[-122.322077,37.563315],[-122.324479,37.561645],[-122.329855,37.567094]]]}},{"type":"Feature","properties":{"geoid":"06081606400","name":"San Mateo","city":"San Mateo","county":"San Mateo","centroid":[-122.32526721428572,37.56157678571429]},"geometry":{"type":"Polygon","coordinates":[[[-122.336243,37.567579],[-122.334199,37.569387],[-122.324479,37.561645],[-122.322077,37.563315],[-122.319361,37.56082],[-122.317389,37.562179],[-122.31538,37.560337],[-122.319643,37.557271],[-122.320801,37.55817],[-122.324791,37.554365],[-122.328995,37.56034],[-122.3307,37.560624],[-122.329176,37.562102],[-122.330507,37.563941],[-122.336243,37.567579]]]}},{"type":"Feature","properties":{"geoid":"06081603900","name":"San Bruno","city":"San Bruno","county":"San Mateo","centroid":[-122.41455328571428,37.61212121428572]},"geometry":{"type":"Polygon","coordinates":[[[-122.428421,37.606585],[-122.424779,37.614215],[-122.424485,37.617695],[-122.412646,37.622993],[-122.406072,37.614982],[-122.405281,37.613604],[-122.406302,37.612633],[-122.403829,37.61012],[-122.409141,37.607967],[-122.406041,37.612225],[-122.409266,37.614052],[-122.420723,37.609223],[-122.420565,37.608329],[-122.426195,37.605074],[-122.428421,37.606585]]]}},{"type":"Feature","properties":{"geoid":"06081613200","name":"Westridge","city":"Portola Valley","county":"San Mateo","centroid":[-122.21932443859644,37.37894403508771]},"geometry":{"type":"Polygon","coordinates":[[[-122.253876,37.373498],[-122.253305,37.375233],[-122.247616,37.379576],[-122.24511,37.38539],[-122.239466,37.389908],[-122.234709,37.384278],[-122.234007,37.387083],[-122.225574,37.380203],[-122.223299,37.381543],[-122.226535,37.383042],[-122.225741,37.384504],[-122.227156,37.385235],[-122.227053,37.386936],[-122.233942,37.39365],[-122.234404,37.396453],[-122.233171,37.397256],[-122.236175,37.397452],[-122.236804,37.399975],[-122.237473,37.399288],[-122.245066,37.402429],[-122.24538,37.407915],[-122.240461,37.411877],[-122.243803,37.420101],[-122.241119,37.42193],[-122.239822,37.421242],[-122.23592,37.425351],[-122.229442,37.424802],[-122.22254,37.41982],[-122.214828,37.418266],[-122.207902,37.413365],[-122.201113,37.411072],[-122.192365,37.413868],[-122.19454,37.407934],[-122.192606,37.404187],[-122.191848,37.397187],[-122.190016,37.394857],[-122.190505,37.385253],[-122.200706,37.371964],[-122.202467,37.360272],[-122.196064,37.35131],[-122.195864,37.348162],[-122.194164,37.345668],[-122.185954,37.338701],[-122.182844,37.33297],[-122.175075,37.325741],[-122.178546,37.325158],[-122.183038,37.327314],[-122.186516,37.322031],[-122.192513,37.318795],[-122.204895,37.324746],[-122.216982,37.335278],[-122.217746,37.34013],[-122.228102,37.344698],[-122.231632,37.348523],[-122.239205,37.35119],[-122.246842,37.357905],[-122.247646,37.367295],[-122.253876,37.373498]]]}},{"type":"Feature","properties":{"geoid":"06081610202","name":"Redwood","city":"Redwood","county":"San Mateo","centroid":[-122.23196644444442,37.49048922222222]},"geometry":{"type":"Polygon","coordinates":[[[-122.240528,37.489817],[-122.23858,37.491624],[-122.23467,37.488203],[-122.231769,37.490316],[-122.24054,37.497775],[-122.238135,37.498146],[-122.214655,37.488869],[-122.221747,37.489404],[-122.227074,37.480249],[-122.240528,37.489817]]]}},{"type":"Feature","properties":{"geoid":"06081603400","name":"Linda Mar","city":"Pacifica","county":"San Mateo","centroid":[-122.46850624324324,37.59100302702702]},"geometry":{"type":"Polygon","coordinates":[[[-122.482606,37.5989],[-122.475384,37.603539],[-122.47159,37.608824],[-122.468548,37.608446],[-122.470961,37.609421],[-122.468171,37.613458],[-122.471693,37.613736],[-122.466685,37.617735],[-122.463885,37.618635],[-122.460685,37.617535],[-122.461185,37.619135],[-122.451598,37.618134],[-122.443921,37.593616],[-122.463073,37.584593],[-122.459763,37.584472],[-122.459658,37.578139],[-122.450982,37.578041],[-122.450871,37.570543],[-122.459386,37.570737],[-122.459486,37.566364],[-122.463988,37.56634],[-122.464039,37.570096],[-122.472787,37.570094],[-122.472941,37.573567],[-122.476411,37.574044],[-122.47157,37.577917],[-122.472806,37.579557],[-122.475177,37.578423],[-122.476702,37.580333],[-122.474085,37.583391],[-122.477075,37.58647],[-122.477095,37.588793],[-122.480044,37.590586],[-122.48065,37.592257],[-122.47885,37.591953],[-122.478523,37.593625],[-122.481857,37.595663],[-122.482606,37.5989]]]}},{"type":"Feature","properties":{"geoid":"06081611800","name":"East Palo Alto","city":"East Palo Alto","county":"San Mateo","centroid":[-122.12960874999999,37.4773889375]},"geometry":{"type":"Polygon","coordinates":[[[-122.153646,37.474591],[-122.15018,37.481977],[-122.145338,37.48385],[-122.124484,37.501797],[-122.119696,37.484875],[-122.117372,37.478325],[-122.116474,37.478638],[-122.118112,37.473479],[-122.111237,37.466288],[-122.120857,37.473007],[-122.122801,37.472503],[-122.12252,37.476128],[-122.121299,37.476722],[-122.134701,37.471832],[-122.147842,37.470638],[-122.147181,37.473573],[-122.153646,37.474591]]]}},{"type":"Feature","properties":{"geoid":"06081608100","name":"Foster","city":"Foster","county":"San Mateo","centroid":[-122.26147766666666,37.561185]},"geometry":{"type":"Polygon","coordinates":[[[-122.268532,37.561945],[-122.267968,37.565516],[-122.260661,37.565375],[-122.256621,37.561839],[-122.256343,37.556924],[-122.258741,37.555511],[-122.268532,37.561945]]]}},{"type":"Feature","properties":{"geoid":"06081613300","name":"Woodside","city":"Woodside","county":"San Mateo","centroid":[-122.25100609090913,37.443017522727274]},"geometry":{"type":"Polygon","coordinates":[[[-122.281251,37.458932],[-122.278376,37.46097],[-122.274321,37.456207],[-122.27138,37.456436],[-122.2714,37.454933],[-122.26964,37.454545],[-122.268021,37.456358],[-122.266595,37.454166],[-122.26911,37.452235],[-122.263071,37.449421],[-122.263861,37.448108],[-122.261454,37.448832],[-122.260262,37.447453],[-122.257308,37.447211],[-122.24694,37.455486],[-122.243851,37.453026],[-122.240316,37.455013],[-122.231608,37.448758],[-122.234506,37.444516],[-122.228486,37.44205],[-122.226492,37.445046],[-122.224967,37.443965],[-122.228328,37.439652],[-122.230953,37.440274],[-122.230229,37.437079],[-122.233663,37.432382],[-122.230541,37.430382],[-122.22651,37.430058],[-122.227629,37.429488],[-122.226015,37.428492],[-122.229247,37.424671],[-122.23592,37.425351],[-122.239822,37.421242],[-122.241119,37.42193],[-122.243803,37.420101],[-122.245114,37.423469],[-122.250185,37.426454],[-122.249831,37.429303],[-122.254103,37.42964],[-122.269977,37.445454],[-122.280418,37.452017],[-122.278276,37.455875],[-122.280498,37.457103],[-122.278871,37.458687],[-122.281251,37.458932]]]}},{"type":"Feature","properties":{"geoid":"06081607300","name":"San Mateo","city":"San Mateo","county":"San Mateo","centroid":[-122.31022142857144,37.53353514285714]},"geometry":{"type":"Polygon","coordinates":[[[-122.323722,37.53233],[-122.305255,37.540669],[-122.300779,37.535495],[-122.304918,37.534408],[-122.304169,37.533254],[-122.311967,37.529448],[-122.32074,37.529142],[-122.323722,37.53233]]]}},{"type":"Feature","properties":{"geoid":"06081613600","name":"Montara","city":"Montara","county":"San Mateo","centroid":[-122.49826030612248,37.5434406122449]},"geometry":{"type":"Polygon","coordinates":[[[-122.524445,37.575341],[-122.52216,37.579119],[-122.521565,37.586832],[-122.517347,37.586797],[-122.513174,37.585262],[-122.514687,37.584629],[-122.512285,37.581569],[-122.5141,37.579081],[-122.509125,37.574061],[-122.494425,37.570291],[-122.492571,37.566594],[-122.485426,37.565514],[-122.480068,37.562139],[-122.477887,37.562138],[-122.477695,37.563548],[-122.467639,37.563507],[-122.467624,37.566287],[-122.459786,37.566037],[-122.469257,37.559203],[-122.46514,37.554941],[-122.469107,37.555351],[-122.471417,37.553935],[-122.473794,37.545275],[-122.485983,37.537408],[-122.488479,37.533891],[-122.500631,37.52727],[-122.502585,37.524237],[-122.506553,37.522211],[-122.50871,37.522747],[-122.488181,37.509951],[-122.485976,37.498256],[-122.487499,37.495693],[-122.480925,37.492281],[-122.482694,37.490344],[-122.492706,37.488745],[-122.497161,37.491167],[-122.501418,37.491716],[-122.504512,37.495698],[-122.503677,37.500873],[-122.515222,37.510762],[-122.517815,37.517596],[-122.520491,37.519389],[-122.524014,37.536311],[-122.521419,37.544672],[-122.518656,37.548587],[-122.517818,37.554559],[-122.519911,37.557547],[-122.519241,37.563519],[-122.521754,37.565709],[-122.524445,37.575341]]]}},{"type":"Feature","properties":{"geoid":"06081600100","name":"Bayshore","city":"Brisbane","county":"San Mateo","centroid":[-122.41465028124999,37.68650096875]},"geometry":{"type":"Polygon","coordinates":[[[-122.455864,37.693765],[-122.452732,37.695386],[-122.448675,37.701506],[-122.434251,37.695751],[-122.430446,37.698386],[-122.425004,37.695683],[-122.420645,37.699282],[-122.413417,37.697831],[-122.411338,37.701364],[-122.412488,37.701741],[-122.410718,37.705691],[-122.406831,37.704598],[-122.405292,37.708262],[-122.388976,37.708331],[-122.3846,37.681414],[-122.380979,37.681565],[-122.37751,37.679542],[-122.376972,37.671749],[-122.391917,37.671762],[-122.399439,37.664126],[-122.404643,37.665093],[-122.404449,37.667534],[-122.407667,37.671898],[-122.410449,37.670829],[-122.415129,37.671795],[-122.415111,37.674501],[-122.421756,37.675072],[-122.42403,37.676925],[-122.424156,37.679208],[-122.429172,37.68297],[-122.429383,37.682133],[-122.45477,37.692338],[-122.455864,37.693765]]]}},{"type":"Feature","properties":{"geoid":"06081603100","name":"Vallemar","city":"Pacifica","county":"San Mateo","centroid":[-122.48481567857145,37.616909392857146]},"geometry":{"type":"Polygon","coordinates":[[[-122.504939,37.610094],[-122.50173,37.611857],[-122.50297,37.621041],[-122.499975,37.624702],[-122.499224,37.629884],[-122.491245,37.629889],[-122.488355,37.625599],[-122.486021,37.626718],[-122.483298,37.624719],[-122.477951,37.627568],[-122.477109,37.633243],[-122.47272,37.633802],[-122.472569,37.631688],[-122.460685,37.617535],[-122.463885,37.618635],[-122.471522,37.614189],[-122.468171,37.613458],[-122.470961,37.609421],[-122.468548,37.608446],[-122.47159,37.608824],[-122.475384,37.603539],[-122.481604,37.59898],[-122.493274,37.603128],[-122.496853,37.607797],[-122.49362,37.609848],[-122.497168,37.610869],[-122.498058,37.6088],[-122.50541,37.60919],[-122.504939,37.610094]]]}},{"type":"Feature","properties":{"geoid":"06081605600","name":"Burlingame Hills","city":"Hillsborough","county":"San Mateo","centroid":[-122.36900425806456,37.56665938709677]},"geometry":{"type":"Polygon","coordinates":[[[-122.393545,37.570038],[-122.391281,37.57131],[-122.389816,37.56882],[-122.387904,37.569131],[-122.383441,37.574637],[-122.381325,37.57462],[-122.380012,37.576278],[-122.38093,37.577493],[-122.378158,37.577389],[-122.371995,37.580854],[-122.36932,37.57804],[-122.363464,37.5806],[-122.358841,37.577237],[-122.356017,37.578497],[-122.35266,37.577084],[-122.35383,37.574463],[-122.352883,37.57285],[-122.354124,37.572105],[-122.35008,37.566307],[-122.354999,37.564157],[-122.352846,37.559452],[-122.360211,37.551954],[-122.356284,37.554466],[-122.359648,37.551789],[-122.361592,37.551859],[-122.36207,37.54876],[-122.365706,37.545362],[-122.370739,37.548547],[-122.37266,37.54723],[-122.381986,37.558908],[-122.390765,37.566204],[-122.393545,37.570038]]]}},{"type":"Feature","properties":{"geoid":"06081604600","name":"Millbrae","city":"Millbrae","county":"San Mateo","centroid":[-122.41674384615384,37.600879]},"geometry":{"type":"Polygon","coordinates":[[[-122.428368,37.60573],[-122.426536,37.604975],[-122.420149,37.608093],[-122.418805,37.607663],[-122.414987,37.602596],[-122.416223,37.600894],[-122.415618,37.599524],[-122.408661,37.599859],[-122.408321,37.596649],[-122.408907,37.595798],[-122.410086,37.596588],[-122.414649,37.591255],[-122.42636,37.601803],[-122.428368,37.60573]]]}},{"type":"Feature","properties":{"geoid":"06081606500","name":"San Mateo","city":"San Mateo","county":"San Mateo","centroid":[-122.33106754545456,37.553222727272725]},"geometry":{"type":"Polygon","coordinates":[[[-122.340425,37.550066],[-122.339468,37.552728],[-122.3307,37.560624],[-122.328995,37.56034],[-122.324791,37.554365],[-122.320721,37.558209],[-122.318278,37.556032],[-122.32796,37.548523],[-122.332504,37.55059],[-122.337852,37.546084],[-122.340049,37.547889],[-122.340425,37.550066]]]}},{"type":"Feature","properties":{"geoid":"06081606600","name":"San Mateo","city":"San Mateo","county":"San Mateo","centroid":[-122.31702362499999,37.553630874999996]},"geometry":{"type":"Polygon","coordinates":[[[-122.326191,37.5501],[-122.318278,37.556032],[-122.319643,37.557271],[-122.31538,37.560337],[-122.311287,37.556379],[-122.309141,37.552189],[-122.313345,37.549636],[-122.322924,37.547103],[-122.326191,37.5501]]]}},{"type":"Feature","properties":{"geoid":"06081606700","name":"Unincorporated San Mateo","city":"","county":"San Mateo","centroid":[-122.32105881818183,37.54048090909092]},"geometry":{"type":"Polygon","coordinates":[[[-122.332575,37.544173],[-122.325976,37.549902],[-122.317382,37.542879],[-122.313464,37.543881],[-122.313121,37.543069],[-122.31648,37.542176],[-122.312105,37.537886],[-122.320088,37.53464],[-122.320723,37.533091],[-122.32977,37.532594],[-122.329963,37.540999],[-122.332575,37.544173]]]}},{"type":"Feature","properties":{"geoid":"06081606900","name":"Highlands","city":"Highlands","county":"San Mateo","centroid":[-122.34671599999997,37.52289509090909]},"geometry":{"type":"Polygon","coordinates":[[[-122.361087,37.531367],[-122.358769,37.530061],[-122.355315,37.530796],[-122.349864,37.534161],[-122.350025,37.531754],[-122.34119,37.525846],[-122.33988,37.5215],[-122.330197,37.512587],[-122.335205,37.508455],[-122.339108,37.507082],[-122.353236,37.518237],[-122.361087,37.531367]]]}},{"type":"Feature","properties":{"geoid":"06081600600","name":"Top of the Hill","city":"Daly","county":"San Mateo","centroid":[-122.46595540000001,37.698458200000005]},"geometry":{"type":"Polygon","coordinates":[[[-122.471743,37.701518],[-122.463482,37.701288],[-122.462217,37.703155],[-122.461732,37.693024],[-122.470603,37.693306],[-122.471743,37.701518]]]}},{"type":"Feature","properties":{"geoid":"06081601100","name":"Westlake","city":"Broadmoor","county":"San Mateo","centroid":[-122.4875206923077,37.69053807692308]},"geometry":{"type":"Polygon","coordinates":[[[-122.495055,37.69838],[-122.487137,37.700702],[-122.485494,37.697348],[-122.489014,37.696277],[-122.488754,37.689657],[-122.484329,37.689648],[-122.48388,37.686857],[-122.481408,37.685881],[-122.483918,37.685874],[-122.48542,37.683162],[-122.489343,37.683361],[-122.489607,37.687291],[-122.49441,37.692557],[-122.495055,37.69838]]]}},{"type":"Feature","properties":{"geoid":"06081601200","name":"Westlake","city":"Broadmoor","county":"San Mateo","centroid":[-122.47832083333333,37.6933505]},"geometry":{"type":"Polygon","coordinates":[[[-122.489014,37.696277],[-122.479673,37.695426],[-122.477531,37.702792],[-122.474471,37.702683],[-122.471834,37.70077],[-122.470628,37.694296],[-122.471131,37.687895],[-122.47431,37.687879],[-122.474295,37.686026],[-122.48388,37.686857],[-122.484329,37.689648],[-122.488754,37.689657],[-122.489014,37.696277]]]}},{"type":"Feature","properties":{"geoid":"06081613502","name":"El Granada","city":"El Granada","county":"San Mateo","centroid":[-122.46414766666665,37.52128613888889]},"geometry":{"type":"Polygon","coordinates":[[[-122.50871,37.522747],[-122.506553,37.522211],[-122.502585,37.524237],[-122.500631,37.52727],[-122.488479,37.533891],[-122.485983,37.537408],[-122.473794,37.545275],[-122.471782,37.553429],[-122.469107,37.555351],[-122.461212,37.553986],[-122.459762,37.55512],[-122.456896,37.551171],[-122.450694,37.551491],[-122.446651,37.54401],[-122.440634,37.539076],[-122.44453,37.537892],[-122.448484,37.539491],[-122.452907,37.531745],[-122.448347,37.527427],[-122.448288,37.52541],[-122.446059,37.52364],[-122.446457,37.520929],[-122.440709,37.514667],[-122.441879,37.508688],[-122.443963,37.508208],[-122.443363,37.496589],[-122.451503,37.490904],[-122.445976,37.482883],[-122.451121,37.480585],[-122.456408,37.480466],[-122.461267,37.488164],[-122.472377,37.49635],[-122.480925,37.492281],[-122.487123,37.495102],[-122.485976,37.498256],[-122.488181,37.509951],[-122.50871,37.522747]]]}},{"type":"Feature","properties":{"geoid":"06081612900","name":"Stanford Hills","city":"West Menlo Park","county":"San Mateo","centroid":[-122.20709526666668,37.43258333333333]},"geometry":{"type":"Polygon","coordinates":[[[-122.217549,37.427958],[-122.213376,37.432742],[-122.212171,37.43487],[-122.213323,37.435476],[-122.210916,37.438338],[-122.206559,37.440381],[-122.201773,37.438902],[-122.204352,37.435868],[-122.196057,37.432469],[-122.190139,37.428456],[-122.195375,37.423754],[-122.203007,37.42998],[-122.212185,37.429938],[-122.213785,37.431499],[-122.215862,37.428119],[-122.217549,37.427958]]]}},{"type":"Feature","properties":{"geoid":"06075047904","name":"Outer Richmond","city":"San Francisco","county":"San Francisco","centroid":[-122.510127,37.785164]},"geometry":{"type":"Polygon","coordinates":[[[-122.530563,37.806628],[-122.515748,37.80335],[-122.506164,37.799055],[-122.500783,37.795029],[-122.509563,37.789909],[-122.509783,37.784029],[-122.507484,37.782185],[-122.510781,37.782059],[-122.509433,37.779851],[-122.508958,37.773309],[-122.49825,37.7738],[-122.498114,37.771934],[-122.517256,37.770684],[-122.518898,37.780474],[-122.530563,37.806628]]]}},{"type":"Feature","properties":{"geoid":"06075015701","name":"Laurel Heights","city":"San Francisco","county":"San Francisco","centroid":[-122.45188466666667,37.778364833333335]},"geometry":{"type":"Polygon","coordinates":[[[-122.455217,37.777599],[-122.453385,37.777827],[-122.454186,37.781651],[-122.447366,37.782555],[-122.446471,37.775802],[-122.454683,37.774755],[-122.455217,37.777599]]]}},{"type":"Feature","properties":{"geoid":"06075015402","name":"Laurel Heights","city":"San Francisco","county":"San Francisco","centroid":[-122.45133675000001,37.785728750000004]},"geometry":{"type":"Polygon","coordinates":[[[-122.459179,37.785682],[-122.443753,37.787647],[-122.44337,37.785759],[-122.459045,37.783827],[-122.459179,37.785682]]]}},{"type":"Feature","properties":{"geoid":"06075015702","name":"Western Addition","city":"San Francisco","county":"San Francisco","centroid":[-122.44431700000001,37.7790475]},"geometry":{"type":"Polygon","coordinates":[[[-122.447637,37.781719],[-122.441672,37.782234],[-122.441488,37.776435],[-122.446471,37.775802],[-122.447637,37.781719]]]}},{"type":"Feature","properties":{"geoid":"06075016602","name":"Haight-Ashbury","city":"San Francisco","county":"San Francisco","centroid":[-122.4511205,37.7699505]},"geometry":{"type":"Polygon","coordinates":[[[-122.453782,37.771022],[-122.448958,37.771669],[-122.44839,37.768865],[-122.453352,37.768246],[-122.453782,37.771022]]]}},{"type":"Feature","properties":{"geoid":"06075016601","name":"Haight-Ashbury","city":"San Francisco","county":"San Francisco","centroid":[-122.44461025000001,37.771023500000005]},"geometry":{"type":"Polygon","coordinates":[[[-122.448958,37.771669],[-122.440735,37.772713],[-122.440358,37.770847],[-122.44839,37.768865],[-122.448958,37.771669]]]}},{"type":"Feature","properties":{"geoid":"06075012504","name":"Tenderloin","city":"San Francisco","county":"San Francisco","centroid":[-122.41285925,37.7811875]},"geometry":{"type":"Polygon","coordinates":[[[-122.413866,37.781863],[-122.412221,37.782073],[-122.411985,37.780952],[-122.413365,37.779862],[-122.413866,37.781863]]]}},{"type":"Feature","properties":{"geoid":"06075020102","name":"Mission","city":"San Francisco","county":"San Francisco","centroid":[-122.41968825000001,37.765054250000006]},"geometry":{"type":"Polygon","coordinates":[[[-122.422044,37.76654],[-122.417645,37.766805],[-122.417332,37.763572],[-122.421732,37.7633],[-122.422044,37.76654]]]}},{"type":"Feature","properties":{"geoid":"06081607100","name":"San Mateo","city":"San Mateo","county":"San Mateo","centroid":[-122.30413991666664,37.527750166666664]},"geometry":{"type":"Polygon","coordinates":[[[-122.31286,37.529358],[-122.305881,37.532871],[-122.30288,37.533067],[-122.301547,37.529221],[-122.297714,37.530805],[-122.294724,37.528064],[-122.296801,37.527162],[-122.29436,37.526488],[-122.307183,37.521125],[-122.312023,37.524598],[-122.311047,37.524664],[-122.312659,37.525579],[-122.31286,37.529358]]]}},{"type":"Feature","properties":{"geoid":"06081607200","name":"San Mateo","city":"San Mateo","county":"San Mateo","centroid":[-122.29929608333333,37.532261749999996]},"geometry":{"type":"Polygon","coordinates":[[[-122.305255,37.540669],[-122.302757,37.541684],[-122.287413,37.529267],[-122.29436,37.526488],[-122.296801,37.527162],[-122.294724,37.528064],[-122.297714,37.530805],[-122.301547,37.529221],[-122.30324,37.531829],[-122.302045,37.532049],[-122.304918,37.534408],[-122.300779,37.535495],[-122.305255,37.540669]]]}},{"type":"Feature","properties":{"geoid":"06081607400","name":"San Mateo","city":"San Mateo","county":"San Mateo","centroid":[-122.31377987499998,37.543627625]},"geometry":{"type":"Polygon","coordinates":[[[-122.322878,37.547116],[-122.312052,37.55033],[-122.302757,37.541684],[-122.312105,37.537886],[-122.31648,37.542176],[-122.313121,37.543069],[-122.313464,37.543881],[-122.317382,37.542879],[-122.322878,37.547116]]]}},{"type":"Feature","properties":{"geoid":"06081607500","name":"San Mateo","city":"San Mateo","county":"San Mateo","centroid":[-122.29639570000002,37.545013499999996]},"geometry":{"type":"Polygon","coordinates":[[[-122.311995,37.550371],[-122.308155,37.552519],[-122.296278,37.553346],[-122.289757,37.545929],[-122.290622,37.544091],[-122.289154,37.543867],[-122.290957,37.541797],[-122.291546,37.542677],[-122.297933,37.538455],[-122.29756,37.537083],[-122.311995,37.550371]]]}},{"type":"Feature","properties":{"geoid":"06013304002","name":"Unincorporated Contra Costa","city":"","county":"Contra Costa","centroid":[-121.59977603508771,37.84919196491228]},"geometry":{"type":"Polygon","coordinates":[[[-121.697169,37.782692],[-121.693919,37.791875],[-121.688767,37.793182],[-121.685038,37.796433],[-121.676965,37.798233],[-121.675152,37.803348],[-121.672738,37.80605],[-121.663569,37.812214],[-121.660912,37.816486],[-121.655707,37.819551],[-121.654361,37.832962],[-121.647149,37.838824],[-121.646652,37.848713],[-121.65301,37.856477],[-121.677371,37.87092],[-121.689755,37.884148],[-121.696485,37.887462],[-121.696344,37.896378],[-121.641347,37.896454],[-121.641327,37.891051],[-121.638742,37.889277],[-121.575675,37.890081],[-121.570747,37.892148],[-121.569901,37.890858],[-121.575851,37.888293],[-121.57387,37.883395],[-121.578194,37.87548],[-121.579334,37.870637],[-121.573389,37.865751],[-121.574444,37.863765],[-121.579503,37.861072],[-121.57865,37.858041],[-121.568978,37.860573],[-121.568293,37.859999],[-121.570454,37.857585],[-121.565903,37.857863],[-121.561977,37.853138],[-121.561222,37.854284],[-121.562267,37.85643],[-121.560326,37.858596],[-121.555255,37.858007],[-121.552836,37.861182],[-121.547496,37.855226],[-121.540643,37.857597],[-121.54201,37.851314],[-121.540035,37.848842],[-121.537209,37.850838],[-121.534247,37.849891],[-121.538158,37.842636],[-121.538187,37.837425],[-121.544187,37.832545],[-121.549459,37.833569],[-121.552095,37.829703],[-121.551154,37.825101],[-121.552498,37.824034],[-121.553311,37.818825],[-121.556997,37.816488],[-121.697169,37.782692]]]}},{"type":"Feature","properties":{"geoid":"06075020802","name":"Mission","city":"San Francisco","county":"San Francisco","centroid":[-122.41937875,37.761835]},"geometry":{"type":"Polygon","coordinates":[[[-122.421732,37.7633],[-122.417332,37.763572],[-122.417026,37.760367],[-122.421425,37.760101],[-122.421732,37.7633]]]}},{"type":"Feature","properties":{"geoid":"06075020801","name":"Mission","city":"San Francisco","county":"San Francisco","centroid":[-122.4189955,37.75783275]},"geometry":{"type":"Polygon","coordinates":[[[-122.421425,37.760101],[-122.417026,37.760367],[-122.416567,37.755568],[-122.420964,37.755295],[-122.421425,37.760101]]]}},{"type":"Feature","properties":{"geoid":"06075061401","name":"Potrero Terrace","city":"San Francisco","county":"San Francisco","centroid":[-122.3995422,37.754242399999995]},"geometry":{"type":"Polygon","coordinates":[[[-122.403736,37.749584],[-122.403689,37.757015],[-122.39797,37.757359],[-122.397729,37.754827],[-122.394587,37.752427],[-122.403736,37.749584]]]}},{"type":"Feature","properties":{"geoid":"06075020702","name":"Mission","city":"San Francisco","county":"San Francisco","centroid":[-122.4237825,37.761568000000004]},"geometry":{"type":"Polygon","coordinates":[[[-122.426137,37.763036],[-122.421732,37.7633],[-122.421425,37.760101],[-122.425836,37.759835],[-122.426137,37.763036]]]}},{"type":"Feature","properties":{"geoid":"06075060702","name":"Mission Bay","city":"San Francisco","county":"San Francisco","centroid":[-122.4000116,37.7684392]},"geometry":{"type":"Polygon","coordinates":[[[-122.40499,37.769715],[-122.399616,37.773429],[-122.397445,37.768803],[-122.39351,37.765585],[-122.404497,37.764664],[-122.40499,37.769715]]]}},{"type":"Feature","properties":{"geoid":"06081607701","name":"San Mateo","city":"San Mateo","county":"San Mateo","centroid":[-122.30127811764706,37.56992582352942]},"geometry":{"type":"Polygon","coordinates":[[[-122.314059,37.57086],[-122.309004,37.574597],[-122.306622,37.57421],[-122.303564,37.575864],[-122.297026,37.575544],[-122.296958,37.571693],[-122.294477,37.570823],[-122.293859,37.568544],[-122.291643,37.568725],[-122.297096,37.567723],[-122.297025,37.565537],[-122.298459,37.565485],[-122.298437,37.568304],[-122.302416,37.56816],[-122.30441,37.566782],[-122.306602,37.568791],[-122.310071,37.567097],[-122.314059,37.57086]]]}},{"type":"Feature","properties":{"geoid":"06081607702","name":"San Mateo","city":"San Mateo","county":"San Mateo","centroid":[-122.30309985714287,37.566063]},"geometry":{"type":"Polygon","coordinates":[[[-122.310001,37.567139],[-122.306602,37.568791],[-122.30441,37.566782],[-122.302416,37.56816],[-122.298437,37.568304],[-122.297052,37.562934],[-122.302781,37.560331],[-122.310001,37.567139]]]}},{"type":"Feature","properties":{"geoid":"06081607800","name":"San Mateo","city":"San Mateo","county":"San Mateo","centroid":[-122.2932259090909,37.56144581818182]},"geometry":{"type":"Polygon","coordinates":[[[-122.302781,37.560331],[-122.297052,37.562934],[-122.297096,37.567723],[-122.286398,37.567015],[-122.28733,37.565328],[-122.291941,37.564582],[-122.293412,37.563017],[-122.291018,37.559923],[-122.29302,37.556808],[-122.289159,37.554897],[-122.296278,37.553346],[-122.302781,37.560331]]]}},{"type":"Feature","properties":{"geoid":"06081607900","name":"San Mateo","city":"San Mateo","county":"San Mateo","centroid":[-122.28877746666667,37.56386546666668]},"geometry":{"type":"Polygon","coordinates":[[[-122.294323,37.570578],[-122.284475,37.57062],[-122.284542,37.56449],[-122.279405,37.564423],[-122.2792,37.555357],[-122.287424,37.552939],[-122.292981,37.556745],[-122.291018,37.559923],[-122.293136,37.561956],[-122.293143,37.563687],[-122.28733,37.565328],[-122.286357,37.566883],[-122.292777,37.567652],[-122.291692,37.568857],[-122.293859,37.568544],[-122.294323,37.570578]]]}},{"type":"Feature","properties":{"geoid":"06081608002","name":"Foster","city":"Foster","county":"San Mateo","centroid":[-122.26744590000001,37.5493522]},"geometry":{"type":"Polygon","coordinates":[[[-122.273521,37.555688],[-122.269893,37.556015],[-122.264262,37.553736],[-122.264073,37.548639],[-122.260523,37.548637],[-122.261749,37.54377],[-122.26515,37.54149],[-122.269677,37.541935],[-122.27045,37.54905],[-122.275161,37.554562],[-122.273521,37.555688]]]}},{"type":"Feature","properties":{"geoid":"06075012001","name":"Lower Nob Hill","city":"San Francisco","county":"San Francisco","centroid":[-122.418623,37.78842925]},"geometry":{"type":"Polygon","coordinates":[[[-122.422077,37.788474],[-122.415372,37.78932],[-122.415185,37.788388],[-122.421858,37.787535],[-122.422077,37.788474]]]}},{"type":"Feature","properties":{"geoid":"06075010101","name":"Fisherman's Wharf","city":"San Francisco","county":"San Francisco","centroid":[-122.411658125,37.80727375]},"geometry":{"type":"Polygon","coordinates":[[[-122.421076,37.812889],[-122.407482,37.812728],[-122.398482,37.807228],[-122.40675,37.804455],[-122.411581,37.803963],[-122.41195,37.805825],[-122.417226,37.80517],[-122.418718,37.805932],[-122.421076,37.812889]]]}},{"type":"Feature","properties":{"geoid":"06075010102","name":"Castro","city":"San Francisco","county":"San Francisco","centroid":[-122.413824,37.804635499999996]},"geometry":{"type":"Polygon","coordinates":[[[-122.416888,37.805212],[-122.41195,37.805825],[-122.411581,37.803963],[-122.414877,37.803542],[-122.416888,37.805212]]]}},{"type":"Feature","properties":{"geoid":"06075060701","name":"Mission Bay","city":"San Francisco","county":"San Francisco","centroid":[-122.38868399999998,37.772458]},"geometry":{"type":"Polygon","coordinates":[[[-122.39792,37.769884],[-122.390215,37.776723],[-122.39275,37.778852],[-122.387628,37.782826],[-122.381681,37.783529],[-122.379681,37.767629],[-122.385823,37.767255],[-122.387917,37.764379],[-122.388164,37.766958],[-122.395061,37.766545],[-122.39792,37.769884]]]}},{"type":"Feature","properties":{"geoid":"06075033001","name":"Parkside","city":"San Francisco","county":"San Francisco","centroid":[-122.4888225,37.73801949999999]},"geometry":{"type":"Polygon","coordinates":[[[-122.494504,37.742222],[-122.485335,37.742626],[-122.485074,37.7389],[-122.490432,37.738663],[-122.491285,37.737303],[-122.490461,37.735842],[-122.479547,37.734619],[-122.493942,37.733981],[-122.494504,37.742222]]]}},{"type":"Feature","properties":{"geoid":"06075033002","name":"Parkside","city":"San Francisco","county":"San Francisco","centroid":[-122.484568,37.73864228571428]},"geometry":{"type":"Polygon","coordinates":[[[-122.491285,37.737303],[-122.490432,37.738663],[-122.485074,37.7389],[-122.485335,37.742626],[-122.475726,37.743049],[-122.475189,37.734762],[-122.488935,37.735193],[-122.491285,37.737303]]]}},{"type":"Feature","properties":{"geoid":"06075031401","name":"Ocean View","city":"San Francisco","county":"San Francisco","centroid":[-122.45541250000001,37.7139605]},"geometry":{"type":"Polygon","coordinates":[[[-122.462589,37.71403],[-122.452174,37.714104],[-122.448582,37.718411],[-122.450235,37.715132],[-122.456339,37.710832],[-122.462556,37.711254],[-122.462589,37.71403]]]}},{"type":"Feature","properties":{"geoid":"06075025501","name":"Sunnyside","city":"San Francisco","county":"San Francisco","centroid":[-122.4407032,37.7258788]},"geometry":{"type":"Polygon","coordinates":[[[-122.447878,37.723005],[-122.445041,37.727295],[-122.44123,37.729423],[-122.433982,37.725762],[-122.435385,37.723909],[-122.447878,37.723005]]]}},{"type":"Feature","properties":{"geoid":"06075010202","name":"Fisherman's Wharf","city":"San Francisco","county":"San Francisco","centroid":[-122.42383857142856,37.80897071428571]},"geometry":{"type":"Polygon","coordinates":[[[-122.426848,37.809019],[-122.424876,37.810799],[-122.425902,37.812057],[-122.425182,37.812628],[-122.421076,37.812889],[-122.418151,37.803135],[-122.424835,37.802268],[-122.426848,37.809019]]]}},{"type":"Feature","properties":{"geoid":"06075061504","name":"Rincon Hill","city":"San Francisco","county":"San Francisco","centroid":[-122.392399,37.785267000000005]},"geometry":{"type":"Polygon","coordinates":[[[-122.395161,37.784311],[-122.39118,37.787455],[-122.389637,37.786224],[-122.393618,37.783078],[-122.395161,37.784311]]]}},{"type":"Feature","properties":{"geoid":"06075061507","name":"Rincon Hill","city":"San Francisco","county":"San Francisco","centroid":[-122.3907279090909,37.79094518181818]},"geometry":{"type":"Polygon","coordinates":[[[-122.397359,37.79249],[-122.39486,37.794459],[-122.393181,37.79323],[-122.391487,37.793859],[-122.388981,37.796628],[-122.383434,37.787535],[-122.38767,37.787175],[-122.387894,37.788801],[-122.388573,37.788154],[-122.390971,37.79007],[-122.393597,37.787996],[-122.397359,37.79249]]]}},{"type":"Feature","properties":{"geoid":"06075025502","name":"Glen Park","city":"San Francisco","county":"San Francisco","centroid":[-122.432462,37.73106875]},"geometry":{"type":"Polygon","coordinates":[[[-122.441135,37.72946],[-122.428573,37.735082],[-122.426158,37.733971],[-122.433982,37.725762],[-122.441135,37.72946]]]}},{"type":"Feature","properties":{"geoid":"06075016101","name":"Western Addition","city":"San Francisco","county":"San Francisco","centroid":[-122.43195425,37.77956325]},"geometry":{"type":"Polygon","coordinates":[[[-122.433973,37.781219],[-122.430696,37.781635],[-122.429929,37.777909],[-122.433219,37.77749],[-122.433973,37.781219]]]}},{"type":"Feature","properties":{"geoid":"06075990200","name":"Telegraph Hill","city":"San Francisco","county":"San Francisco","centroid":[-122.38510609523813,37.80878373809524]},"geometry":{"type":"Polygon","coordinates":[[[-122.453983,37.839027],[-122.418673,37.852505],[-122.419907,37.860579],[-122.418736,37.861959],[-122.420342,37.863203],[-122.432283,37.929824],[-122.373782,37.883725],[-122.346881,37.811427],[-122.331536,37.786942],[-122.332263,37.782082],[-122.327917,37.781202],[-122.28178,37.70823],[-122.360381,37.708331],[-122.356559,37.729657],[-122.365822,37.737123],[-122.373188,37.745948],[-122.376064,37.75256],[-122.377981,37.753629],[-122.381681,37.783529],[-122.387781,37.795128],[-122.398482,37.807228],[-122.407482,37.812728],[-122.424582,37.812728],[-122.448682,37.808628],[-122.453983,37.839027]],[[-122.425035,37.826252],[-122.421971,37.82411],[-122.419234,37.8253],[-122.420513,37.82765],[-122.424143,37.829286],[-122.426463,37.82881],[-122.425035,37.826252]],[[-122.381693,37.826713],[-122.37378,37.814517],[-122.375149,37.810649],[-122.37378,37.808389],[-122.364348,37.804383],[-122.360993,37.804833],[-122.358108,37.807369],[-122.356812,37.810111],[-122.357181,37.813148],[-122.364797,37.832484],[-122.373899,37.834685],[-122.379789,37.832306],[-122.381693,37.826713]]]}},{"type":"Feature","properties":{"geoid":"06075016102","name":"Western Addition","city":"San Francisco","county":"San Francisco","centroid":[-122.427,37.78019475]},"geometry":{"type":"Polygon","coordinates":[[[-122.430609,37.781646],[-122.424108,37.782477],[-122.423354,37.778747],[-122.429929,37.777909],[-122.430609,37.781646]]]}},{"type":"Feature","properties":{"geoid":"06075012801","name":"Cow Hollow","city":"San Francisco","county":"San Francisco","centroid":[-122.44390125000001,37.79745475]},"geometry":{"type":"Polygon","coordinates":[[[-122.447466,37.79939],[-122.441177,37.80019],[-122.440234,37.795533],[-122.446728,37.794706],[-122.447466,37.79939]]]}},{"type":"Feature","properties":{"geoid":"06075010402","name":"Telegraph Hill","city":"San Francisco","county":"San Francisco","centroid":[-122.40492166666668,37.80224666666667]},"geometry":{"type":"Polygon","coordinates":[[[-122.408332,37.804367],[-122.405174,37.804763],[-122.404798,37.802901],[-122.40316,37.803098],[-122.402421,37.799382],[-122.405645,37.798969],[-122.408332,37.804367]]]}},{"type":"Feature","properties":{"geoid":"06075061101","name":"Chinatown","city":"San Francisco","county":"San Francisco","centroid":[-122.40353625,37.7957385]},"geometry":{"type":"Polygon","coordinates":[[[-122.406828,37.796902],[-122.400863,37.797654],[-122.400149,37.794134],[-122.406305,37.794264],[-122.406828,37.796902]]]}},{"type":"Feature","properties":{"geoid":"06075061102","name":"Chinatown","city":"San Francisco","county":"San Francisco","centroid":[-122.40736675,37.7954825]},"geometry":{"type":"Polygon","coordinates":[[[-122.408431,37.796704],[-122.406828,37.796902],[-122.406305,37.794264],[-122.407903,37.79406],[-122.408431,37.796704]]]}},{"type":"Feature","properties":{"geoid":"06075061501","name":"Transbay","city":"San Francisco","county":"San Francisco","centroid":[-122.4001185,37.787846]},"geometry":{"type":"Polygon","coordinates":[[[-122.406062,37.785757],[-122.397428,37.792442],[-122.394276,37.789926],[-122.402708,37.783259],[-122.406062,37.785757]]]}},{"type":"Feature","properties":{"geoid":"06075012403","name":"Little Saigon","city":"San Francisco","county":"San Francisco","centroid":[-122.4166075,37.7829465]},"geometry":{"type":"Polygon","coordinates":[[[-122.417707,37.784236],[-122.416072,37.784449],[-122.415505,37.781654],[-122.417146,37.781447],[-122.417707,37.784236]]]}},{"type":"Feature","properties":{"geoid":"06075061505","name":"Rincon Hill","city":"San Francisco","county":"San Francisco","centroid":[-122.39064425,37.789103]},"geometry":{"type":"Polygon","coordinates":[[[-122.390971,37.79007],[-122.389429,37.788838],[-122.390319,37.788135],[-122.391858,37.789369],[-122.390971,37.79007]]]}},{"type":"Feature","properties":{"geoid":"06075047903","name":"Outer Richmond","city":"San Francisco","county":"San Francisco","centroid":[-122.50373925,37.775420999999994]},"geometry":{"type":"Polygon","coordinates":[[[-122.509228,37.777044],[-122.498521,37.777531],[-122.49825,37.7738],[-122.508958,37.773309],[-122.509228,37.777044]]]}},{"type":"Feature","properties":{"geoid":"06075035101","name":"Sunset","city":"San Francisco","county":"San Francisco","centroid":[-122.4993345,37.76168]},"geometry":{"type":"Polygon","coordinates":[[[-122.502979,37.764344],[-122.496085,37.764675],[-122.495692,37.759001],[-122.502582,37.7587],[-122.502979,37.764344]]]}},{"type":"Feature","properties":{"geoid":"06075061506","name":"Rincon Hill","city":"San Francisco","county":"San Francisco","centroid":[-122.390682125,37.787616875]},"geometry":{"type":"Polygon","coordinates":[[[-122.393962,37.787708],[-122.391858,37.789369],[-122.390319,37.788135],[-122.387894,37.788801],[-122.38767,37.787175],[-122.389637,37.786224],[-122.39118,37.787455],[-122.392937,37.786068],[-122.393962,37.787708]]]}},{"type":"Feature","properties":{"geoid":"06075045202","name":"Inner Richmond","city":"San Francisco","county":"San Francisco","centroid":[-122.46561925,37.7772505]},"geometry":{"type":"Polygon","coordinates":[[[-122.467492,37.780938],[-122.464284,37.781089],[-122.463749,37.773624],[-122.466952,37.773351],[-122.467492,37.780938]]]}},{"type":"Feature","properties":{"geoid":"06075012406","name":"Little Saigon","city":"San Francisco","county":"San Francisco","centroid":[-122.419201,37.7830965]},"geometry":{"type":"Polygon","coordinates":[[[-122.421069,37.783816],[-122.417707,37.784236],[-122.417339,37.782379],[-122.420689,37.781955],[-122.421069,37.783816]]]}},{"type":"Feature","properties":{"geoid":"06075012404","name":"Tenderloin","city":"San Francisco","county":"San Francisco","centroid":[-122.41496825,37.783155750000006]},"geometry":{"type":"Polygon","coordinates":[[[-122.416072,37.784449],[-122.41443,37.784657],[-122.413866,37.781863],[-122.415505,37.781654],[-122.416072,37.784449]]]}},{"type":"Feature","properties":{"geoid":"06075017604","name":"Civic Center","city":"San Francisco","county":"San Francisco","centroid":[-122.41174625000001,37.77985425]},"geometry":{"type":"Polygon","coordinates":[[[-122.414782,37.778744],[-122.410336,37.782245],[-122.408709,37.780971],[-122.413158,37.777457],[-122.414782,37.778744]]]}},{"type":"Feature","properties":{"geoid":"06075015401","name":"Laurel Heights","city":"San Francisco","county":"San Francisco","centroid":[-122.4510215,37.783449250000004]},"geometry":{"type":"Polygon","coordinates":[[[-122.459045,37.783827],[-122.44337,37.785759],[-122.442793,37.782885],[-122.458878,37.781326],[-122.459045,37.783827]]]}},{"type":"Feature","properties":{"geoid":"06075010902","name":"Russian Hill","city":"San Francisco","county":"San Francisco","centroid":[-122.4221905,37.7978175]},"geometry":{"type":"Polygon","coordinates":[[[-122.424275,37.799472],[-122.420883,37.799902],[-122.420123,37.796157],[-122.423481,37.795739],[-122.424275,37.799472]]]}},{"type":"Feature","properties":{"geoid":"06075010901","name":"Russian Hill","city":"San Francisco","county":"San Francisco","centroid":[-122.4188295,37.798258249999996]},"geometry":{"type":"Polygon","coordinates":[[[-122.420769,37.799939],[-122.417587,37.800341],[-122.416839,37.796596],[-122.420123,37.796157],[-122.420769,37.799939]]]}},{"type":"Feature","properties":{"geoid":"06075012204","name":"Tenderloin","city":"San Francisco","county":"San Francisco","centroid":[-122.415534,37.78595125]},"geometry":{"type":"Polygon","coordinates":[[[-122.416639,37.787245],[-122.414995,37.787454],[-122.41443,37.784657],[-122.416072,37.784449],[-122.416639,37.787245]]]}},{"type":"Feature","properties":{"geoid":"06075015202","name":"Western Addition","city":"San Francisco","county":"San Francisco","centroid":[-122.43191125,37.787705]},"geometry":{"type":"Polygon","coordinates":[[[-122.435486,37.788697],[-122.428905,37.789534],[-122.428336,37.786713],[-122.434918,37.785876],[-122.435486,37.788697]]]}},{"type":"Feature","properties":{"geoid":"06075015201","name":"Western Addition","city":"San Francisco","county":"San Francisco","centroid":[-122.42697600000001,37.788332249999996]},"geometry":{"type":"Polygon","coordinates":[[[-122.428905,37.789534],[-122.425616,37.789952],[-122.425047,37.78713],[-122.428336,37.786713],[-122.428905,37.789534]]]}},{"type":"Feature","properties":{"geoid":"06075020701","name":"Mission","city":"San Francisco","county":"San Francisco","centroid":[-122.42340225000001,37.757566499999996]},"geometry":{"type":"Polygon","coordinates":[[[-122.425836,37.759835],[-122.421425,37.760101],[-122.420964,37.755295],[-122.425384,37.755035],[-122.425836,37.759835]]]}},{"type":"Feature","properties":{"geoid":"06075010401","name":"North Beach","city":"San Francisco","county":"San Francisco","centroid":[-122.41058875000002,37.80265125]},"geometry":{"type":"Polygon","coordinates":[[[-122.414877,37.803542],[-122.408332,37.804367],[-122.40777,37.801571],[-122.411376,37.801125],[-122.414877,37.803542]]]}},{"type":"Feature","properties":{"geoid":"06075011001","name":"Polk Gulch","city":"San Francisco","county":"San Francisco","centroid":[-122.41963249999999,37.79346875]},"geometry":{"type":"Polygon","coordinates":[[[-122.423143,37.793923],[-122.416473,37.794777],[-122.416113,37.793014],[-122.422801,37.792161],[-122.423143,37.793923]]]}},{"type":"Feature","properties":{"geoid":"06075011102","name":"Polk Gulch","city":"San Francisco","county":"San Francisco","centroid":[-122.41890475,37.7898395]},"geometry":{"type":"Polygon","coordinates":[[[-122.42242,37.790358],[-122.41575,37.791206],[-122.415372,37.78932],[-122.422077,37.788474],[-122.42242,37.790358]]]}},{"type":"Feature","properties":{"geoid":"06075012002","name":"Lower Nob Hill","city":"San Francisco","county":"San Francisco","centroid":[-122.41842824999999,37.7874955]},"geometry":{"type":"Polygon","coordinates":[[[-122.421858,37.787535],[-122.415185,37.788388],[-122.414995,37.787454],[-122.421675,37.786605],[-122.421858,37.787535]]]}},{"type":"Feature","properties":{"geoid":"06075010701","name":"North Beach","city":"San Francisco","county":"San Francisco","centroid":[-122.40929925,37.7975545]},"geometry":{"type":"Polygon","coordinates":[[[-122.412096,37.798165],[-122.407869,37.798697],[-122.405513,37.797065],[-122.411719,37.796291],[-122.412096,37.798165]]]}},{"type":"Feature","properties":{"geoid":"06075010702","name":"North Beach","city":"San Francisco","county":"San Francisco","centroid":[-122.41095766666668,37.799682]},"geometry":{"type":"Polygon","coordinates":[[[-122.412908,37.802184],[-122.407869,37.798697],[-122.412096,37.798165],[-122.412908,37.802184]]]}},{"type":"Feature","properties":{"geoid":"06075011002","name":"Nob Hill","city":"San Francisco","county":"San Francisco","centroid":[-122.41993975,37.79526175]},"geometry":{"type":"Polygon","coordinates":[[[-122.423304,37.795751],[-122.416839,37.796596],[-122.416473,37.794777],[-122.423143,37.793923],[-122.423304,37.795751]]]}},{"type":"Feature","properties":{"geoid":"06075012203","name":"Little Saigon","city":"San Francisco","county":"San Francisco","centroid":[-122.41717225000001,37.785742]},"geometry":{"type":"Polygon","coordinates":[[[-122.418271,37.787038],[-122.416639,37.787245],[-122.416072,37.784449],[-122.417707,37.784236],[-122.418271,37.787038]]]}},{"type":"Feature","properties":{"geoid":"06075031402","name":"Ocean View","city":"San Francisco","county":"San Francisco","centroid":[-122.4563938,37.7161506]},"geometry":{"type":"Polygon","coordinates":[[[-122.462639,37.718211],[-122.454189,37.718239],[-122.450378,37.716169],[-122.452174,37.714104],[-122.462589,37.71403],[-122.462639,37.718211]]]}},{"type":"Feature","properties":{"geoid":"06075013401","name":"Pacific Heights","city":"San Francisco","county":"San Francisco","centroid":[-122.43833325000001,37.790163]},"geometry":{"type":"Polygon","coordinates":[[[-122.441155,37.791631],[-122.436204,37.792263],[-122.435486,37.788697],[-122.440488,37.788061],[-122.441155,37.791631]]]}},{"type":"Feature","properties":{"geoid":"06075020202","name":"Duboce Triangle","city":"San Francisco","county":"San Francisco","centroid":[-122.4245185,37.76862249999999]},"geometry":{"type":"Polygon","coordinates":[[[-122.426948,37.769175],[-122.42262,37.772503],[-122.422044,37.76654],[-122.426462,37.766272],[-122.426948,37.769175]]]}},{"type":"Feature","properties":{"geoid":"06075013402","name":"Lower Pacific Heights","city":"San Francisco","county":"San Francisco","centroid":[-122.4432905,37.78953225]},"geometry":{"type":"Polygon","coordinates":[[[-122.446117,37.790999],[-122.441155,37.791631],[-122.440488,37.788061],[-122.445402,37.787438],[-122.446117,37.790999]]]}},{"type":"Feature","properties":{"geoid":"06075012802","name":"Cow Hollow","city":"San Francisco","county":"San Francisco","centroid":[-122.43793983333335,37.798053]},"geometry":{"type":"Polygon","coordinates":[[[-122.441177,37.80019],[-122.436274,37.800814],[-122.435678,37.798021],[-122.437326,37.797811],[-122.43695,37.795949],[-122.440234,37.795533],[-122.441177,37.80019]]]}},{"type":"Feature","properties":{"geoid":"06075013002","name":"Cow Hollow","city":"San Francisco","county":"San Francisco","centroid":[-122.43375424999999,37.79683225]},"geometry":{"type":"Polygon","coordinates":[[[-122.437326,37.797811],[-122.430747,37.798648],[-122.430183,37.795854],[-122.436761,37.795016],[-122.437326,37.797811]]]}},{"type":"Feature","properties":{"geoid":"06075020601","name":"Castro","city":"San Francisco","county":"San Francisco","centroid":[-122.429686,37.760168166666666]},"geometry":{"type":"Polygon","coordinates":[[[-122.435188,37.762671],[-122.426137,37.763036],[-122.425685,37.758232],[-122.42805,37.758089],[-122.428202,37.759692],[-122.434854,37.759289],[-122.435188,37.762671]]]}},{"type":"Feature","properties":{"geoid":"06075020201","name":"Mission","city":"San Francisco","county":"San Francisco","centroid":[-122.42409375,37.764787]},"geometry":{"type":"Polygon","coordinates":[[[-122.426462,37.766272],[-122.422044,37.76654],[-122.421732,37.7633],[-122.426137,37.763036],[-122.426462,37.766272]]]}},{"type":"Feature","properties":{"geoid":"06075061508","name":"Rincon Hill","city":"San Francisco","county":"San Francisco","centroid":[-122.388123,37.78390975000001]},"geometry":{"type":"Polygon","coordinates":[[[-122.393618,37.783078],[-122.388588,37.787049],[-122.383434,37.787535],[-122.381681,37.783529],[-122.387628,37.782826],[-122.388112,37.781806],[-122.389846,37.783609],[-122.392077,37.781846],[-122.393618,37.783078]]]}},{"type":"Feature","properties":{"geoid":"06075013001","name":"Cow Hollow","city":"San Francisco","county":"San Francisco","centroid":[-122.4272275,37.797663]},"geometry":{"type":"Polygon","coordinates":[[[-122.430747,37.798648],[-122.424275,37.799472],[-122.423705,37.796678],[-122.430183,37.795854],[-122.430747,37.798648]]]}},{"type":"Feature","properties":{"geoid":"06075010201","name":"Russian Hill","city":"San Francisco","county":"San Francisco","centroid":[-122.421212,37.801304]},"geometry":{"type":"Polygon","coordinates":[[[-122.424835,37.802268],[-122.418151,37.803135],[-122.417587,37.800341],[-122.424275,37.799472],[-122.424835,37.802268]]]}},{"type":"Feature","properties":{"geoid":"06075011101","name":"Polk Gulch","city":"San Francisco","county":"San Francisco","centroid":[-122.419271,37.79168475]},"geometry":{"type":"Polygon","coordinates":[[[-122.422801,37.792161],[-122.416113,37.793014],[-122.41575,37.791206],[-122.42242,37.790358],[-122.422801,37.792161]]]}},{"type":"Feature","properties":{"geoid":"06081608023","name":"Foster","city":"Foster","county":"San Mateo","centroid":[-122.26844527777774,37.542401444444444]},"geometry":{"type":"Polygon","coordinates":[[[-122.278858,37.545716],[-122.275497,37.544566],[-122.269854,37.546404],[-122.269677,37.541935],[-122.26515,37.54149],[-122.261749,37.54377],[-122.260604,37.547103],[-122.256857,37.54735],[-122.256458,37.546323],[-122.259854,37.545138],[-122.260413,37.543326],[-122.267376,37.538456],[-122.270079,37.538899],[-122.270245,37.536721],[-122.277199,37.535709],[-122.278735,37.536844],[-122.276499,37.539969],[-122.276911,37.543507],[-122.278858,37.545716]]]}},{"type":"Feature","properties":{"geoid":"06081608200","name":"Foster","city":"Foster","county":"San Mateo","centroid":[-122.25788418181818,37.56488627272727]},"geometry":{"type":"Polygon","coordinates":[[[-122.270085,37.566765],[-122.262331,37.573775],[-122.251746,37.567633],[-122.248502,37.564108],[-122.253495,37.562792],[-122.253563,37.561211],[-122.254806,37.560981],[-122.255964,37.563033],[-122.257142,37.562556],[-122.260661,37.565375],[-122.268431,37.56552],[-122.270085,37.566765]]]}},{"type":"Feature","properties":{"geoid":"06081608300","name":"Foster","city":"Foster","county":"San Mateo","centroid":[-122.25178636363638,37.559378]},"geometry":{"type":"Polygon","coordinates":[[[-122.258741,37.555511],[-122.256343,37.556924],[-122.257142,37.562556],[-122.255964,37.563033],[-122.254806,37.560981],[-122.253563,37.561211],[-122.253495,37.562792],[-122.244605,37.565373],[-122.242738,37.560526],[-122.242889,37.555058],[-122.249364,37.549193],[-122.258741,37.555511]]]}},{"type":"Feature","properties":{"geoid":"06081608400","name":"San Mateo","city":"San Mateo","county":"San Mateo","centroid":[-122.28371594117647,37.54610135294118]},"geometry":{"type":"Polygon","coordinates":[[[-122.296278,37.553346],[-122.289159,37.554897],[-122.287424,37.552939],[-122.282179,37.553641],[-122.282008,37.551459],[-122.284341,37.550652],[-122.284444,37.549509],[-122.283541,37.548267],[-122.280208,37.54847],[-122.277008,37.54387],[-122.276499,37.539969],[-122.278833,37.536519],[-122.276664,37.534223],[-122.27732,37.532935],[-122.286886,37.543007],[-122.290622,37.544091],[-122.289757,37.545929],[-122.296278,37.553346]]]}},{"type":"Feature","properties":{"geoid":"06081608501","name":"San Mateo","city":"San Mateo","county":"San Mateo","centroid":[-122.2896602,37.5373773]},"geometry":{"type":"Polygon","coordinates":[[[-122.297889,37.538485],[-122.291546,37.542677],[-122.290957,37.541797],[-122.289154,37.543867],[-122.286886,37.543007],[-122.27832,37.534018],[-122.289272,37.534134],[-122.290533,37.532056],[-122.287413,37.529267],[-122.294632,37.534465],[-122.297889,37.538485]]]}},{"type":"Feature","properties":{"geoid":"06081608502","name":"San Mateo","city":"San Mateo","county":"San Mateo","centroid":[-122.28337614285714,37.531396571428566]},"geometry":{"type":"Polygon","coordinates":[[[-122.290533,37.532056],[-122.289206,37.534159],[-122.27832,37.534018],[-122.274974,37.530471],[-122.278278,37.528835],[-122.285539,37.530666],[-122.286783,37.529571],[-122.290533,37.532056]]]}},{"type":"Feature","properties":{"geoid":"06081608600","name":"Belmont","city":"Belmont","county":"San Mateo","centroid":[-122.27331294444444,37.526310611111114]},"geometry":{"type":"Polygon","coordinates":[[[-122.286871,37.529492],[-122.285539,37.530666],[-122.278278,37.528835],[-122.277855,37.52987],[-122.276454,37.529511],[-122.274974,37.530471],[-122.27732,37.532935],[-122.276664,37.534223],[-122.265697,37.534076],[-122.270002,37.529626],[-122.261067,37.520434],[-122.262565,37.519199],[-122.267923,37.523798],[-122.270942,37.521285],[-122.270159,37.520751],[-122.272158,37.52023],[-122.271659,37.519244],[-122.273506,37.518945],[-122.286871,37.529492]]]}},{"type":"Feature","properties":{"geoid":"06081608700","name":"Devonshire","city":"Belmont","county":"San Mateo","centroid":[-122.2878455,37.5190694]},"geometry":{"type":"Polygon","coordinates":[[[-122.301947,37.523365],[-122.28704,37.529434],[-122.273506,37.518945],[-122.275051,37.51757],[-122.277324,37.51921],[-122.278631,37.517027],[-122.294295,37.512112],[-122.296367,37.514289],[-122.296143,37.517601],[-122.298151,37.521141],[-122.301947,37.523365]]]}},{"type":"Feature","properties":{"geoid":"06081609000","name":"Devonshire","city":"Belmont","county":"San Mateo","centroid":[-122.280433,37.513078285714286]},"geometry":{"type":"Polygon","coordinates":[[[-122.294295,37.512112],[-122.278631,37.517027],[-122.277324,37.51921],[-122.275051,37.51757],[-122.27313,37.51926],[-122.267338,37.51423],[-122.273025,37.510195],[-122.278294,37.513117],[-122.279084,37.512421],[-122.277972,37.511456],[-122.284447,37.509731],[-122.286557,37.510584],[-122.288585,37.507417],[-122.292329,37.508766],[-122.294295,37.512112]]]}},{"type":"Feature","properties":{"geoid":"06081609300","name":"San Carlos","city":"San Carlos","county":"San Mateo","centroid":[-122.25372790000002,37.4888776]},"geometry":{"type":"Polygon","coordinates":[[[-122.258625,37.488308],[-122.256322,37.489733],[-122.256408,37.492],[-122.24852,37.497797],[-122.24424,37.49407],[-122.249958,37.487075],[-122.253136,37.486373],[-122.254749,37.484385],[-122.256812,37.483847],[-122.258509,37.485188],[-122.258625,37.488308]]]}},{"type":"Feature","properties":{"geoid":"06081609900","name":"Redwood","city":"Redwood","county":"San Mateo","centroid":[-122.2466559090909,37.479512818181824]},"geometry":{"type":"Polygon","coordinates":[[[-122.256675,37.483892],[-122.246896,37.489696],[-122.245585,37.487487],[-122.247768,37.4841],[-122.241906,37.479415],[-122.2442,37.477594],[-122.239303,37.474586],[-122.240721,37.47253],[-122.248451,37.473834],[-122.250324,37.472347],[-122.251386,37.47916],[-122.256675,37.483892]]]}},{"type":"Feature","properties":{"geoid":"06081610000","name":"Redwood","city":"Redwood","county":"San Mateo","centroid":[-122.24226250000001,37.48444792857142]},"geometry":{"type":"Polygon","coordinates":[[[-122.246978,37.48471],[-122.247443,37.485954],[-122.245585,37.487487],[-122.24772,37.490349],[-122.24424,37.49407],[-122.239441,37.49084],[-122.240718,37.489666],[-122.233,37.484509],[-122.238324,37.480283],[-122.235049,37.478708],[-122.239303,37.474586],[-122.2442,37.477594],[-122.241906,37.479415],[-122.247768,37.4841],[-122.246978,37.48471]]]}},{"type":"Feature","properties":{"geoid":"06081610100","name":"Redwood","city":"Redwood","county":"San Mateo","centroid":[-122.23820624999999,37.49295975]},"geometry":{"type":"Polygon","coordinates":[[[-122.245134,37.495112],[-122.241252,37.498208],[-122.231769,37.490316],[-122.23467,37.488203],[-122.245134,37.495112]]]}},{"type":"Feature","properties":{"geoid":"06081610201","name":"Redwood","city":"Redwood","county":"San Mateo","centroid":[-122.21397945454542,37.48504863636363]},"geometry":{"type":"Polygon","coordinates":[[[-122.224958,37.484808],[-122.221747,37.489404],[-122.214655,37.488869],[-122.216185,37.490042],[-122.199117,37.486632],[-122.201425,37.48267],[-122.213408,37.485225],[-122.214491,37.483667],[-122.209403,37.482605],[-122.212843,37.477654],[-122.225542,37.483959],[-122.224958,37.484808]]]}},{"type":"Feature","properties":{"geoid":"06081610203","name":"Redwood","city":"Redwood","county":"San Mateo","centroid":[-122.22425463636363,37.47898318181817]},"geometry":{"type":"Polygon","coordinates":[[[-122.232476,37.482417],[-122.231402,37.483366],[-122.227074,37.480249],[-122.225542,37.483959],[-122.214969,37.479067],[-122.21764,37.477094],[-122.220521,37.478913],[-122.221923,37.476424],[-122.224718,37.474952],[-122.225773,37.475787],[-122.224763,37.476587],[-122.232476,37.482417]]]}},{"type":"Feature","properties":{"geoid":"06081610303","name":"Redwood","city":"Redwood","county":"San Mateo","centroid":[-122.24241479999998,37.53872346666667]},"geometry":{"type":"Polygon","coordinates":[[[-122.252371,37.544505],[-122.250724,37.548194],[-122.242889,37.555058],[-122.24294,37.553269],[-122.23295,37.55342],[-122.229656,37.5524],[-122.222905,37.546699],[-122.233313,37.532143],[-122.242954,37.527657],[-122.245841,37.523519],[-122.245884,37.521537],[-122.250517,37.524403],[-122.250568,37.526177],[-122.242196,37.533358],[-122.250514,37.538513],[-122.252371,37.544505]]]}},{"type":"Feature","properties":{"geoid":"06081610400","name":"Redwood","city":"Redwood","county":"San Mateo","centroid":[-122.19036016666666,37.48205866666667]},"geometry":{"type":"Polygon","coordinates":[[[-122.201364,37.482762],[-122.199117,37.486632],[-122.185042,37.484597],[-122.181906,37.48252],[-122.186013,37.478015],[-122.188719,37.477826],[-122.201364,37.482762]]]}},{"type":"Feature","properties":{"geoid":"06081610500","name":"North Fair Oaks","city":"North Fair Oaks","county":"San Mateo","centroid":[-122.209314,37.48025511111111]},"geometry":{"type":"Polygon","coordinates":[[[-122.217231,37.477583],[-122.214969,37.479067],[-122.212843,37.477654],[-122.209403,37.482605],[-122.214491,37.483667],[-122.213408,37.485225],[-122.202086,37.482932],[-122.188719,37.477826],[-122.210676,37.475737],[-122.217231,37.477583]]]}},{"type":"Feature","properties":{"geoid":"06081610601","name":"North Fair Oaks","city":"North Fair Oaks","county":"San Mateo","centroid":[-122.208177,37.47139]},"geometry":{"type":"Polygon","coordinates":[[[-122.217649,37.477048],[-122.210195,37.475864],[-122.202136,37.470434],[-122.199768,37.470197],[-122.202105,37.467273],[-122.20365,37.468247],[-122.206121,37.465142],[-122.216776,37.472895],[-122.215193,37.47541],[-122.217649,37.477048]]]}},{"type":"Feature","properties":{"geoid":"06081610602","name":"North Fair Oaks","city":"North Fair Oaks","county":"San Mateo","centroid":[-122.1964055,37.472812125000004]},"geometry":{"type":"Polygon","coordinates":[[[-122.210437,37.475942],[-122.186013,37.478015],[-122.189696,37.471722],[-122.192198,37.472716],[-122.193335,37.47087],[-122.197954,37.472638],[-122.199475,37.47016],[-122.202136,37.470434],[-122.210437,37.475942]]]}},{"type":"Feature","properties":{"geoid":"06001401700","name":"Lower Bottoms","city":"Oakland","county":"Alameda","centroid":[-122.31775642857141,37.820006285714285]},"geometry":{"type":"Polygon","coordinates":[[[-122.346681,37.811027],[-122.34093,37.81953],[-122.341039,37.826457],[-122.317478,37.832307],[-122.312273,37.832201],[-122.318746,37.835417],[-122.319486,37.836932],[-122.28095,37.827689],[-122.293994,37.811415],[-122.297863,37.813297],[-122.302446,37.806982],[-122.320197,37.809318],[-122.327803,37.807658],[-122.328704,37.809858],[-122.346681,37.811027]]]}},{"type":"Feature","properties":{"geoid":"06075990100","name":"San Francisco","city":"San Francisco","county":"San Francisco","centroid":[-122.55694800000002,37.764334777777776]},"geometry":{"type":"Polygon","coordinates":[[[-122.612285,37.815224],[-122.534088,37.815347],[-122.517396,37.775242],[-122.512288,37.729673],[-122.507103,37.708085],[-122.575189,37.706721],[-122.581281,37.760203],[-122.584728,37.779156],[-122.588174,37.789362],[-122.612285,37.815224]]]}},{"type":"Feature","properties":{"geoid":"06001433600","name":"San Leandro","city":"San Leandro","county":"Alameda","centroid":[-122.14211800000001,37.68489366666667]},"geometry":{"type":"Polygon","coordinates":[[[-122.151809,37.691273],[-122.140139,37.691628],[-122.140728,37.692493],[-122.129,37.684386],[-122.131393,37.685195],[-122.140512,37.684205],[-122.144489,37.680058],[-122.151143,37.676795],[-122.149849,37.67801],[-122.151809,37.691273]]]}},{"type":"Feature","properties":{"geoid":"06081613900","name":"Menlo Park","city":"Menlo Park","county":"San Mateo","centroid":[-122.1593731,37.4622729]},"geometry":{"type":"Polygon","coordinates":[[[-122.173817,37.459777],[-122.167865,37.471696],[-122.157135,37.469467],[-122.156294,37.46667],[-122.155364,37.468827],[-122.150954,37.466225],[-122.152843,37.457913],[-122.157245,37.453589],[-122.159519,37.454721],[-122.162695,37.453844],[-122.173817,37.459777]]]}},{"type":"Feature","properties":{"geoid":"06075020402","name":"Midtown Terrace","city":"San Francisco","county":"San Francisco","centroid":[-122.44523188235293,37.75334141176471]},"geometry":{"type":"Polygon","coordinates":[[[-122.45087,37.746078],[-122.447696,37.749485],[-122.445635,37.748983],[-122.447958,37.75027],[-122.449717,37.74954],[-122.447034,37.751659],[-122.447852,37.755821],[-122.445348,37.755619],[-122.44695,37.75655],[-122.444385,37.756402],[-122.444964,37.757273],[-122.443188,37.756039],[-122.442175,37.758939],[-122.439167,37.759028],[-122.438864,37.755434],[-122.442847,37.752375],[-122.444292,37.747309],[-122.45087,37.746078]]]}},{"type":"Feature","properties":{"geoid":"06075980900","name":"Potrero Terrace","city":"San Francisco","county":"San Francisco","centroid":[-122.39221172222226,37.74425227777778]},"geometry":{"type":"Polygon","coordinates":[[[-122.407114,37.73906],[-122.404185,37.745237],[-122.403784,37.749433],[-122.402605,37.750558],[-122.396408,37.751179],[-122.396513,37.752311],[-122.377981,37.753629],[-122.376064,37.75256],[-122.372762,37.745505],[-122.37911,37.73768],[-122.387143,37.741297],[-122.3865,37.742011],[-122.387999,37.742757],[-122.389425,37.738803],[-122.391268,37.739853],[-122.394093,37.736729],[-122.399848,37.739937],[-122.407009,37.738002],[-122.407114,37.73906]]]}},{"type":"Feature","properties":{"geoid":"06013336202","name":"Four Corners","city":"Concord","county":"Contra Costa","centroid":[-122.0442268,37.9562018]},"geometry":{"type":"Polygon","coordinates":[[[-122.050986,37.948417],[-122.050241,37.95524],[-122.043907,37.957411],[-122.040319,37.961288],[-122.035681,37.958653],[-122.050986,37.948417]]]}},{"type":"Feature","properties":{"geoid":"06013355115","name":"Dougherty Valley","city":"San Ramon","county":"Contra Costa","centroid":[-121.91213433333334,37.76083311111111]},"geometry":{"type":"Polygon","coordinates":[[[-121.920322,37.766235],[-121.918156,37.773469],[-121.90895,37.769717],[-121.904208,37.764693],[-121.904794,37.760109],[-121.908975,37.753376],[-121.913927,37.749444],[-121.915606,37.753845],[-121.914271,37.75661],[-121.920322,37.766235]]]}},{"type":"Feature","properties":{"geoid":"06013351103","name":"Rossmoor","city":"Walnut Creek","county":"Contra Costa","centroid":[-122.06476392307692,37.86639723076923]},"geometry":{"type":"Polygon","coordinates":[[[-122.075559,37.870154],[-122.07334,37.87135],[-122.074081,37.874099],[-122.071623,37.876681],[-122.067296,37.875866],[-122.066711,37.873989],[-122.058953,37.871587],[-122.058808,37.864901],[-122.05322,37.863345],[-122.052699,37.852955],[-122.056279,37.852675],[-122.063308,37.854573],[-122.070054,37.860989],[-122.075559,37.870154]]]}},{"type":"Feature","properties":{"geoid":"06013351101","name":"Rossmoor","city":"Walnut Creek","county":"Contra Costa","centroid":[-122.06873809090911,37.855489818181816]},"geometry":{"type":"Polygon","coordinates":[[[-122.081475,37.865282],[-122.079862,37.865463],[-122.078831,37.860884],[-122.07495,37.860977],[-122.071415,37.863283],[-122.063023,37.854414],[-122.052699,37.852955],[-122.052357,37.842497],[-122.061569,37.842983],[-122.061659,37.845866],[-122.078279,37.855784],[-122.081475,37.865282]]]}},{"type":"Feature","properties":{"geoid":"06013365003","name":"Richmond","city":"Richmond","county":"Contra Costa","centroid":[-122.3292255,37.981378250000006]},"geometry":{"type":"Polygon","coordinates":[[[-122.342057,37.976118],[-122.332862,37.990746],[-122.32506,37.990399],[-122.314876,37.986746],[-122.318511,37.976332],[-122.328764,37.976575],[-122.33306,37.978343],[-122.338614,37.975767],[-122.342057,37.976118]]]}},{"type":"Feature","properties":{"geoid":"06013339001","name":"Walnut Heights","city":"Walnut Creek","county":"Contra Costa","centroid":[-122.05669457142857,37.89088257142857]},"geometry":{"type":"Polygon","coordinates":[[[-122.070653,37.896559],[-122.05998,37.897353],[-122.056471,37.898833],[-122.053697,37.889851],[-122.049273,37.884224],[-122.048649,37.87969],[-122.058139,37.889668],[-122.070653,37.896559]]]}},{"type":"Feature","properties":{"geoid":"06013345111","name":"San Ramon","city":"San Ramon","county":"Contra Costa","centroid":[-121.9501317777778,37.75625511111111]},"geometry":{"type":"Polygon","coordinates":[[[-121.965203,37.760078],[-121.958019,37.762196],[-121.951909,37.765767],[-121.94123,37.75838],[-121.938483,37.75354],[-121.941925,37.752436],[-121.946328,37.753922],[-121.950858,37.752633],[-121.957231,37.747344],[-121.965203,37.760078]]]}},{"type":"Feature","properties":{"geoid":"06013345114","name":"Danville","city":"Danville","county":"Contra Costa","centroid":[-121.96384752941177,37.80008629411764]},"geometry":{"type":"Polygon","coordinates":[[[-121.97753,37.806955],[-121.976718,37.811967],[-121.967518,37.816146],[-121.963594,37.815237],[-121.951696,37.808701],[-121.952955,37.806612],[-121.956022,37.807036],[-121.959132,37.801948],[-121.955782,37.797988],[-121.957509,37.792272],[-121.953427,37.790438],[-121.95173,37.786619],[-121.966875,37.780485],[-121.974191,37.790004],[-121.971952,37.791825],[-121.973137,37.792699],[-121.97564,37.804535],[-121.97753,37.806955]]]}},{"type":"Feature","properties":{"geoid":"06013345116","name":"San Ramon","city":"San Ramon","county":"Contra Costa","centroid":[-121.9746954,37.7648408]},"geometry":{"type":"Polygon","coordinates":[[[-121.982797,37.763821],[-121.977048,37.769777],[-121.972237,37.771516],[-121.965295,37.760053],[-121.9761,37.759037],[-121.982797,37.763821]]]}},{"type":"Feature","properties":{"geoid":"06041120002","name":"Larkspur","city":"Larkspur","county":"Marin","centroid":[-122.53582673333331,37.93401330000001]},"geometry":{"type":"Polygon","coordinates":[[[-122.553224,37.927698],[-122.552308,37.933387],[-122.542572,37.935484],[-122.54637,37.941113],[-122.545949,37.943209],[-122.543098,37.942875],[-122.543216,37.944722],[-122.540268,37.943081],[-122.538543,37.944499],[-122.533542,37.942427],[-122.52863,37.944292],[-122.521212,37.941819],[-122.515232,37.942953],[-122.515882,37.940401],[-122.521295,37.937506],[-122.520775,37.934433],[-122.527176,37.93389],[-122.527215,37.932254],[-122.525038,37.930879],[-122.527155,37.929343],[-122.531959,37.92933],[-122.530581,37.927685],[-122.535017,37.926839],[-122.536095,37.924148],[-122.539739,37.92516],[-122.539618,37.922123],[-122.544541,37.923489],[-122.54655,37.925934],[-122.549138,37.923745],[-122.552864,37.925681],[-122.553224,37.927698]]]}},{"type":"Feature","properties":{"geoid":"06041112204","name":"Canal","city":"San Rafael","county":"Marin","centroid":[-122.50738137500001,37.966796375]},"geometry":{"type":"Polygon","coordinates":[[[-122.513398,37.968329],[-122.507605,37.966326],[-122.498996,37.969795],[-122.500874,37.965435],[-122.504613,37.966328],[-122.508966,37.964411],[-122.512634,37.966508],[-122.511965,37.967239],[-122.513398,37.968329]]]}},{"type":"Feature","properties":{"geoid":"06041104103","name":"Canyon Green","city":"Novato","county":"Marin","centroid":[-122.57386140000001,38.0849378]},"geometry":{"type":"Polygon","coordinates":[[[-122.586592,38.085471],[-122.578795,38.089672],[-122.57288,38.094304],[-122.570114,38.098153],[-122.565463,38.088288],[-122.561776,38.085272],[-122.569067,38.078659],[-122.568279,38.074937],[-122.579893,38.076049],[-122.585755,38.078573],[-122.586592,38.085471]]]}},{"type":"Feature","properties":{"geoid":"06041108202","name":"Terra Linda","city":"San Rafael","county":"Marin","centroid":[-122.54880028571428,37.999930761904764]},"geometry":{"type":"Polygon","coordinates":[[[-122.565768,38.003605],[-122.56404,38.003762],[-122.562196,38.005953],[-122.562745,38.007795],[-122.561166,38.008594],[-122.557912,38.006993],[-122.555662,38.011764],[-122.541377,38.007068],[-122.539041,38.003679],[-122.542032,38.003901],[-122.542533,38.001257],[-122.545399,38.001003],[-122.547771,37.997798],[-122.545484,37.996353],[-122.541582,37.998319],[-122.539952,37.993462],[-122.530257,37.989883],[-122.533282,37.986715],[-122.545127,37.9881],[-122.544106,37.988986],[-122.557374,37.993556],[-122.565768,38.003605]]]}},{"type":"Feature","properties":{"geoid":"06041130204","name":"Sausalito","city":"Sausalito","county":"Marin","centroid":[-122.48811711428573,37.857990199999996]},"geometry":{"type":"Polygon","coordinates":[[[-122.516584,37.884154],[-122.491384,37.872526],[-122.492784,37.875426],[-122.491884,37.875726],[-122.486684,37.873726],[-122.488884,37.869426],[-122.472549,37.861964],[-122.474132,37.860226],[-122.474571,37.84966],[-122.471388,37.84247],[-122.467549,37.838141],[-122.468079,37.833687],[-122.47283,37.831892],[-122.471628,37.836638],[-122.476598,37.842273],[-122.477681,37.846674],[-122.479838,37.84746],[-122.479407,37.857009],[-122.483994,37.858784],[-122.490269,37.85388],[-122.489327,37.855938],[-122.490826,37.857446],[-122.491842,37.85768],[-122.49126,37.855623],[-122.492951,37.854327],[-122.494943,37.856396],[-122.499002,37.857787],[-122.500882,37.860025],[-122.499303,37.862594],[-122.497173,37.862516],[-122.495664,37.860127],[-122.493726,37.861888],[-122.497736,37.863945],[-122.505344,37.872436],[-122.515403,37.879187],[-122.516584,37.884154]]]}},{"type":"Feature","properties":{"geoid":"06041120001","name":"Larkspur","city":"Larkspur","county":"Marin","centroid":[-122.54481408333335,37.94621133333334]},"geometry":{"type":"Polygon","coordinates":[[[-122.551074,37.947932],[-122.549269,37.948564],[-122.549668,37.95077],[-122.545791,37.95161],[-122.544943,37.949002],[-122.53958,37.947159],[-122.538543,37.944499],[-122.540268,37.943081],[-122.543216,37.944722],[-122.543098,37.942875],[-122.545949,37.943209],[-122.54637,37.941113],[-122.551074,37.947932]]]}},{"type":"Feature","properties":{"geoid":"06041130203","name":"Sausalito","city":"Sausalito","county":"Marin","centroid":[-122.50080036363637,37.863777]},"geometry":{"type":"Polygon","coordinates":[[[-122.507114,37.871636],[-122.505344,37.872436],[-122.497736,37.863945],[-122.493782,37.861735],[-122.495736,37.860139],[-122.497173,37.862516],[-122.498859,37.862781],[-122.500877,37.860146],[-122.500321,37.85918],[-122.50493,37.861989],[-122.506932,37.865044],[-122.507114,37.871636]]]}},{"type":"Feature","properties":{"geoid":"06041105001","name":"Novato","city":"Novato","county":"Marin","centroid":[-122.52902258333334,38.05085466666667]},"geometry":{"type":"Polygon","coordinates":[[[-122.537292,38.066259],[-122.536476,38.066724],[-122.524067,38.056708],[-122.520937,38.051667],[-122.519283,38.04062],[-122.521732,38.039387],[-122.527176,38.040109],[-122.530766,38.042341],[-122.536415,38.04162],[-122.531797,38.048917],[-122.530481,38.055874],[-122.531849,38.06003],[-122.537292,38.066259]]]}},{"type":"Feature","properties":{"geoid":"06041105002","name":"Novato","city":"Novato","county":"Marin","centroid":[-122.51409266666667,38.05941828571427]},"geometry":{"type":"Polygon","coordinates":[[[-122.536381,38.066834],[-122.535445,38.069027],[-122.529381,38.070498],[-122.527611,38.070481],[-122.527382,38.06943],[-122.522935,38.069777],[-122.520962,38.07133],[-122.511588,38.06352],[-122.500587,38.06082],[-122.496687,38.07102],[-122.480313,38.067446],[-122.487361,38.050081],[-122.487295,38.047636],[-122.506627,38.047683],[-122.508034,38.045268],[-122.514014,38.044395],[-122.515462,38.051153],[-122.520596,38.052613],[-122.520288,38.047921],[-122.520937,38.051667],[-122.52606,38.059184],[-122.536381,38.066834]]]}},{"type":"Feature","properties":{"geoid":"06041111002","name":"Dominican","city":"San Rafael","county":"Marin","centroid":[-122.54014633333334,37.96981113333332]},"geometry":{"type":"Polygon","coordinates":[[[-122.550948,37.975823],[-122.5413,37.974173],[-122.538624,37.974191],[-122.538154,37.975814],[-122.53045,37.975081],[-122.531763,37.968226],[-122.53281,37.968331],[-122.533106,37.962944],[-122.534188,37.962163],[-122.532408,37.960087],[-122.545255,37.966526],[-122.545187,37.96853],[-122.548457,37.970811],[-122.548632,37.972279],[-122.550913,37.972188],[-122.550948,37.975823]]]}},{"type":"Feature","properties":{"geoid":"06041108201","name":"Terra Linda","city":"San Rafael","county":"Marin","centroid":[-122.5398270909091,37.99716263636363]},"geometry":{"type":"Polygon","coordinates":[[[-122.548055,37.998592],[-122.545399,38.001003],[-122.542533,38.001257],[-122.542032,38.003901],[-122.539041,38.003679],[-122.529077,37.990601],[-122.531012,37.989879],[-122.533999,37.991951],[-122.539665,37.993255],[-122.541582,37.998319],[-122.545703,37.996352],[-122.548055,37.998592]]]}},{"type":"Feature","properties":{"geoid":"06041111001","name":"Dominican","city":"San Rafael","county":"Marin","centroid":[-122.52622416666667,37.971214833333335]},"geometry":{"type":"Polygon","coordinates":[[[-122.531657,37.968943],[-122.53045,37.975081],[-122.520982,37.973922],[-122.521721,37.970502],[-122.526,37.97095],[-122.526535,37.967891],[-122.531657,37.968943]]]}},{"type":"Feature","properties":{"geoid":"06041112203","name":"Canal","city":"San Rafael","county":"Marin","centroid":[-122.5036365,37.964994]},"geometry":{"type":"Polygon","coordinates":[[[-122.506923,37.9655],[-122.504613,37.966328],[-122.500874,37.965435],[-122.502136,37.962713],[-122.506923,37.9655]]]}},{"type":"Feature","properties":{"geoid":"06041104104","name":"Novato","city":"Novato","county":"Marin","centroid":[-122.55001192857142,38.0724167142857]},"geometry":{"type":"Polygon","coordinates":[[[-122.569317,38.077657],[-122.561776,38.085272],[-122.556117,38.077581],[-122.547252,38.077453],[-122.546156,38.080125],[-122.542315,38.076278],[-122.536476,38.066724],[-122.540745,38.065973],[-122.539572,38.064872],[-122.541786,38.064148],[-122.542188,38.065597],[-122.547176,38.068134],[-122.561012,38.069083],[-122.568279,38.074937],[-122.569317,38.077657]]]}},{"type":"Feature","properties":{"geoid":"06013359105","name":"Hercules","city":"Hercules","county":"Contra Costa","centroid":[-122.28784400000002,38.0170575625]},"geometry":{"type":"Polygon","coordinates":[[[-122.302178,38.017986],[-122.296598,38.019934],[-122.295267,38.023778],[-122.292767,38.026066],[-122.288483,38.026977],[-122.284138,38.020431],[-122.282694,38.020796],[-122.274696,38.017277],[-122.272486,38.014971],[-122.274212,38.012715],[-122.279253,38.012037],[-122.286466,38.008279],[-122.290731,38.007931],[-122.294764,38.013355],[-122.293098,38.015231],[-122.297673,38.015157],[-122.302178,38.017986]]]}},{"type":"Feature","properties":{"geoid":"06001438204","name":"Hayward","city":"Hayward","county":"Alameda","centroid":[-122.06133485714285,37.628321571428565]},"geometry":{"type":"Polygon","coordinates":[[[-122.067175,37.62811],[-122.063367,37.629225],[-122.061485,37.62848],[-122.065046,37.633582],[-122.058388,37.635735],[-122.05168,37.625745],[-122.062203,37.617374],[-122.067175,37.62811]]]}},{"type":"Feature","properties":{"geoid":"06001440336","name":"Union","city":"Union","county":"Alameda","centroid":[-122.01565487500001,37.5798385]},"geometry":{"type":"Polygon","coordinates":[[[-122.02536,37.578493],[-122.021514,37.587181],[-122.007028,37.582753],[-122.008362,37.579029],[-122.011042,37.580633],[-122.013844,37.580241],[-122.016852,37.574731],[-122.021237,37.575647],[-122.02536,37.578493]]]}},{"type":"Feature","properties":{"geoid":"06001441926","name":"Irvington","city":"Fremont","county":"Alameda","centroid":[-121.97850724999999,37.540766749999996]},"geometry":{"type":"Polygon","coordinates":[[[-121.984057,37.540487],[-121.980866,37.544669],[-121.973146,37.540693],[-121.97596,37.537218],[-121.984057,37.540487]]]}},{"type":"Feature","properties":{"geoid":"06001442301","name":"Irvington","city":"Fremont","county":"Alameda","centroid":[-121.963241375,37.5296175]},"geometry":{"type":"Polygon","coordinates":[[[-121.970127,37.530184],[-121.968944,37.532073],[-121.965384,37.530478],[-121.963264,37.530728],[-121.963589,37.532982],[-121.953995,37.533106],[-121.951627,37.524905],[-121.969001,37.522484],[-121.970127,37.530184]]]}},{"type":"Feature","properties":{"geoid":"06001442601","name":"Centerville","city":"Fremont","county":"Alameda","centroid":[-121.99587816666667,37.545196]},"geometry":{"type":"Polygon","coordinates":[[[-122.005275,37.539974],[-121.996258,37.552612],[-121.990833,37.549815],[-121.993373,37.546882],[-121.991011,37.545522],[-121.998519,37.536371],[-122.005275,37.539974]]]}},{"type":"Feature","properties":{"geoid":"06001443104","name":"Mission San Jose","city":"Fremont","county":"Alameda","centroid":[-121.92656387499999,37.529580375]},"geometry":{"type":"Polygon","coordinates":[[[-121.94133,37.531085],[-121.924387,37.540631],[-121.920537,37.53525],[-121.917953,37.526126],[-121.921437,37.525371],[-121.924396,37.522933],[-121.928419,37.523587],[-121.934052,37.53166],[-121.94133,37.531085]]]}},{"type":"Feature","properties":{"geoid":"06001444601","name":"Newark","city":"Newark","county":"Alameda","centroid":[-122.013991,37.5265372]},"geometry":{"type":"Polygon","coordinates":[[[-122.029818,37.523848],[-122.017348,37.539133],[-122.00236,37.529774],[-122.008326,37.524306],[-122.012103,37.515625],[-122.029818,37.523848]]]}},{"type":"Feature","properties":{"geoid":"06001450746","name":"Shadow Cliffs","city":"Pleasanton","county":"Alameda","centroid":[-121.86757214285716,37.67146042857143]},"geometry":{"type":"Polygon","coordinates":[[[-121.877311,37.686155],[-121.859013,37.672813],[-121.857871,37.670438],[-121.86401,37.66837],[-121.868081,37.664936],[-121.874035,37.66477],[-121.872684,37.672741],[-121.877311,37.686155]]]}},{"type":"Feature","properties":{"geoid":"06001451505","name":"Village II","city":"Livermore","county":"Alameda","centroid":[-121.7255746,37.6905392]},"geometry":{"type":"Polygon","coordinates":[[[-121.732318,37.687839],[-121.732255,37.694052],[-121.726026,37.695276],[-121.718592,37.694423],[-121.718682,37.681106],[-121.732318,37.687839]]]}},{"type":"Feature","properties":{"geoid":"06001983200","name":"Jack London Square","city":"Oakland","county":"Alameda","centroid":[-122.27702500000001,37.7955635]},"geometry":{"type":"Polygon","coordinates":[[[-122.284171,37.794022],[-122.279564,37.800449],[-122.27014,37.796524],[-122.274225,37.791259],[-122.284171,37.794022]]]}},{"type":"Feature","properties":{"geoid":"06001451506","name":"Village II","city":"Livermore","county":"Alameda","centroid":[-121.72833519999999,37.6833372]},"geometry":{"type":"Polygon","coordinates":[[[-121.738057,37.687515],[-121.732474,37.687906],[-121.719288,37.681472],[-121.71878,37.679853],[-121.733077,37.67994],[-121.738057,37.687515]]]}},{"type":"Feature","properties":{"geoid":"06001451704","name":"Sandhurst","city":"Livermore","county":"Alameda","centroid":[-121.78818212500002,37.662972375]},"geometry":{"type":"Polygon","coordinates":[[[-121.798516,37.656151],[-121.798438,37.668664],[-121.793341,37.669514],[-121.788568,37.667124],[-121.780391,37.667105],[-121.780372,37.660694],[-121.782848,37.658529],[-121.782983,37.655998],[-121.798516,37.656151]]]}},{"type":"Feature","properties":{"geoid":"06001405902","name":"San Antonio","city":"Oakland","county":"Alameda","centroid":[-122.23966266666667,37.791924]},"geometry":{"type":"Polygon","coordinates":[[[-122.247175,37.789913],[-122.239833,37.795136],[-122.236865,37.794247],[-122.237547,37.793494],[-122.235512,37.792267],[-122.241044,37.786487],[-122.247175,37.789913]]]}},{"type":"Feature","properties":{"geoid":"06001410500","name":"West Oakland","city":"Oakland","county":"Alameda","centroid":[-122.28957650000001,37.807930166666665]},"geometry":{"type":"Polygon","coordinates":[[[-122.293602,37.805302],[-122.28967,37.817002],[-122.284024,37.815622],[-122.28867,37.802755],[-122.291101,37.802526],[-122.290392,37.804374],[-122.293602,37.805302]]]}},{"type":"Feature","properties":{"geoid":"06001425104","name":"Longfellow","city":"Emeryville","county":"Alameda","centroid":[-122.28267,37.83237966666667]},"geometry":{"type":"Polygon","coordinates":[[[-122.291241,37.83472],[-122.281807,37.837206],[-122.275607,37.83643],[-122.278463,37.828864],[-122.277873,37.826951],[-122.291029,37.830107],[-122.291241,37.83472]]]}},{"type":"Feature","properties":{"geoid":"06001433104","name":"San Leandro","city":"San Leandro","county":"Alameda","centroid":[-122.14767122222221,37.71658433333333]},"geometry":{"type":"Polygon","coordinates":[[[-122.155271,37.715214],[-122.151151,37.716942],[-122.151638,37.717692],[-122.147968,37.719211],[-122.148636,37.719698],[-122.14508,37.720682],[-122.143802,37.718014],[-122.138601,37.714242],[-122.146894,37.707564],[-122.155271,37.715214]]]}},{"type":"Feature","properties":{"geoid":"06001440333","name":"Alvarado","city":"Union","county":"Alameda","centroid":[-122.07161985714286,37.605848]},"geometry":{"type":"Polygon","coordinates":[[[-122.08718,37.608374],[-122.078201,37.613432],[-122.066413,37.613137],[-122.068794,37.605698],[-122.06566,37.605143],[-122.061052,37.598688],[-122.074039,37.596464],[-122.08718,37.608374]]]}},{"type":"Feature","properties":{"geoid":"06001441524","name":"Fremont","city":"Fremont","county":"Alameda","centroid":[-122.04894222222222,37.562616]},"geometry":{"type":"Polygon","coordinates":[[[-122.059295,37.569413],[-122.058508,37.567359],[-122.051618,37.566778],[-122.048483,37.560763],[-122.043044,37.563096],[-122.041645,37.56634],[-122.038506,37.563408],[-122.044201,37.556933],[-122.05518,37.549454],[-122.059295,37.569413]]]}},{"type":"Feature","properties":{"geoid":"06001442602","name":"Centerville","city":"Fremont","county":"Alameda","centroid":[-122.00473325,37.548319500000005]},"geometry":{"type":"Polygon","coordinates":[[[-122.013629,37.544299],[-122.003709,37.556474],[-121.996258,37.552612],[-122.005337,37.539893],[-122.013629,37.544299]]]}},{"type":"Feature","properties":{"geoid":"06001443322","name":"Warm Springs","city":"Fremont","county":"Alameda","centroid":[-121.91974212499998,37.48372]},"geometry":{"type":"Polygon","coordinates":[[[-121.926582,37.484917],[-121.923182,37.486132],[-121.924182,37.488358],[-121.918502,37.490941],[-121.913366,37.482982],[-121.916846,37.482553],[-121.914193,37.478882],[-121.921084,37.474995],[-121.926582,37.484917]]]}},{"type":"Feature","properties":{"geoid":"06001450745","name":"Unincorporated Alameda","city":"","county":"Alameda","centroid":[-121.85294309999999,37.6838977]},"geometry":{"type":"Polygon","coordinates":[[[-121.878146,37.688893],[-121.864237,37.693942],[-121.848591,37.693865],[-121.847691,37.691684],[-121.843004,37.691026],[-121.82683,37.67632],[-121.826737,37.673841],[-121.857871,37.670438],[-121.859013,37.672813],[-121.877311,37.686155],[-121.878146,37.688893]]]}},{"type":"Feature","properties":{"geoid":"06001981900","name":"7th Street Historic","city":"Oakland","county":"Alameda","centroid":[-122.31585515384614,37.804433076923075]},"geometry":{"type":"Polygon","coordinates":[[[-122.346681,37.811027],[-122.328704,37.809858],[-122.327803,37.807658],[-122.320444,37.809317],[-122.310768,37.808798],[-122.304866,37.807896],[-122.303339,37.804684],[-122.299698,37.802402],[-122.28867,37.802755],[-122.290552,37.799333],[-122.315064,37.794579],[-122.328507,37.797493],[-122.341021,37.80183],[-122.346681,37.811027]]]}},{"type":"Feature","properties":{"geoid":"06001428700","name":"Woodstock","city":"Alameda","county":"Alameda","centroid":[-122.29643664285713,37.784601]},"geometry":{"type":"Polygon","coordinates":[[[-122.340515,37.801664],[-122.328507,37.797493],[-122.305802,37.792572],[-122.295978,37.791932],[-122.285971,37.793616],[-122.278243,37.793129],[-122.274709,37.791511],[-122.276671,37.788014],[-122.276628,37.779684],[-122.291396,37.779987],[-122.290743,37.771088],[-122.2918,37.769835],[-122.291808,37.763008],[-122.321342,37.770881],[-122.340515,37.801664]]]}},{"type":"Feature","properties":{"geoid":"06001403701","name":"Adams Point","city":"Oakland","county":"Alameda","centroid":[-122.25915316666665,37.811618833333334]},"geometry":{"type":"Polygon","coordinates":[[[-122.262418,37.811052],[-122.261495,37.813034],[-122.260414,37.812399],[-122.258893,37.813547],[-122.255389,37.810661],[-122.25631,37.80902],[-122.262418,37.811052]]]}},{"type":"Feature","properties":{"geoid":"06001404102","name":"Piedmont Avenue","city":"Oakland","county":"Alameda","centroid":[-122.2521,37.826760666666665]},"geometry":{"type":"Polygon","coordinates":[[[-122.256742,37.827628],[-122.256203,37.828483],[-122.252453,37.826373],[-122.249353,37.828701],[-122.247599,37.826504],[-122.25025,37.822875],[-122.256742,37.827628]]]}},{"type":"Feature","properties":{"geoid":"06001425102","name":"Golden Gate","city":"Emeryville","county":"Alameda","centroid":[-122.29442283333333,37.83876816666667]},"geometry":{"type":"Polygon","coordinates":[[[-122.298817,37.847917],[-122.295046,37.848706],[-122.29179,37.838179],[-122.291029,37.830107],[-122.293391,37.830674],[-122.296464,37.837026],[-122.298817,37.847917]]]}},{"type":"Feature","properties":{"geoid":"06001425103","name":"Golden Gate","city":"Emeryville","county":"Alameda","centroid":[-122.28987925000001,37.842533]},"geometry":{"type":"Polygon","coordinates":[[[-122.295046,37.848706],[-122.288739,37.849991],[-122.284491,37.836715],[-122.291241,37.83472],[-122.295046,37.848706]]]}},{"type":"Feature","properties":{"geoid":"06001435103","name":"Unincorporated Alameda","city":"","county":"Alameda","centroid":[-121.98056590816327,37.64392853061225]},"geometry":{"type":"Polygon","coordinates":[[[-122.047274,37.690937],[-122.044451,37.692544],[-122.044796,37.696017],[-122.039862,37.700417],[-122.036055,37.701993],[-122.02651,37.69803],[-122.020384,37.699987],[-122.022511,37.696014],[-122.019155,37.694819],[-122.012124,37.694537],[-122.003455,37.696138],[-121.999591,37.691013],[-121.987834,37.687778],[-121.98352,37.689073],[-121.976811,37.675482],[-121.96803,37.671505],[-121.963473,37.672006],[-121.963979,37.669662],[-121.967565,37.666627],[-121.967851,37.663903],[-121.961186,37.66136],[-121.95939,37.657716],[-121.953273,37.653213],[-121.950177,37.653398],[-121.942034,37.645074],[-121.941692,37.64315],[-121.93934,37.642452],[-121.938646,37.640157],[-121.935427,37.638327],[-121.931083,37.63061],[-121.927648,37.628718],[-121.925692,37.623782],[-121.923618,37.621904],[-121.923904,37.619444],[-121.913491,37.612882],[-121.911417,37.609061],[-121.905685,37.605339],[-121.902382,37.600462],[-121.895909,37.597567],[-121.898164,37.595614],[-121.895903,37.594374],[-121.905182,37.595657],[-121.912438,37.593664],[-121.925066,37.599014],[-121.930077,37.595944],[-121.932552,37.591867],[-121.935738,37.590974],[-121.937445,37.59265],[-121.938537,37.598245],[-121.947011,37.597896],[-121.945874,37.598134],[-121.948165,37.603827],[-121.945545,37.606696],[-121.945305,37.609369],[-121.941364,37.611252],[-121.940942,37.61357],[-121.945101,37.616631],[-121.943459,37.618415],[-121.943809,37.626307],[-121.954658,37.635887],[-121.960019,37.636727],[-121.966515,37.643112],[-121.978277,37.639418],[-121.983154,37.634586],[-121.989968,37.633777],[-121.991737,37.630345],[-121.996641,37.631453],[-122.002146,37.627265],[-122.006593,37.627058],[-122.014024,37.631686],[-122.011089,37.633652],[-122.015695,37.634391],[-122.019848,37.637076],[-122.016131,37.642877],[-122.018743,37.645814],[-122.022702,37.647557],[-122.02832,37.647836],[-122.031025,37.645603],[-122.035972,37.645532],[-122.034942,37.646124],[-122.039171,37.648429],[-122.038254,37.649588],[-122.036193,37.64847],[-122.033799,37.651003],[-122.03304,37.652425],[-122.034094,37.655325],[-122.02646,37.654032],[-122.023368,37.656388],[-122.018128,37.654218],[-122.017143,37.655555],[-122.018337,37.658771],[-122.026516,37.661667],[-122.029065,37.672195],[-122.033118,37.676036],[-122.044395,37.674993],[-122.040785,37.679371],[-122.043615,37.686588],[-122.046877,37.688968],[-122.047274,37.690937]]]}},{"type":"Feature","properties":{"geoid":"06001437702","name":"Hayward","city":"Hayward","county":"Alameda","centroid":[-122.07273814285713,37.638217999999995]},"geometry":{"type":"Polygon","coordinates":[[[-122.07847,37.640942],[-122.072466,37.642087],[-122.069543,37.639504],[-122.0717,37.638279],[-122.068989,37.635925],[-122.072114,37.634332],[-122.075885,37.636457],[-122.07847,37.640942]]]}},{"type":"Feature","properties":{"geoid":"06001440334","name":"Contempo","city":"Union","county":"Alameda","centroid":[-122.06326320000001,37.5932592]},"geometry":{"type":"Polygon","coordinates":[[[-122.073757,37.596433],[-122.061052,37.598688],[-122.056731,37.59263],[-122.060459,37.591797],[-122.064317,37.586748],[-122.073757,37.596433]]]}},{"type":"Feature","properties":{"geoid":"06001441523","name":"Fremont","city":"Fremont","county":"Alameda","centroid":[-122.045556,37.564674600000004]},"geometry":{"type":"Polygon","coordinates":[[[-122.051618,37.566778],[-122.043128,37.56773],[-122.041337,37.565135],[-122.043214,37.562967],[-122.048483,37.560763],[-122.051618,37.566778]]]}},{"type":"Feature","properties":{"geoid":"06085503326","name":"Unincorporated Santa Clara","city":"","county":"Santa Clara","centroid":[-121.75969577777776,37.325748592592596]},"geometry":{"type":"Polygon","coordinates":[[[-121.788385,37.317515],[-121.779117,37.320143],[-121.78181,37.322929],[-121.782141,37.324967],[-121.770599,37.325765],[-121.766461,37.327653],[-121.765186,37.332741],[-121.76875,37.330763],[-121.770673,37.332241],[-121.761393,37.336609],[-121.754575,37.334578],[-121.75152,37.331271],[-121.74785,37.330685],[-121.74736,37.328139],[-121.745513,37.329407],[-121.744551,37.328001],[-121.745567,37.326728],[-121.742414,37.323381],[-121.744479,37.323791],[-121.744643,37.322236],[-121.746222,37.323756],[-121.748632,37.322493],[-121.754143,37.322859],[-121.755757,37.320819],[-121.758621,37.322103],[-121.758241,37.31902],[-121.787183,37.314619],[-121.788385,37.317515]]]}},{"type":"Feature","properties":{"geoid":"06085512603","name":"Gilroy","city":"Gilroy","county":"Santa Clara","centroid":[-121.564016,37.002838749999995]},"geometry":{"type":"Polygon","coordinates":[[[-121.57375,37.00893],[-121.56284,37.01167],[-121.5614,37.01002],[-121.562344,37.008808],[-121.55959,37.00982],[-121.5559,37.00057],[-121.55826,36.98675],[-121.56056,36.98829],[-121.56578,37.00026],[-121.566958,36.999967],[-121.5692,37.00485],[-121.57161,37.00413],[-121.57375,37.00893]]]}},{"type":"Feature","properties":{"geoid":"06085512042","name":"Edenvale","city":"San Jose","county":"Santa Clara","centroid":[-121.813861,37.2670756]},"geometry":{"type":"Polygon","coordinates":[[[-121.822063,37.267465],[-121.818731,37.269673],[-121.808544,37.269234],[-121.810007,37.268414],[-121.80996,37.260592],[-121.822063,37.267465]]]}},{"type":"Feature","properties":{"geoid":"06085511301","name":"Professorville","city":"Palo Alto","county":"Santa Clara","centroid":[-122.153775,37.442854999999994]},"geometry":{"type":"Polygon","coordinates":[[[-122.16146,37.44187],[-122.15429,37.44914],[-122.14321,37.44215],[-122.15614,37.43826],[-122.16146,37.44187]]]}},{"type":"Feature","properties":{"geoid":"06085512312","name":"Morgan Hill","city":"Morgan Hill","county":"Santa Clara","centroid":[-121.6436455,37.132690249999996]},"geometry":{"type":"Polygon","coordinates":[[[-121.652512,37.131861],[-121.64107,37.14095],[-121.63375,37.13154],[-121.64725,37.12641],[-121.652512,37.131861]]]}},{"type":"Feature","properties":{"geoid":"06085503327","name":"Evergreen","city":"San Jose","county":"Santa Clara","centroid":[-121.78583246153845,37.30557569230769]},"geometry":{"type":"Polygon","coordinates":[[[-121.801853,37.312425],[-121.791566,37.313958],[-121.780049,37.308165],[-121.771341,37.299344],[-121.773592,37.29982],[-121.774548,37.301858],[-121.778727,37.301191],[-121.784676,37.306143],[-121.787624,37.306451],[-121.787966,37.307854],[-121.794308,37.306198],[-121.793929,37.305159],[-121.795643,37.303918],[-121.801853,37.312425]]]}},{"type":"Feature","properties":{"geoid":"06085512039","name":"San Jose","city":"San Jose","county":"Santa Clara","centroid":[-121.78659675,37.2489925]},"geometry":{"type":"Polygon","coordinates":[[[-121.802356,37.255759],[-121.796481,37.257159],[-121.769559,37.242067],[-121.777991,37.240985],[-121.802356,37.255759]]]}},{"type":"Feature","properties":{"geoid":"06001422400","name":"North Berkeley","city":"Berkeley","county":"Alameda","centroid":[-122.26968099999999,37.87512375]},"geometry":{"type":"Polygon","coordinates":[[[-122.273746,37.877788],[-122.265752,37.878806],[-122.266159,37.872389],[-122.273067,37.871512],[-122.273746,37.877788]]]}},{"type":"Feature","properties":{"geoid":"06001406900","name":"Laurel","city":"Oakland","county":"Alameda","centroid":[-122.18939236363639,37.793881727272726]},"geometry":{"type":"Polygon","coordinates":[[[-122.198304,37.791118],[-122.191055,37.795524],[-122.193066,37.798061],[-122.1919,37.798816],[-122.185904,37.798615],[-122.184387,37.797244],[-122.185891,37.793505],[-122.183759,37.792074],[-122.185984,37.789802],[-122.18822,37.790655],[-122.194846,37.787285],[-122.198304,37.791118]]]}},{"type":"Feature","properties":{"geoid":"06001422100","name":"Ocean View","city":"Berkeley","county":"Alameda","centroid":[-122.29654574999999,37.87330875000001]},"geometry":{"type":"Polygon","coordinates":[[[-122.300853,37.877571],[-122.295353,37.878685],[-122.292226,37.869042],[-122.297751,37.867937],[-122.300853,37.877571]]]}},{"type":"Feature","properties":{"geoid":"06001422200","name":"Central Berkeley","city":"Berkeley","county":"Alameda","centroid":[-122.28782050000001,37.872805750000005]},"geometry":{"type":"Polygon","coordinates":[[[-122.294223,37.875168],[-122.282793,37.87666],[-122.28204,37.870353],[-122.292226,37.869042],[-122.294223,37.875168]]]}},{"type":"Feature","properties":{"geoid":"06001422300","name":"Central Berkeley","city":"Berkeley","county":"Alameda","centroid":[-122.2779115,37.87407825]},"geometry":{"type":"Polygon","coordinates":[[[-122.282793,37.87666],[-122.273746,37.877788],[-122.273067,37.871512],[-122.28204,37.870353],[-122.282793,37.87666]]]}},{"type":"Feature","properties":{"geoid":"06075011901","name":"Pacific Heights","city":"San Francisco","county":"San Francisco","centroid":[-122.41391475,37.79047325]},"geometry":{"type":"Polygon","coordinates":[[[-122.41575,37.791206],[-122.412461,37.791627],[-122.412076,37.78974],[-122.415372,37.78932],[-122.41575,37.791206]]]}},{"type":"Feature","properties":{"geoid":"06075012901","name":"Marina","city":"San Francisco","county":"San Francisco","centroid":[-122.427252,37.80196025]},"geometry":{"type":"Polygon","coordinates":[[[-122.430045,37.803518],[-122.425209,37.804133],[-122.424464,37.800402],[-122.42929,37.799788],[-122.430045,37.803518]]]}},{"type":"Feature","properties":{"geoid":"06075015802","name":"Western Addition","city":"San Francisco","county":"San Francisco","centroid":[-122.43732266666666,37.778244]},"geometry":{"type":"Polygon","coordinates":[[[-122.442053,37.779244],[-122.437072,37.779867],[-122.436697,37.778006],[-122.433407,37.778422],[-122.433219,37.77749],[-122.441488,37.776435],[-122.442053,37.779244]]]}},{"type":"Feature","properties":{"geoid":"06085512019","name":"Seven Trees","city":"San Jose","county":"Santa Clara","centroid":[-121.844334,37.27204928571428]},"geometry":{"type":"Polygon","coordinates":[[[-121.8523,37.265894],[-121.852166,37.274555],[-121.845891,37.274789],[-121.841897,37.276928],[-121.837542,37.273173],[-121.839513,37.273011],[-121.841029,37.265995],[-121.8523,37.265894]]]}},{"type":"Feature","properties":{"geoid":"06085512021","name":"Edenvale","city":"San Jose","county":"Santa Clara","centroid":[-121.82468683333333,37.26434683333333]},"geometry":{"type":"Polygon","coordinates":[[[-121.833798,37.268961],[-121.82905,37.272403],[-121.810299,37.260202],[-121.812877,37.258896],[-121.830906,37.258772],[-121.831191,37.266847],[-121.833798,37.268961]]]}},{"type":"Feature","properties":{"geoid":"06085508900","name":"Sunnyvale","city":"Sunnyvale","county":"Santa Clara","centroid":[-122.00369700000002,37.3904898]},"geometry":{"type":"Polygon","coordinates":[[[-122.01492,37.38894],[-122.012805,37.395558],[-121.99593,37.391065],[-121.99584,37.388646],[-121.99899,37.38824],[-122.01492,37.38894]]]}},{"type":"Feature","properties":{"geoid":"06085512022","name":"Edenvale","city":"San Jose","county":"Santa Clara","centroid":[-121.81196585714285,37.25605114285714]},"geometry":{"type":"Polygon","coordinates":[[[-121.819358,37.258884],[-121.812877,37.258896],[-121.810299,37.260202],[-121.802085,37.254839],[-121.804024,37.251476],[-121.817494,37.251459],[-121.817624,37.256602],[-121.819358,37.258884]]]}},{"type":"Feature","properties":{"geoid":"06085509102","name":"Whisman Station","city":"Sunnyvale","county":"Santa Clara","centroid":[-122.0439425,37.3933739]},"geometry":{"type":"Polygon","coordinates":[[[-122.052302,37.385789],[-122.04732,37.38663],[-122.047461,37.389095],[-122.044981,37.394453],[-122.046647,37.394962],[-122.044979,37.399822],[-122.047403,37.401552],[-122.046872,37.403006],[-122.02786,37.39886],[-122.0336,37.37957],[-122.052302,37.385789]]]}},{"type":"Feature","properties":{"geoid":"06075031301","name":"Ingleside Terraces","city":"San Francisco","county":"San Francisco","centroid":[-122.46821571428572,37.71841071428572]},"geometry":{"type":"Polygon","coordinates":[[[-122.472655,37.7175],[-122.47244,37.721603],[-122.462265,37.721748],[-122.46264,37.717936],[-122.468036,37.7179],[-122.468017,37.716103],[-122.471457,37.716085],[-122.472655,37.7175]]]}},{"type":"Feature","properties":{"geoid":"06075031302","name":"Ocean View","city":"San Francisco","county":"San Francisco","centroid":[-122.467195625,37.714418125]},"geometry":{"type":"Polygon","coordinates":[[[-122.472672,37.717248],[-122.471457,37.716085],[-122.468017,37.716103],[-122.468036,37.7179],[-122.46264,37.717936],[-122.462556,37.711254],[-122.460858,37.710586],[-122.471329,37.708233],[-122.472672,37.717248]]]}},{"type":"Feature","properties":{"geoid":"06075032601","name":"Inner Sunset","city":"San Francisco","county":"San Francisco","centroid":[-122.48078774999999,37.762496]},"geometry":{"type":"Polygon","coordinates":[[[-122.484763,37.76516],[-122.477261,37.765486],[-122.476762,37.759837],[-122.484365,37.759501],[-122.484763,37.76516]]]}},{"type":"Feature","properties":{"geoid":"06085510002","name":"Creston","city":"Los Altos","county":"Santa Clara","centroid":[-122.06784071428571,37.34567928571429]},"geometry":{"type":"Polygon","coordinates":[[[-122.08754,37.35268],[-122.063079,37.352054],[-122.064696,37.348951],[-122.063611,37.346875],[-122.065192,37.34315],[-122.062057,37.338075],[-122.06871,37.33797],[-122.08754,37.35268]]]}},{"type":"Feature","properties":{"geoid":"06085510100","name":"Creston","city":"Los Altos","county":"Santa Clara","centroid":[-122.08130028571428,37.34191128571428]},"geometry":{"type":"Polygon","coordinates":[[[-122.091608,37.34161],[-122.090187,37.344816],[-122.085642,37.348544],[-122.085538,37.351068],[-122.06961,37.33901],[-122.068407,37.334521],[-122.07811,37.33381],[-122.091608,37.34161]]]}},{"type":"Feature","properties":{"geoid":"06075032902","name":"Sunset","city":"San Francisco","county":"San Francisco","centroid":[-122.490646,37.7526805]},"geometry":{"type":"Polygon","coordinates":[[[-122.495433,37.755273],[-122.486248,37.755683],[-122.485857,37.750085],[-122.495046,37.749681],[-122.495433,37.755273]]]}},{"type":"Feature","properties":{"geoid":"06075047802","name":"Outer Richmond","city":"San Francisco","county":"San Francisco","centroid":[-122.496047625,37.776737499999996]},"geometry":{"type":"Polygon","coordinates":[[[-122.498801,37.781377],[-122.493446,37.781627],[-122.493168,37.777774],[-122.497455,37.777579],[-122.497319,37.775715],[-122.495175,37.775813],[-122.494903,37.772081],[-122.498114,37.771934],[-122.498801,37.781377]]]}},{"type":"Feature","properties":{"geoid":"06075012301","name":"Tenderloin","city":"San Francisco","county":"San Francisco","centroid":[-122.41128175,37.7857725]},"geometry":{"type":"Polygon","coordinates":[[[-122.414617,37.785582],[-122.408227,37.787359],[-122.407853,37.785492],[-122.41443,37.784657],[-122.414617,37.785582]]]}},{"type":"Feature","properties":{"geoid":"06085503312","name":"Unincorporated Santa Clara","city":"","county":"Santa Clara","centroid":[-121.76720613157893,37.35182244736842]},"geometry":{"type":"Polygon","coordinates":[[[-121.801604,37.355527],[-121.781291,37.352721],[-121.77732,37.353849],[-121.779245,37.359463],[-121.777935,37.360411],[-121.781385,37.365558],[-121.778772,37.367749],[-121.772064,37.365858],[-121.775139,37.369911],[-121.773944,37.371815],[-121.775245,37.375388],[-121.783873,37.377892],[-121.775696,37.377857],[-121.773152,37.376452],[-121.771506,37.3723],[-121.769599,37.371854],[-121.762936,37.364116],[-121.759594,37.363136],[-121.753946,37.363751],[-121.745891,37.360707],[-121.732563,37.339345],[-121.732977,37.33396],[-121.73546,37.3326],[-121.743228,37.331733],[-121.742654,37.328785],[-121.744552,37.330412],[-121.747153,37.328117],[-121.747823,37.330668],[-121.751614,37.331314],[-121.753922,37.334221],[-121.760264,37.336702],[-121.771788,37.331855],[-121.772801,37.334091],[-121.780044,37.339103],[-121.785202,37.338684],[-121.790143,37.342172],[-121.790314,37.345968],[-121.801194,37.353208],[-121.801604,37.355527]]]}},{"type":"Feature","properties":{"geoid":"06085505100","name":"Newhall","city":"San Jose","county":"Santa Clara","centroid":[-121.93103092307692,37.36295523076923]},"geometry":{"type":"Polygon","coordinates":[[[-121.94752,37.37775],[-121.915531,37.371334],[-121.90178,37.364029],[-121.912379,37.353046],[-121.921909,37.346027],[-121.932135,37.351219],[-121.932111,37.356424],[-121.93477,37.35679],[-121.933153,37.358649],[-121.94154,37.36654],[-121.941264,37.36987],[-121.94356,37.37322],[-121.94575,37.37352],[-121.94752,37.37775]]]}},{"type":"Feature","properties":{"geoid":"06085507205","name":"Vasona Junction","city":"Los Gatos","county":"Santa Clara","centroid":[-121.98026057142854,37.25314014285714]},"geometry":{"type":"Polygon","coordinates":[[[-121.995441,37.250921],[-121.992893,37.253449],[-121.990655,37.269106],[-121.96419,37.25845],[-121.96918,37.25084],[-121.973908,37.251445],[-121.975359,37.249214],[-121.976723,37.249334],[-121.978095,37.253865],[-121.979979,37.254317],[-121.979329,37.249546],[-121.981013,37.252436],[-121.98184,37.25095],[-121.985043,37.250089],[-121.995441,37.250921]]]}},{"type":"Feature","properties":{"geoid":"06085508800","name":"Sunnyvale","city":"Sunnyvale","county":"Santa Clara","centroid":[-122.02462875,37.38493725000001]},"geometry":{"type":"Polygon","coordinates":[[[-122.032115,37.384279],[-122.03055,37.38974],[-122.0171,37.38531],[-122.01875,37.38042],[-122.032115,37.384279]]]}},{"type":"Feature","properties":{"geoid":"06085512023","name":"Edenvale","city":"San Jose","county":"Santa Clara","centroid":[-121.823244,37.25540099999999]},"geometry":{"type":"Polygon","coordinates":[[[-121.830906,37.258772],[-121.819358,37.258884],[-121.817624,37.256602],[-121.817494,37.251459],[-121.830838,37.251288],[-121.830906,37.258772]]]}},{"type":"Feature","properties":{"geoid":"06081600900","name":"Unincorporated San Mateo","city":"","county":"San Mateo","centroid":[-122.49066049999999,37.7035615]},"geometry":{"type":"Polygon","coordinates":[[[-122.506931,37.708088],[-122.468939,37.708232],[-122.471724,37.705024],[-122.495055,37.69838],[-122.496178,37.700853],[-122.505136,37.700792],[-122.506931,37.708088]]]}},{"type":"Feature","properties":{"geoid":"06081600800","name":"Westlake","city":"Daly","county":"San Mateo","centroid":[-122.47929425000001,37.700040875]},"geometry":{"type":"Polygon","coordinates":[[[-122.487137,37.700702],[-122.471724,37.705024],[-122.4717,37.700079],[-122.474471,37.702683],[-122.477531,37.702792],[-122.479673,37.695426],[-122.486624,37.696273],[-122.485494,37.697348],[-122.487137,37.700702]]]}},{"type":"Feature","properties":{"geoid":"06081601000","name":"Serramonte","city":"Daly","county":"San Mateo","centroid":[-122.49153024999998,37.6761011875]},"geometry":{"type":"Polygon","coordinates":[[[-122.505136,37.700792],[-122.496178,37.700853],[-122.495435,37.69941],[-122.494294,37.692301],[-122.489162,37.686083],[-122.489713,37.675423],[-122.485823,37.668959],[-122.481598,37.666134],[-122.484867,37.666368],[-122.485725,37.664311],[-122.484728,37.662489],[-122.485744,37.6615],[-122.489854,37.660992],[-122.495655,37.665608],[-122.500147,37.665607],[-122.500425,37.680789],[-122.505136,37.700792]]]}},{"type":"Feature","properties":{"geoid":"06001406601","name":"Dimond","city":"Oakland","county":"Alameda","centroid":[-122.20827924999999,37.79313474999999]},"geometry":{"type":"Polygon","coordinates":[[[-122.214705,37.791911],[-122.20794,37.798612],[-122.200653,37.793713],[-122.209819,37.788303],[-122.214705,37.791911]]]}},{"type":"Feature","properties":{"geoid":"06001405402","name":"San Antonio","city":"Oakland","county":"Alameda","centroid":[-122.2460965,37.79333425]},"geometry":{"type":"Polygon","coordinates":[[[-122.250515,37.792834],[-122.245002,37.796765],[-122.241694,37.793825],[-122.247175,37.789913],[-122.250515,37.792834]]]}},{"type":"Feature","properties":{"geoid":"06081601700","name":"Serramonte","city":"South San Francisco","county":"San Mateo","centroid":[-122.45549316666666,37.66067524999999]},"geometry":{"type":"Polygon","coordinates":[[[-122.463745,37.661154],[-122.460525,37.664057],[-122.461806,37.665697],[-122.45342,37.670787],[-122.449197,37.664488],[-122.452167,37.662077],[-122.450251,37.660895],[-122.453927,37.657716],[-122.452999,37.654619],[-122.454144,37.655889],[-122.456121,37.653992],[-122.457616,37.656732],[-122.463745,37.661154]]]}},{"type":"Feature","properties":{"geoid":"06081601800","name":"Serramonte","city":"South San Francisco","county":"San Mateo","centroid":[-122.44714590909089,37.655345363636364]},"geometry":{"type":"Polygon","coordinates":[[[-122.453927,37.657716],[-122.450251,37.660895],[-122.452167,37.662077],[-122.449197,37.664488],[-122.444458,37.662774],[-122.434433,37.655079],[-122.439709,37.653364],[-122.442387,37.649401],[-122.44946,37.645153],[-122.452222,37.649347],[-122.450394,37.648505],[-122.453927,37.657716]]]}},{"type":"Feature","properties":{"geoid":"06001437102","name":"Baumberg","city":"Hayward","county":"Alameda","centroid":[-122.10274700000001,37.62975742857143]},"geometry":{"type":"Polygon","coordinates":[[[-122.110054,37.632353],[-122.100093,37.636331],[-122.092858,37.62448],[-122.101092,37.6242],[-122.101501,37.627457],[-122.104309,37.632253],[-122.109322,37.631228],[-122.110054,37.632353]]]}},{"type":"Feature","properties":{"geoid":"06001435601","name":"Cherryland","city":"Cherryland","county":"Alameda","centroid":[-122.0995063,37.673648099999994]},"geometry":{"type":"Polygon","coordinates":[[[-122.110689,37.675772],[-122.096645,37.681094],[-122.094768,37.679545],[-122.099064,37.677957],[-122.095011,37.675179],[-122.099839,37.673222],[-122.098255,37.670759],[-122.101682,37.669365],[-122.098951,37.667001],[-122.100159,37.666587],[-122.110689,37.675772]]]}},{"type":"Feature","properties":{"geoid":"06001437701","name":"Hayward","city":"Hayward","county":"Alameda","centroid":[-122.07068888888891,37.63602511111112]},"geometry":{"type":"Polygon","coordinates":[[[-122.075885,37.636457],[-122.072114,37.634332],[-122.068989,37.635925],[-122.0717,37.638279],[-122.069543,37.639504],[-122.072298,37.642174],[-122.063341,37.63434],[-122.069088,37.631791],[-122.073242,37.631424],[-122.075885,37.636457]]]}},{"type":"Feature","properties":{"geoid":"06081611100","name":"Redwood","city":"Redwood","county":"San Mateo","centroid":[-122.2543458,37.45856413333334]},"geometry":{"type":"Polygon","coordinates":[[[-122.269091,37.452246],[-122.266595,37.454166],[-122.268021,37.456358],[-122.267063,37.457959],[-122.265382,37.458641],[-122.263751,37.457576],[-122.261439,37.461453],[-122.258989,37.459717],[-122.256996,37.460392],[-122.255102,37.461546],[-122.25612,37.463815],[-122.253567,37.46528],[-122.251895,37.464379],[-122.251101,37.465733],[-122.249169,37.465277],[-122.248748,37.467258],[-122.247022,37.465796],[-122.242155,37.468967],[-122.241187,37.466704],[-122.235922,37.463573],[-122.240319,37.458551],[-122.243102,37.457517],[-122.240891,37.454483],[-122.243851,37.453026],[-122.24694,37.455486],[-122.257308,37.447211],[-122.260262,37.447453],[-122.261454,37.448832],[-122.263861,37.448108],[-122.263071,37.449421],[-122.269091,37.452246]]]}},{"type":"Feature","properties":{"geoid":"06081611400","name":"Atherton","city":"Atherton","county":"San Mateo","centroid":[-122.21927738461538,37.43930173076923]},"geometry":{"type":"Polygon","coordinates":[[[-122.233416,37.433796],[-122.230229,37.437079],[-122.230953,37.440274],[-122.228328,37.439652],[-122.21722,37.45375],[-122.22198,37.457273],[-122.218162,37.463765],[-122.21245,37.469684],[-122.20568,37.464883],[-122.187594,37.455822],[-122.201773,37.438902],[-122.206559,37.440381],[-122.210916,37.438338],[-122.213323,37.435476],[-122.212171,37.43487],[-122.213376,37.432742],[-122.217549,37.427958],[-122.218968,37.42896],[-122.220958,37.427935],[-122.224551,37.424114],[-122.229271,37.424733],[-122.226015,37.428492],[-122.227629,37.429488],[-122.22651,37.430058],[-122.231968,37.431038],[-122.233663,37.432382],[-122.233416,37.433796]]]}},{"type":"Feature","properties":{"geoid":"06081609603","name":"Devonshire","city":"San Carlos","county":"San Mateo","centroid":[-122.2843715,37.48475125]},"geometry":{"type":"Polygon","coordinates":[[[-122.303554,37.493717],[-122.296956,37.495786],[-122.295262,37.493358],[-122.288219,37.488761],[-122.288295,37.4871],[-122.284611,37.48491],[-122.284012,37.48234],[-122.281562,37.4846],[-122.269935,37.487965],[-122.265472,37.491131],[-122.255597,37.482883],[-122.263696,37.475073],[-122.282279,37.474654],[-122.292403,37.468454],[-122.299203,37.4762],[-122.298888,37.489088],[-122.303554,37.493717]]]}},{"type":"Feature","properties":{"geoid":"06081602300","name":"Tanforan","city":"South San Francisco","county":"San Mateo","centroid":[-122.39687772727271,37.6514455]},"geometry":{"type":"Polygon","coordinates":[[[-122.434264,37.655197],[-122.427072,37.651848],[-122.424064,37.655237],[-122.411077,37.65241],[-122.41021,37.650026],[-122.404656,37.660463],[-122.391917,37.671762],[-122.376972,37.671749],[-122.376866,37.667708],[-122.371523,37.665652],[-122.370187,37.661892],[-122.372266,37.657779],[-122.371523,37.653607],[-122.377608,37.644793],[-122.379315,37.639562],[-122.375754,37.637975],[-122.374821,37.635306],[-122.411311,37.635537],[-122.411425,37.641228],[-122.416562,37.639282],[-122.418482,37.642316],[-122.423435,37.640472],[-122.434264,37.655197]]]}},{"type":"Feature","properties":{"geoid":"06081609602","name":"Devonshire","city":"San Carlos","county":"San Mateo","centroid":[-122.27824858333332,37.48853508333334]},"geometry":{"type":"Polygon","coordinates":[[[-122.287855,37.486636],[-122.285098,37.488489],[-122.282585,37.488103],[-122.278347,37.489723],[-122.278338,37.491217],[-122.2745,37.493579],[-122.266668,37.493728],[-122.265472,37.491131],[-122.269935,37.487965],[-122.281562,37.4846],[-122.284012,37.48234],[-122.284611,37.48491],[-122.287855,37.486636]]]}},{"type":"Feature","properties":{"geoid":"06081613000","name":"Stanford Hills","city":"Menlo Park","county":"San Mateo","centroid":[-122.20422514285717,37.42307457142857]},"geometry":{"type":"Polygon","coordinates":[[[-122.229271,37.424733],[-122.224551,37.424114],[-122.218968,37.42896],[-122.21734,37.427426],[-122.215862,37.428119],[-122.213785,37.431499],[-122.212185,37.429938],[-122.203007,37.42998],[-122.195375,37.423754],[-122.189879,37.42883],[-122.189445,37.427461],[-122.191305,37.425187],[-122.188384,37.422467],[-122.187915,37.420016],[-122.190267,37.418477],[-122.187159,37.416335],[-122.187647,37.414747],[-122.201113,37.411072],[-122.207902,37.413365],[-122.214828,37.418266],[-122.22254,37.41982],[-122.229271,37.424733]]]}},{"type":"Feature","properties":{"geoid":"06081603000","name":"Sharp Park","city":"Pacifica","county":"San Mateo","centroid":[-122.48580526315793,37.63593784210526]},"geometry":{"type":"Polygon","coordinates":[[[-122.499034,37.632031],[-122.49848,37.645181],[-122.49435,37.645276],[-122.494287,37.643919],[-122.49098,37.646588],[-122.486379,37.643195],[-122.484169,37.645234],[-122.479975,37.644846],[-122.472635,37.641672],[-122.469697,37.638453],[-122.472074,37.633865],[-122.477178,37.633173],[-122.478016,37.627481],[-122.483148,37.624749],[-122.485053,37.625066],[-122.486021,37.626718],[-122.488355,37.625599],[-122.491245,37.629889],[-122.499224,37.629884],[-122.499034,37.632031]]]}},{"type":"Feature","properties":{"geoid":"06081604500","name":"Millbrae","city":"Millbrae","county":"San Mateo","centroid":[-122.41247607142857,37.606298357142855]},"geometry":{"type":"Polygon","coordinates":[[[-122.422878,37.60714],[-122.418804,37.610204],[-122.418358,37.609448],[-122.409266,37.614052],[-122.406041,37.612225],[-122.409141,37.607967],[-122.403925,37.609675],[-122.397541,37.605299],[-122.408724,37.599824],[-122.414616,37.599091],[-122.416223,37.600894],[-122.415082,37.601303],[-122.415416,37.603504],[-122.41865,37.607551],[-122.422878,37.60714]]]}},{"type":"Feature","properties":{"geoid":"06081607600","name":"San Mateo","city":"San Mateo","county":"San Mateo","centroid":[-122.3083088,37.5577826]},"geometry":{"type":"Polygon","coordinates":[[[-122.31591,37.560876],[-122.308733,37.565871],[-122.296278,37.553346],[-122.309141,37.552189],[-122.311482,37.556631],[-122.31591,37.560876]]]}},{"type":"Feature","properties":{"geoid":"06081607000","name":"San Mateo","city":"San Mateo","county":"San Mateo","centroid":[-122.32261893750001,37.523584625]},"geometry":{"type":"Polygon","coordinates":[[[-122.332738,37.522434],[-122.32977,37.532594],[-122.328119,37.532905],[-122.324826,37.532895],[-122.32074,37.529142],[-122.313201,37.529908],[-122.312659,37.525579],[-122.311047,37.524664],[-122.314957,37.519208],[-122.319408,37.51918],[-122.32161,37.521212],[-122.323711,37.521018],[-122.325394,37.519634],[-122.324881,37.517251],[-122.329712,37.513167],[-122.32913,37.516563],[-122.332738,37.522434]]]}},{"type":"Feature","properties":{"geoid":"06081604900","name":"Burlingame Village","city":"Millbrae","county":"San Mateo","centroid":[-122.39618254545454,37.59051354545455]},"geometry":{"type":"Polygon","coordinates":[[[-122.410929,37.587636],[-122.405674,37.588104],[-122.403628,37.591585],[-122.398309,37.592684],[-122.389388,37.597461],[-122.387148,37.595636],[-122.390105,37.592501],[-122.388313,37.59119],[-122.389946,37.588242],[-122.39095,37.588998],[-122.403618,37.581612],[-122.410929,37.587636]]]}},{"type":"Feature","properties":{"geoid":"06081610302","name":"Redwood","city":"Redwood","county":"San Mateo","centroid":[-122.2056513777778,37.51964273333331]},"geometry":{"type":"Polygon","coordinates":[[[-122.248613,37.515867],[-122.245841,37.523519],[-122.242954,37.527657],[-122.233313,37.532143],[-122.222939,37.546248],[-122.229656,37.5524],[-122.23295,37.55342],[-122.24294,37.553269],[-122.242738,37.560526],[-122.240935,37.556864],[-122.232177,37.557238],[-122.22764,37.555614],[-122.22323,37.552218],[-122.221906,37.547373],[-122.213367,37.544824],[-122.209025,37.545797],[-122.197783,37.54327],[-122.1912,37.537966],[-122.190387,37.533032],[-122.193494,37.526871],[-122.192904,37.526064],[-122.187385,37.522622],[-122.185029,37.524874],[-122.179029,37.523514],[-122.175708,37.515144],[-122.172653,37.511489],[-122.161628,37.506208],[-122.164773,37.499566],[-122.168765,37.496332],[-122.173044,37.496217],[-122.178182,37.498268],[-122.178442,37.488956],[-122.179149,37.489405],[-122.17946,37.488015],[-122.178497,37.486989],[-122.183696,37.488351],[-122.189377,37.48814],[-122.189293,37.486661],[-122.182153,37.485167],[-122.182876,37.483998],[-122.21109,37.488388],[-122.237671,37.497871],[-122.246858,37.505555],[-122.245008,37.507336],[-122.248554,37.512677],[-122.248613,37.515867]]]}},{"type":"Feature","properties":{"geoid":"06081613400","name":"Unincorporated San Mateo","city":"","county":"San Mateo","centroid":[-122.26939369333336,37.40014213333334]},"geometry":{"type":"Polygon","coordinates":[[[-122.334047,37.447718],[-122.319636,37.455327],[-122.299299,37.454618],[-122.300657,37.457554],[-122.297474,37.459684],[-122.299197,37.462533],[-122.292403,37.468454],[-122.290587,37.460083],[-122.286867,37.456265],[-122.270104,37.445558],[-122.254103,37.42964],[-122.249831,37.429303],[-122.250185,37.426454],[-122.245114,37.423469],[-122.240461,37.411877],[-122.24538,37.407915],[-122.245066,37.402429],[-122.237473,37.399288],[-122.236804,37.399975],[-122.236175,37.397452],[-122.233171,37.397256],[-122.234404,37.396453],[-122.233942,37.39365],[-122.227053,37.386936],[-122.227156,37.385235],[-122.225741,37.384504],[-122.226535,37.383042],[-122.223421,37.38132],[-122.225574,37.380203],[-122.234007,37.387083],[-122.234709,37.384278],[-122.239466,37.389908],[-122.24511,37.38539],[-122.247616,37.379576],[-122.253305,37.375233],[-122.253952,37.373294],[-122.252442,37.371862],[-122.257664,37.366938],[-122.256617,37.363014],[-122.252116,37.363087],[-122.254468,37.360951],[-122.253103,37.359995],[-122.254421,37.359502],[-122.258877,37.361512],[-122.260512,37.358474],[-122.263359,37.359228],[-122.266091,37.357161],[-122.263843,37.35958],[-122.260726,37.359885],[-122.260309,37.363078],[-122.264436,37.36257],[-122.266562,37.374945],[-122.265196,37.381028],[-122.266145,37.383742],[-122.270735,37.387447],[-122.280893,37.387737],[-122.284831,37.39015],[-122.291475,37.391871],[-122.290356,37.392246],[-122.29204,37.393635],[-122.291896,37.395495],[-122.293866,37.396541],[-122.292793,37.398527],[-122.293735,37.399678],[-122.297253,37.400746],[-122.307189,37.407485],[-122.30654,37.411924],[-122.319044,37.417976],[-122.319282,37.423784],[-122.315077,37.424103],[-122.311189,37.426347],[-122.310991,37.428114],[-122.316777,37.433969],[-122.320728,37.435465],[-122.324925,37.441911],[-122.334047,37.447718]]]}},{"type":"Feature","properties":{"geoid":"06081602900","name":"Edgemar","city":"Pacifica","county":"San Mateo","centroid":[-122.49019047058822,37.65285970588235]},"geometry":{"type":"Polygon","coordinates":[[[-122.500147,37.665607],[-122.495655,37.665608],[-122.493743,37.664411],[-122.491521,37.661828],[-122.491894,37.656493],[-122.484356,37.655027],[-122.483204,37.651905],[-122.481125,37.651376],[-122.480304,37.647912],[-122.484329,37.648642],[-122.484295,37.644831],[-122.486257,37.643201],[-122.49098,37.646588],[-122.494287,37.643919],[-122.49435,37.645276],[-122.49848,37.645181],[-122.498311,37.66081],[-122.500147,37.665607]]]}},{"type":"Feature","properties":{"geoid":"06081602800","name":"Edgemar","city":"Pacifica","county":"San Mateo","centroid":[-122.48456078571428,37.65863207142858]},"geometry":{"type":"Polygon","coordinates":[[[-122.492282,37.66006],[-122.491705,37.662246],[-122.489667,37.660955],[-122.485489,37.661668],[-122.48532,37.665667],[-122.483115,37.666757],[-122.475791,37.660514],[-122.478456,37.659154],[-122.478939,37.65544],[-122.481811,37.653316],[-122.481732,37.651542],[-122.483294,37.65201],[-122.484356,37.655027],[-122.491894,37.656493],[-122.492282,37.66006]]]}},{"type":"Feature","properties":{"geoid":"06081603200","name":"Pedro Valley","city":"Pacifica","county":"San Mateo","centroid":[-122.50547126829267,37.59085902439025]},"geometry":{"type":"Polygon","coordinates":[[[-122.524814,37.595645],[-122.521965,37.598538],[-122.519116,37.599053],[-122.516466,37.602539],[-122.513966,37.602816],[-122.507167,37.600439],[-122.505867,37.601073],[-122.504667,37.602578],[-122.506166,37.605668],[-122.50541,37.60919],[-122.498058,37.6088],[-122.497168,37.610869],[-122.49362,37.609848],[-122.498122,37.606483],[-122.498392,37.601754],[-122.500104,37.599548],[-122.496894,37.596942],[-122.497441,37.595178],[-122.496386,37.593559],[-122.491778,37.593479],[-122.493077,37.588786],[-122.498555,37.583578],[-122.493964,37.582177],[-122.4956,37.58057],[-122.504202,37.580051],[-122.505887,37.577876],[-122.504887,37.578138],[-122.504239,37.575719],[-122.503128,37.577417],[-122.501587,37.577238],[-122.498487,37.574638],[-122.496587,37.570338],[-122.49989,37.572269],[-122.509125,37.574061],[-122.5141,37.579081],[-122.512285,37.581569],[-122.514687,37.584629],[-122.513174,37.585262],[-122.521565,37.586832],[-122.521315,37.58911],[-122.524414,37.591882],[-122.524814,37.595645]]]}},{"type":"Feature","properties":{"geoid":"06081600300","name":"Unincorporated San Mateo","city":"","county":"San Mateo","centroid":[-122.43252033333334,37.703101944444455]},"geometry":{"type":"Polygon","coordinates":[[[-122.449047,37.701651],[-122.446857,37.702833],[-122.442181,37.701737],[-122.441929,37.704326],[-122.436911,37.706328],[-122.439483,37.707826],[-122.440865,37.706672],[-122.442079,37.708231],[-122.425352,37.708617],[-122.42389,37.708236],[-122.424681,37.705838],[-122.423842,37.703566],[-122.418096,37.701871],[-122.419223,37.699143],[-122.421086,37.699148],[-122.425147,37.695675],[-122.430446,37.698386],[-122.434251,37.695751],[-122.449047,37.701651]]]}},{"type":"Feature","properties":{"geoid":"06081613501","name":"Unincorporated San Mateo","city":"","county":"San Mateo","centroid":[-122.41733211764706,37.52685669117645]},"geometry":{"type":"Polygon","coordinates":[[[-122.468163,37.56079],[-122.459486,37.566037],[-122.459386,37.570737],[-122.450871,37.570543],[-122.450982,37.578041],[-122.459658,37.578139],[-122.459763,37.584472],[-122.463073,37.584593],[-122.443921,37.593616],[-122.450083,37.615639],[-122.451445,37.617128],[-122.445635,37.622144],[-122.426055,37.601491],[-122.406664,37.584043],[-122.39919,37.572591],[-122.393886,37.567505],[-122.387972,37.564844],[-122.381986,37.558908],[-122.366111,37.539778],[-122.353555,37.518615],[-122.339965,37.507652],[-122.343293,37.508027],[-122.347975,37.512163],[-122.350124,37.511571],[-122.353405,37.507963],[-122.357215,37.507376],[-122.358353,37.503554],[-122.356863,37.500209],[-122.359954,37.499933],[-122.360008,37.497823],[-122.363562,37.495839],[-122.367486,37.496319],[-122.37007,37.494785],[-122.37087,37.485831],[-122.372296,37.486087],[-122.373931,37.489486],[-122.378426,37.493183],[-122.385153,37.492538],[-122.397363,37.486524],[-122.404313,37.480981],[-122.414817,37.478035],[-122.418565,37.475551],[-122.423189,37.469901],[-122.433573,37.468036],[-122.434262,37.464129],[-122.451155,37.465476],[-122.452053,37.471647],[-122.456408,37.480466],[-122.451121,37.480585],[-122.445976,37.482883],[-122.451503,37.490904],[-122.443363,37.496589],[-122.443963,37.508208],[-122.441879,37.508688],[-122.440709,37.514667],[-122.446356,37.520777],[-122.446059,37.52364],[-122.452816,37.532476],[-122.448484,37.539491],[-122.44453,37.537892],[-122.440634,37.539076],[-122.446651,37.54401],[-122.45065,37.551458],[-122.456832,37.551155],[-122.458917,37.554887],[-122.461212,37.553986],[-122.46514,37.554941],[-122.469257,37.559203],[-122.468163,37.56079]]]}},{"type":"Feature","properties":{"geoid":"06081609700","name":"Emerald Lake Hills","city":"Emerald Lake Hills","county":"San Mateo","centroid":[-122.26985862068966,37.46276341379309]},"geometry":{"type":"Polygon","coordinates":[[[-122.29231,37.468538],[-122.287509,37.470558],[-122.282779,37.474515],[-122.264118,37.474941],[-122.260811,37.478511],[-122.261437,37.474064],[-122.258566,37.468964],[-122.262909,37.468124],[-122.258783,37.465981],[-122.258453,37.464652],[-122.254895,37.464983],[-122.256123,37.463803],[-122.255102,37.461546],[-122.258786,37.459699],[-122.262265,37.461206],[-122.263751,37.457576],[-122.265382,37.458641],[-122.266903,37.458049],[-122.26964,37.454545],[-122.2714,37.454933],[-122.27138,37.456436],[-122.274321,37.456207],[-122.278376,37.46097],[-122.281251,37.458932],[-122.278871,37.458687],[-122.280498,37.457103],[-122.278276,37.455875],[-122.280418,37.452017],[-122.290587,37.460083],[-122.29231,37.468538]]]}},{"type":"Feature","properties":{"geoid":"06081609500","name":"Devonshire","city":"San Carlos","county":"San Mateo","centroid":[-122.27752211999997,37.50388516]},"geometry":{"type":"Polygon","coordinates":[[[-122.288585,37.507417],[-122.286557,37.510584],[-122.284447,37.509731],[-122.277972,37.511456],[-122.279084,37.512421],[-122.277313,37.512941],[-122.273552,37.510877],[-122.27192,37.508771],[-122.272368,37.507375],[-122.270851,37.507451],[-122.266235,37.50267],[-122.270892,37.502366],[-122.268735,37.498566],[-122.272217,37.499906],[-122.271734,37.498675],[-122.276572,37.498563],[-122.27808,37.497756],[-122.276967,37.496411],[-122.278034,37.495452],[-122.279869,37.496935],[-122.279437,37.498943],[-122.281629,37.499042],[-122.283978,37.501549],[-122.285618,37.504352],[-122.285407,37.506919],[-122.288585,37.507417]]]}},{"type":"Feature","properties":{"geoid":"06081604700","name":"Burlingame Village","city":"Millbrae","county":"San Mateo","centroid":[-122.40556800000002,37.59448241666667]},"geometry":{"type":"Polygon","coordinates":[[[-122.414553,37.591307],[-122.410086,37.596588],[-122.40867,37.595971],[-122.408661,37.599859],[-122.406625,37.601034],[-122.402176,37.598126],[-122.399797,37.594598],[-122.398539,37.595309],[-122.397165,37.593808],[-122.403628,37.591585],[-122.405867,37.588045],[-122.411049,37.587559],[-122.414553,37.591307]]]}},{"type":"Feature","properties":{"geoid":"06081609601","name":"Unincorporated San Mateo","city":"","county":"San Mateo","centroid":[-122.28243557142856,37.496733428571424]},"geometry":{"type":"Polygon","coordinates":[[[-122.296976,37.496334],[-122.289598,37.49935],[-122.289771,37.500427],[-122.287241,37.499597],[-122.288134,37.50073],[-122.286221,37.500944],[-122.289557,37.50201],[-122.285407,37.506919],[-122.285618,37.504352],[-122.283978,37.501549],[-122.281629,37.499042],[-122.279437,37.498943],[-122.279998,37.497348],[-122.27884,37.495873],[-122.277358,37.495366],[-122.277885,37.498048],[-122.271734,37.498675],[-122.271906,37.499881],[-122.268547,37.498346],[-122.266668,37.493728],[-122.2745,37.493579],[-122.278338,37.491217],[-122.278347,37.489723],[-122.282585,37.488103],[-122.285098,37.488489],[-122.287855,37.486636],[-122.288219,37.488761],[-122.296751,37.494566],[-122.296976,37.496334]]]}},{"type":"Feature","properties":{"geoid":"06081603300","name":"Pedro Valley","city":"Pacifica","county":"San Mateo","centroid":[-122.48560933333334,37.58051093333334]},"geometry":{"type":"Polygon","coordinates":[[[-122.505809,37.577984],[-122.504202,37.580051],[-122.4956,37.58057],[-122.493964,37.582177],[-122.498555,37.583578],[-122.493077,37.588786],[-122.491778,37.593479],[-122.496386,37.593559],[-122.497441,37.595178],[-122.496894,37.596942],[-122.500104,37.599548],[-122.496853,37.607797],[-122.493019,37.602943],[-122.482585,37.599058],[-122.481857,37.595663],[-122.478548,37.593695],[-122.47885,37.591953],[-122.480676,37.591951],[-122.477095,37.588793],[-122.477075,37.58647],[-122.474085,37.583391],[-122.476702,37.580333],[-122.475177,37.578423],[-122.472806,37.579557],[-122.47157,37.577917],[-122.476064,37.573489],[-122.472941,37.573567],[-122.472787,37.570094],[-122.464039,37.570096],[-122.463988,37.56634],[-122.459486,37.566037],[-122.467624,37.566287],[-122.467639,37.563507],[-122.477695,37.563548],[-122.477887,37.562138],[-122.480068,37.562139],[-122.485426,37.565514],[-122.492571,37.566594],[-122.494425,37.570291],[-122.496587,37.570338],[-122.498487,37.574638],[-122.501587,37.577238],[-122.503128,37.577417],[-122.504396,37.575786],[-122.504887,37.578138],[-122.505809,37.577984]]]}},{"type":"Feature","properties":{"geoid":"06001451404","name":"Portola Meadows","city":"Livermore","county":"Alameda","centroid":[-121.78056260000001,37.686786299999994]},"geometry":{"type":"Polygon","coordinates":[[[-121.79092,37.683072],[-121.790821,37.688359],[-121.782969,37.688309],[-121.775667,37.690491],[-121.775982,37.691324],[-121.773113,37.691028],[-121.772448,37.689554],[-121.764867,37.685891],[-121.788118,37.678954],[-121.790721,37.680881],[-121.79092,37.683072]]]}},{"type":"Feature","properties":{"geoid":"06013338101","name":"Fruitbowl","city":"Concord","county":"Contra Costa","centroid":[-122.04355420000002,37.947817199999996]},"geometry":{"type":"Polygon","coordinates":[[[-122.051579,37.947586],[-122.038965,37.956369],[-122.034033,37.948464],[-122.046487,37.942592],[-122.046707,37.944075],[-122.051579,37.947586]]]}},{"type":"Feature","properties":{"geoid":"06013338102","name":"Sherman Acres","city":"Concord","county":"Contra Costa","centroid":[-122.04509136363639,37.94186272727273]},"geometry":{"type":"Polygon","coordinates":[[[-122.05278,37.936724],[-122.051393,37.942774],[-122.049789,37.942678],[-122.049776,37.945466],[-122.045414,37.942653],[-122.044908,37.943918],[-122.042581,37.943869],[-122.034033,37.948464],[-122.02914,37.943145],[-122.04688,37.934066],[-122.049311,37.936733],[-122.05278,37.936724]]]}},{"type":"Feature","properties":{"geoid":"06013368002","name":"San Pablo","city":"San Pablo","county":"Contra Costa","centroid":[-122.35208885714287,37.962390285714285]},"geometry":{"type":"Polygon","coordinates":[[[-122.357731,37.958759],[-122.356485,37.966767],[-122.354829,37.963941],[-122.351553,37.964484],[-122.351394,37.96334],[-122.34532,37.962594],[-122.34731,37.956847],[-122.357731,37.958759]]]}},{"type":"Feature","properties":{"geoid":"06081608001","name":"Foster","city":"Foster","county":"San Mateo","centroid":[-122.25861340000002,37.55157680000001]},"geometry":{"type":"Polygon","coordinates":[[[-122.264262,37.553736],[-122.258741,37.555511],[-122.251361,37.551437],[-122.25463,37.548561],[-122.264073,37.548639],[-122.264262,37.553736]]]}},{"type":"Feature","properties":{"geoid":"06081605000","name":"Unincorporated San Mateo","city":"","county":"San Mateo","centroid":[-122.38720829629631,37.58067681481481]},"geometry":{"type":"Polygon","coordinates":[[[-122.406664,37.584043],[-122.403618,37.581612],[-122.39095,37.588998],[-122.389946,37.588242],[-122.388313,37.59119],[-122.390105,37.592501],[-122.384488,37.597611],[-122.378943,37.594391],[-122.380568,37.59247],[-122.374849,37.589235],[-122.382624,37.586473],[-122.383145,37.585609],[-122.380394,37.584022],[-122.383146,37.580522],[-122.380181,37.578861],[-122.381351,37.577792],[-122.380012,37.576278],[-122.381417,37.574515],[-122.383478,37.574604],[-122.383583,37.573201],[-122.387904,37.569131],[-122.389816,37.56882],[-122.391281,37.57131],[-122.393545,37.570038],[-122.390765,37.566204],[-122.393886,37.567505],[-122.399652,37.573096],[-122.406664,37.584043]]]}},{"type":"Feature","properties":{"geoid":"06081608900","name":"Devonshire","city":"Belmont","county":"San Mateo","centroid":[-122.30518377777781,37.504878888888896]},"geometry":{"type":"Polygon","coordinates":[[[-122.338977,37.50709],[-122.335205,37.508455],[-122.330197,37.512587],[-122.32176,37.511105],[-122.310194,37.512695],[-122.301658,37.511206],[-122.294295,37.512112],[-122.292329,37.508766],[-122.286527,37.506614],[-122.289557,37.50201],[-122.286221,37.500944],[-122.288076,37.5008],[-122.287437,37.499498],[-122.289771,37.500427],[-122.289665,37.499315],[-122.303554,37.493717],[-122.318971,37.49963],[-122.328914,37.500849],[-122.338977,37.50709]]]}},{"type":"Feature","properties":{"geoid":"06081602700","name":"Pacific Manor","city":"Pacifica","county":"San Mateo","centroid":[-122.4756903076923,37.64862007692307]},"geometry":{"type":"Polygon","coordinates":[[[-122.484959,37.646216],[-122.484008,37.648821],[-122.480091,37.648168],[-122.481929,37.65309],[-122.479004,37.65529],[-122.478314,37.659344],[-122.475791,37.660514],[-122.471338,37.653036],[-122.471864,37.64914],[-122.464132,37.638791],[-122.469596,37.637867],[-122.470313,37.640112],[-122.472635,37.641672],[-122.484959,37.646216]]]}},{"type":"Feature","properties":{"geoid":"06081604200","name":"Tanforan","city":"San Bruno","county":"San Mateo","centroid":[-122.40598114285714,37.62915185714286]},"geometry":{"type":"Polygon","coordinates":[[[-122.416734,37.639359],[-122.411425,37.641228],[-122.411311,37.635537],[-122.403661,37.635538],[-122.402105,37.626893],[-122.396469,37.612862],[-122.400163,37.612646],[-122.416734,37.639359]]]}},{"type":"Feature","properties":{"geoid":"06081601400","name":"Westlake","city":"Daly","county":"San Mateo","centroid":[-122.479272625,37.683327125000005]},"geometry":{"type":"Polygon","coordinates":[[[-122.487085,37.683064],[-122.484744,37.683533],[-122.483571,37.686025],[-122.474295,37.686026],[-122.47431,37.687879],[-122.471131,37.687895],[-122.472937,37.675865],[-122.486108,37.67633],[-122.487085,37.683064]]]}},{"type":"Feature","properties":{"geoid":"06013302006","name":"Unincorporated Contra Costa","city":"","county":"Contra Costa","centroid":[-121.70834505882351,38.015038352941176]},"geometry":{"type":"Polygon","coordinates":[[[-121.75168,38.024308],[-121.739504,38.026164],[-121.732565,38.02902],[-121.712042,38.022198],[-121.699343,38.026924],[-121.695518,38.027024],[-121.691518,38.025749],[-121.687782,38.01989],[-121.682643,38.017749],[-121.684933,38.01586],[-121.68923,38.015098],[-121.691455,38.005521],[-121.695536,37.998117],[-121.696133,37.991498],[-121.701315,37.994316],[-121.739904,38.007195],[-121.750765,38.009021],[-121.75168,38.024308]]]}},{"type":"Feature","properties":{"geoid":"06013302005","name":"Oakley","city":"Oakley","county":"Contra Costa","centroid":[-121.7300049090909,37.998059181818185]},"geometry":{"type":"Polygon","coordinates":[[[-121.750816,38.005142],[-121.750765,38.009021],[-121.742113,38.007762],[-121.711708,37.997792],[-121.716146,37.997804],[-121.715663,37.992314],[-121.713962,37.992309],[-121.713935,37.990535],[-121.732281,37.990543],[-121.731897,37.997613],[-121.750768,37.997816],[-121.750816,38.005142]]]}},{"type":"Feature","properties":{"geoid":"06013313204","name":"Unincorporated Contra Costa","city":"","county":"Contra Costa","centroid":[-121.92461230769233,37.990996743589754]},"geometry":{"type":"Polygon","coordinates":[[[-121.951177,37.987233],[-121.94905,37.98986],[-121.946055,38.00328],[-121.940919,38.006815],[-121.941786,38.012068],[-121.932701,38.012145],[-121.932726,38.005035],[-121.9283,38.005085],[-121.925555,38.011723],[-121.922564,38.010628],[-121.922966,38.009224],[-121.9206,38.008925],[-121.922747,38.005114],[-121.921829,38.002817],[-121.912576,37.99965],[-121.912387,37.998692],[-121.909932,38.000885],[-121.90785,37.999444],[-121.90757,38.00821],[-121.904794,38.009115],[-121.900967,38.007687],[-121.899224,38.009043],[-121.892958,38.007379],[-121.897228,37.996265],[-121.895896,37.990657],[-121.899998,37.980048],[-121.909315,37.975252],[-121.916345,37.973983],[-121.926515,37.967595],[-121.928282,37.963472],[-121.930573,37.961861],[-121.940671,37.962905],[-121.946022,37.959772],[-121.949096,37.961158],[-121.948657,37.963084],[-121.945311,37.963546],[-121.940459,37.967744],[-121.93914,37.971602],[-121.939139,37.979872],[-121.951177,37.987233]]]}},{"type":"Feature","properties":{"geoid":"06001450743","name":"Hacienda","city":"Pleasanton","county":"Alameda","centroid":[-121.89417040000001,37.6940096]},"geometry":{"type":"Polygon","coordinates":[[[-121.907013,37.701893],[-121.878821,37.70168],[-121.878146,37.688893],[-121.903403,37.680281],[-121.903469,37.697301],[-121.907013,37.701893]]]}},{"type":"Feature","properties":{"geoid":"06001403501","name":"Westlake","city":"Oakland","county":"Alameda","centroid":[-122.25909866666667,37.8174565]},"geometry":{"type":"Polygon","coordinates":[[[-122.266771,37.811553],[-122.25868,37.824515],[-122.254838,37.821967],[-122.253679,37.819001],[-122.258161,37.816758],[-122.262463,37.810945],[-122.266771,37.811553]]]}},{"type":"Feature","properties":{"geoid":"06013313206","name":"Pittsburg","city":"Pittsburg","county":"Contra Costa","centroid":[-121.900991625,38.010831875]},"geometry":{"type":"Polygon","coordinates":[[[-121.907564,38.008311],[-121.906899,38.020168],[-121.889405,38.017102],[-121.892958,38.007379],[-121.899224,38.009043],[-121.900967,38.007687],[-121.904794,38.009115],[-121.906122,38.00785],[-121.907564,38.008311]]]}},{"type":"Feature","properties":{"geoid":"06001406500","name":"Fruitvale","city":"Oakland","county":"Alameda","centroid":[-122.21750499999999,37.78724125]},"geometry":{"type":"Polygon","coordinates":[[[-122.222632,37.783986],[-122.218469,37.794476],[-122.209819,37.788303],[-122.2191,37.7822],[-122.222632,37.783986]]]}},{"type":"Feature","properties":{"geoid":"06081609400","name":"Devonshire","city":"San Carlos","county":"San Mateo","centroid":[-122.26100969999997,37.493893400000005]},"geometry":{"type":"Polygon","coordinates":[[[-122.270896,37.502309],[-122.262994,37.502071],[-122.262616,37.49902],[-122.258213,37.494792],[-122.260176,37.49394],[-122.25609,37.491645],[-122.256322,37.489733],[-122.258917,37.488095],[-122.257874,37.48566],[-122.265999,37.491669],[-122.270896,37.502309]]]}},{"type":"Feature","properties":{"geoid":"06081613800","name":"Unincorporated San Mateo","city":"","county":"San Mateo","centroid":[-122.31778983125007,37.31102081874999]},"geometry":{"type":"Polygon","coordinates":[[[-122.423093,37.243131],[-122.42236,37.250439],[-122.418809,37.258038],[-122.416973,37.267292],[-122.414892,37.27041],[-122.410449,37.298832],[-122.408093,37.325825],[-122.404902,37.339861],[-122.406285,37.348062],[-122.40437,37.355419],[-122.404902,37.357956],[-122.41022,37.359815],[-122.412028,37.362691],[-122.413091,37.373429],[-122.416016,37.375766],[-122.409084,37.375826],[-122.406343,37.378627],[-122.405322,37.38238],[-122.400956,37.383225],[-122.398793,37.384955],[-122.397282,37.388965],[-122.391664,37.396309],[-122.391667,37.392961],[-122.386635,37.393477],[-122.387397,37.392585],[-122.386341,37.391548],[-122.382512,37.390676],[-122.378892,37.391669],[-122.378857,37.393626],[-122.373745,37.396942],[-122.369362,37.402326],[-122.366416,37.398917],[-122.36669,37.397077],[-122.36454,37.398042],[-122.357834,37.404814],[-122.353333,37.406259],[-122.351557,37.408293],[-122.350633,37.414929],[-122.352583,37.416747],[-122.350419,37.416495],[-122.351726,37.419019],[-122.350536,37.420096],[-122.348687,37.419158],[-122.346706,37.420101],[-122.346856,37.421679],[-122.348743,37.422127],[-122.346285,37.42383],[-122.343512,37.422165],[-122.338833,37.422912],[-122.330244,37.420095],[-122.328203,37.421692],[-122.329045,37.422867],[-122.325818,37.421541],[-122.325076,37.423689],[-122.321245,37.419743],[-122.320012,37.421248],[-122.3204,37.424296],[-122.312842,37.425365],[-122.319282,37.423784],[-122.319044,37.417976],[-122.30654,37.411924],[-122.307189,37.407485],[-122.297253,37.400746],[-122.293735,37.399678],[-122.292793,37.398527],[-122.293866,37.396541],[-122.291896,37.395495],[-122.29204,37.393635],[-122.290356,37.392246],[-122.291475,37.391871],[-122.284831,37.39015],[-122.280893,37.387737],[-122.270735,37.387447],[-122.266145,37.383742],[-122.265196,37.381028],[-122.266562,37.374945],[-122.264436,37.36257],[-122.260309,37.363078],[-122.260726,37.359885],[-122.263843,37.35958],[-122.266091,37.357161],[-122.263359,37.359228],[-122.260512,37.358474],[-122.258877,37.361512],[-122.254421,37.359502],[-122.253103,37.359995],[-122.254468,37.360951],[-122.252116,37.363087],[-122.256617,37.363014],[-122.257664,37.366938],[-122.252197,37.37175],[-122.247646,37.367295],[-122.247303,37.358501],[-122.2401,37.351823],[-122.231632,37.348523],[-122.228102,37.344698],[-122.217746,37.34013],[-122.217183,37.33563],[-122.215237,37.333317],[-122.204895,37.324746],[-122.186597,37.315548],[-122.18557,37.31167],[-122.183846,37.310039],[-122.181755,37.309566],[-122.175817,37.312749],[-122.170812,37.311982],[-122.166584,37.305617],[-122.16207,37.304233],[-122.163627,37.301479],[-122.162727,37.300731],[-122.166838,37.295237],[-122.156234,37.291812],[-122.15257,37.28822],[-122.152633,37.244035],[-122.15145,37.229952],[-122.152974,37.222444],[-122.152774,37.215444],[-122.242573,37.215134],[-122.24266,37.190035],[-122.268881,37.189843],[-122.288581,37.186745],[-122.317682,37.186945],[-122.311782,37.147545],[-122.289382,37.113472],[-122.294887,37.104146],[-122.30001,37.108056],[-122.312226,37.11361],[-122.314792,37.112051],[-122.321022,37.111466],[-122.336536,37.10299],[-122.344477,37.109128],[-122.338124,37.113122],[-122.339957,37.114194],[-122.343513,37.120722],[-122.341923,37.124131],[-122.341679,37.133874],[-122.345957,37.137478],[-122.347668,37.14157],[-122.351946,37.140985],[-122.358668,37.145272],[-122.362702,37.145564],[-122.364657,37.147513],[-122.365513,37.149656],[-122.364168,37.155209],[-122.367101,37.165146],[-122.379495,37.17714],[-122.381402,37.176642],[-122.387109,37.179224],[-122.392613,37.177275],[-122.397751,37.178346],[-122.401175,37.184678],[-122.401419,37.18955],[-122.40876,37.193545],[-122.409371,37.204553],[-122.412918,37.211762],[-122.41194,37.217217],[-122.41561,37.226082],[-122.420134,37.231733],[-122.420869,37.236118],[-122.423339,37.240502],[-122.423093,37.243131]]]}},{"type":"Feature","properties":{"geoid":"06081600200","name":"Bayshore","city":"Daly","county":"San Mateo","centroid":[-122.41543772727273,37.70347381818181]},"geometry":{"type":"Polygon","coordinates":[[[-122.42468,37.705909],[-122.42389,37.708236],[-122.405292,37.708262],[-122.406831,37.704598],[-122.410718,37.705691],[-122.412488,37.701741],[-122.411338,37.701364],[-122.413417,37.697831],[-122.419223,37.699143],[-122.418096,37.701871],[-122.423842,37.703566],[-122.42468,37.705909]]]}},{"type":"Feature","properties":{"geoid":"06075047902","name":"Outer Richmond","city":"San Francisco","county":"San Francisco","centroid":[-122.50416675,37.779239499999996]},"geometry":{"type":"Polygon","coordinates":[[[-122.510117,37.781006],[-122.498801,37.781377],[-122.498521,37.777531],[-122.509228,37.777044],[-122.510117,37.781006]]]}},{"type":"Feature","properties":{"geoid":"06085503330","name":"Unincorporated Santa Clara","city":"","county":"Santa Clara","centroid":[-121.7447477,37.314166533333335]},"geometry":{"type":"Polygon","coordinates":[[[-121.777546,37.306019],[-121.77051,37.307022],[-121.775182,37.316412],[-121.758157,37.319043],[-121.758621,37.322103],[-121.755757,37.320819],[-121.754143,37.322859],[-121.748632,37.322493],[-121.746222,37.323756],[-121.744643,37.322236],[-121.744479,37.323791],[-121.742603,37.322934],[-121.745567,37.326728],[-121.744551,37.328001],[-121.745513,37.329407],[-121.744474,37.330409],[-121.742683,37.328764],[-121.743228,37.331733],[-121.733161,37.333741],[-121.732563,37.339345],[-121.710642,37.301535],[-121.711432,37.297057],[-121.709987,37.291139],[-121.712463,37.289149],[-121.722954,37.287741],[-121.733838,37.291605],[-121.741979,37.292525],[-121.757785,37.299507],[-121.761775,37.297779],[-121.771341,37.299344],[-121.777546,37.306019]]]}},{"type":"Feature","properties":{"geoid":"06081601501","name":"Serramonte","city":"Daly","county":"San Mateo","centroid":[-122.48569244444444,37.67577322222222]},"geometry":{"type":"Polygon","coordinates":[[[-122.490305,37.678493],[-122.489343,37.683361],[-122.487085,37.683064],[-122.486517,37.676626],[-122.479567,37.675855],[-122.480141,37.670558],[-122.483267,37.670281],[-122.48541,37.668549],[-122.489597,37.675172],[-122.490305,37.678493]]]}},{"type":"Feature","properties":{"geoid":"06081601502","name":"Serramonte","city":"Daly","county":"San Mateo","centroid":[-122.47813433333333,37.669196888888884]},"geometry":{"type":"Polygon","coordinates":[[[-122.485314,37.66868],[-122.483267,37.670281],[-122.480141,37.670558],[-122.479567,37.675855],[-122.472937,37.675865],[-122.476059,37.67164],[-122.474679,37.665254],[-122.47573,37.664026],[-122.475515,37.660613],[-122.485314,37.66868]]]}},{"type":"Feature","properties":{"geoid":"06081601603","name":"Serramonte","city":"Daly","county":"San Mateo","centroid":[-122.46114015384616,37.65641707692308]},"geometry":{"type":"Polygon","coordinates":[[[-122.469233,37.663821],[-122.463488,37.663108],[-122.460875,37.664535],[-122.463833,37.661069],[-122.457616,37.656732],[-122.456121,37.653992],[-122.453794,37.655921],[-122.450394,37.648505],[-122.455649,37.650555],[-122.467582,37.650421],[-122.467566,37.652273],[-122.461841,37.654202],[-122.46683,37.658288],[-122.469233,37.663821]]]}},{"type":"Feature","properties":{"geoid":"06081609800","name":"Redwood","city":"Redwood","county":"San Mateo","centroid":[-122.2519883,37.470136049999994]},"geometry":{"type":"Polygon","coordinates":[[[-122.262909,37.468124],[-122.258587,37.468901],[-122.261437,37.474064],[-122.260811,37.478511],[-122.255597,37.482883],[-122.251386,37.47916],[-122.250324,37.472347],[-122.248451,37.473834],[-122.240721,37.47253],[-122.242322,37.471552],[-122.241328,37.469634],[-122.245215,37.466537],[-122.247022,37.465796],[-122.248748,37.467258],[-122.249169,37.465277],[-122.251101,37.465733],[-122.251658,37.464396],[-122.255744,37.465551],[-122.258453,37.464652],[-122.258783,37.465981],[-122.262909,37.468124]]]}},{"type":"Feature","properties":{"geoid":"06081601604","name":"Serramonte","city":"Daly","county":"San Mateo","centroid":[-122.46850125000002,37.668748]},"geometry":{"type":"Polygon","coordinates":[[[-122.476059,37.67164],[-122.472448,37.676808],[-122.471672,37.683156],[-122.470213,37.677827],[-122.460243,37.667183],[-122.461806,37.665697],[-122.460875,37.664535],[-122.463702,37.663101],[-122.46911,37.664495],[-122.46922,37.662704],[-122.471565,37.662003],[-122.475102,37.665827],[-122.476059,37.67164]]]}},{"type":"Feature","properties":{"geoid":"06081601605","name":"Serramonte","city":"Daly","county":"San Mateo","centroid":[-122.4698276,37.656783499999996]},"geometry":{"type":"Polygon","coordinates":[[[-122.475791,37.660514],[-122.474679,37.665254],[-122.471565,37.662003],[-122.46922,37.662704],[-122.46683,37.658288],[-122.461841,37.654202],[-122.467566,37.652273],[-122.467582,37.650421],[-122.471864,37.64914],[-122.471338,37.653036],[-122.475791,37.660514]]]}},{"type":"Feature","properties":{"geoid":"06081608800","name":"Belmont","city":"Belmont","county":"San Mateo","centroid":[-122.31177135294116,37.517628235294126]},"geometry":{"type":"Polygon","coordinates":[[[-122.33015,37.512632],[-122.324881,37.517251],[-122.325394,37.519634],[-122.323711,37.521018],[-122.32161,37.521212],[-122.319408,37.51918],[-122.314957,37.519208],[-122.311742,37.524441],[-122.307183,37.521125],[-122.301947,37.523365],[-122.298713,37.521606],[-122.296143,37.517601],[-122.296367,37.514289],[-122.294295,37.512112],[-122.301658,37.511206],[-122.310194,37.512695],[-122.32176,37.511105],[-122.33015,37.512632]]]}},{"type":"Feature","properties":{"geoid":"06075030900","name":"Mount Davidson Manor","city":"San Francisco","county":"San Francisco","centroid":[-122.46608923076923,37.729332384615375]},"geometry":{"type":"Polygon","coordinates":[[[-122.476072,37.72082],[-122.475189,37.734762],[-122.464462,37.735135],[-122.46489,37.736045],[-122.463077,37.735845],[-122.463136,37.737023],[-122.459505,37.734291],[-122.461748,37.730064],[-122.460816,37.728681],[-122.462888,37.728056],[-122.462265,37.721748],[-122.47244,37.721603],[-122.472672,37.717248],[-122.476072,37.72082]]]}},{"type":"Feature","properties":{"geoid":"06075031100","name":"Sunnyside","city":"San Francisco","county":"San Francisco","centroid":[-122.44675790000001,37.7294658]},"geometry":{"type":"Polygon","coordinates":[[[-122.454072,37.729834],[-122.453425,37.73304],[-122.438816,37.733087],[-122.438408,37.734341],[-122.432535,37.733123],[-122.443791,37.728233],[-122.447878,37.723005],[-122.452335,37.72318],[-122.452328,37.728303],[-122.453991,37.728512],[-122.454072,37.729834]]]}},{"type":"Feature","properties":{"geoid":"06075031000","name":"Westwood Park","city":"San Francisco","county":"San Francisco","centroid":[-122.4574812,37.7293572]},"geometry":{"type":"Polygon","coordinates":[[[-122.462888,37.728056],[-122.460816,37.728681],[-122.461748,37.730064],[-122.459505,37.734291],[-122.45499,37.733896],[-122.453425,37.73304],[-122.453991,37.728512],[-122.452328,37.728303],[-122.452335,37.72318],[-122.462786,37.725549],[-122.462888,37.728056]]]}},{"type":"Feature","properties":{"geoid":"06075032700","name":"Sunset","city":"San Francisco","county":"San Francisco","centroid":[-122.491168,37.76017125]},"geometry":{"type":"Polygon","coordinates":[[[-122.496085,37.764675],[-122.486906,37.765054],[-122.486248,37.755683],[-122.495433,37.755273],[-122.496085,37.764675]]]}},{"type":"Feature","properties":{"geoid":"06075033100","name":"Parkside","city":"San Francisco","county":"San Francisco","centroid":[-122.48843277777779,37.731142444444444]},"geometry":{"type":"Polygon","coordinates":[[[-122.498193,37.731912],[-122.496449,37.733877],[-122.475189,37.734762],[-122.474972,37.731072],[-122.486179,37.730879],[-122.486606,37.729555],[-122.48958,37.730286],[-122.492028,37.728815],[-122.496699,37.729124],[-122.498193,37.731912]]]}},{"type":"Feature","properties":{"geoid":"06075033201","name":"Ingleside Terraces","city":"San Francisco","county":"San Francisco","centroid":[-122.48189414285716,37.72638957142857]},"geometry":{"type":"Polygon","coordinates":[[[-122.486566,37.729661],[-122.486179,37.730879],[-122.474972,37.731072],[-122.475353,37.721028],[-122.48114,37.720863],[-122.485092,37.724134],[-122.483957,37.72709],[-122.486566,37.729661]]]}},{"type":"Feature","properties":{"geoid":"06075035201","name":"Outer Sunset","city":"San Francisco","county":"San Francisco","centroid":[-122.509078,37.7571265]},"geometry":{"type":"Polygon","coordinates":[[[-122.516877,37.763737],[-122.50987,37.76409],[-122.509111,37.758414],[-122.502582,37.7587],[-122.50193,37.749377],[-122.514098,37.748441],[-122.516877,37.763737]]]}},{"type":"Feature","properties":{"geoid":"06075035300","name":"Sunset","city":"San Francisco","county":"San Francisco","centroid":[-122.49862933333333,37.74516783333333]},"geometry":{"type":"Polygon","coordinates":[[[-122.50193,37.749377],[-122.499784,37.749472],[-122.499914,37.751334],[-122.495165,37.751543],[-122.493942,37.733981],[-122.501041,37.7353],[-122.50193,37.749377]]]}},{"type":"Feature","properties":{"geoid":"06075035400","name":"Outer Sunset","city":"San Francisco","county":"San Francisco","centroid":[-122.50745025,37.742051249999996]},"geometry":{"type":"Polygon","coordinates":[[[-122.514098,37.748441],[-122.50193,37.749377],[-122.501041,37.7353],[-122.512732,37.735087],[-122.514098,37.748441]]]}},{"type":"Feature","properties":{"geoid":"06075040100","name":"North Beach","city":"San Francisco","county":"San Francisco","centroid":[-122.46185475000001,37.7851725]},"geometry":{"type":"Polygon","coordinates":[[[-122.464781,37.788564],[-122.459476,37.789711],[-122.458878,37.781326],[-122.464284,37.781089],[-122.464781,37.788564]]]}},{"type":"Feature","properties":{"geoid":"06075040200","name":"Inner Richmond","city":"San Francisco","county":"San Francisco","centroid":[-122.4692556,37.7847448]},"geometry":{"type":"Polygon","coordinates":[[[-122.472597,37.78609],[-122.472352,37.787234],[-122.464781,37.788564],[-122.464284,37.781089],[-122.472264,37.780747],[-122.472597,37.78609]]]}},{"type":"Feature","properties":{"geoid":"06075042700","name":"Outer Richmond","city":"San Francisco","county":"San Francisco","centroid":[-122.48816333333332,37.78311433333334]},"geometry":{"type":"Polygon","coordinates":[[[-122.493491,37.783498],[-122.487151,37.783785],[-122.487286,37.785649],[-122.48408,37.785795],[-122.483667,37.780207],[-122.493305,37.779752],[-122.493491,37.783498]]]}},{"type":"Feature","properties":{"geoid":"06075042800","name":"Outer Richmond","city":"San Francisco","county":"San Francisco","centroid":[-122.4861619,37.7880006]},"geometry":{"type":"Polygon","coordinates":[[[-122.500783,37.795029],[-122.485943,37.790839],[-122.484006,37.789431],[-122.484146,37.787665],[-122.472352,37.787234],[-122.472583,37.786317],[-122.487286,37.785649],[-122.487151,37.783785],[-122.493491,37.783498],[-122.493878,37.790559],[-122.500783,37.795029]]]}},{"type":"Feature","properties":{"geoid":"06075047600","name":"Inner Richmond","city":"San Francisco","county":"San Francisco","centroid":[-122.47554875,37.776776500000004]},"geometry":{"type":"Polygon","coordinates":[[[-122.479388,37.780403],[-122.472264,37.780747],[-122.471706,37.773141],[-122.478837,37.772815],[-122.479388,37.780403]]]}},{"type":"Feature","properties":{"geoid":"06075017700","name":"West SoMa","city":"San Francisco","county":"San Francisco","centroid":[-122.41068614285713,37.76888400000001]},"geometry":{"type":"Polygon","coordinates":[[[-122.41931,37.775233],[-122.410931,37.769411],[-122.409736,37.770349],[-122.408007,37.769244],[-122.40499,37.769715],[-122.404497,37.764664],[-122.417332,37.763572],[-122.41931,37.775233]]]}},{"type":"Feature","properties":{"geoid":"06075023400","name":"Little Hollywood","city":"San Francisco","county":"San Francisco","centroid":[-122.3901935,37.7215375]},"geometry":{"type":"Polygon","coordinates":[[[-122.396636,37.720364],[-122.393284,37.727764],[-122.382723,37.721724],[-122.388131,37.716298],[-122.396636,37.720364]]]}},{"type":"Feature","properties":{"geoid":"06075025100","name":"Bernal Heights","city":"San Francisco","county":"San Francisco","centroid":[-122.40887685714287,37.74303828571429]},"geometry":{"type":"Polygon","coordinates":[[[-122.410718,37.74156],[-122.409361,37.743263],[-122.410338,37.743749],[-122.410551,37.748367],[-122.403784,37.749433],[-122.407009,37.738002],[-122.410377,37.736894],[-122.410718,37.74156]]]}},{"type":"Feature","properties":{"geoid":"06075047701","name":"Outer Richmond","city":"San Francisco","county":"San Francisco","centroid":[-122.4840635,37.77825825]},"geometry":{"type":"Polygon","coordinates":[[[-122.489019,37.779977],[-122.479388,37.780403],[-122.479106,37.776546],[-122.488741,37.776107],[-122.489019,37.779977]]]}},{"type":"Feature","properties":{"geoid":"06075060100","name":"San Francisco","city":"San Francisco","county":"San Francisco","centroid":[-122.49141265714287,37.81536131428571]},"geometry":{"type":"Polygon","coordinates":[[[-122.534088,37.815347],[-122.527739,37.81514],[-122.528852,37.820108],[-122.525531,37.821119],[-122.52286,37.824929],[-122.511288,37.824703],[-122.50586,37.823065],[-122.504475,37.821033],[-122.501653,37.821494],[-122.500708,37.819851],[-122.499096,37.819883],[-122.49962,37.821884],[-122.49584,37.822137],[-122.491225,37.826603],[-122.484559,37.826881],[-122.483259,37.825645],[-122.478092,37.825349],[-122.478442,37.830912],[-122.47703,37.831149],[-122.477808,37.833224],[-122.474489,37.833637],[-122.47283,37.831892],[-122.453983,37.839027],[-122.448127,37.806896],[-122.449604,37.803008],[-122.44782,37.801633],[-122.4463,37.791879],[-122.470912,37.787221],[-122.484146,37.787665],[-122.484006,37.789431],[-122.485943,37.790839],[-122.500783,37.795029],[-122.506164,37.799055],[-122.515748,37.80335],[-122.530563,37.806628],[-122.534088,37.815347]]]}},{"type":"Feature","properties":{"geoid":"06085503710","name":"Little Portugal","city":"San Jose","county":"Santa Clara","centroid":[-121.84688874999999,37.35447225]},"geometry":{"type":"Polygon","coordinates":[[[-121.855465,37.352735],[-121.840908,37.359656],[-121.838531,37.355648],[-121.852651,37.34985],[-121.855465,37.352735]]]}},{"type":"Feature","properties":{"geoid":"06085503711","name":"Little Portugal","city":"San Jose","county":"Santa Clara","centroid":[-121.8424625,37.3513045]},"geometry":{"type":"Polygon","coordinates":[[[-121.852651,37.34985],[-121.840493,37.355616],[-121.838531,37.355648],[-121.837878,37.354077],[-121.838896,37.349432],[-121.846326,37.343204],[-121.852651,37.34985]]]}},{"type":"Feature","properties":{"geoid":"06085503332","name":"San Jose","city":"San Jose","county":"Santa Clara","centroid":[-121.7429822,37.28572366666666]},"geometry":{"type":"Polygon","coordinates":[[[-121.765548,37.289925],[-121.765302,37.290989],[-121.762176,37.290294],[-121.753914,37.292041],[-121.747948,37.291739],[-121.747051,37.293266],[-121.744061,37.293458],[-121.733838,37.291605],[-121.722954,37.287741],[-121.712463,37.289149],[-121.716959,37.285541],[-121.727571,37.264056],[-121.738345,37.268597],[-121.749527,37.277554],[-121.757076,37.2799],[-121.765548,37.289925]]]}},{"type":"Feature","properties":{"geoid":"06085504423","name":"Milpitas","city":"Milpitas","county":"Santa Clara","centroid":[-121.87023939999999,37.4341504]},"geometry":{"type":"Polygon","coordinates":[[[-121.876001,37.43742],[-121.872736,37.438216],[-121.86515,37.43396],[-121.864038,37.431655],[-121.873272,37.429501],[-121.876001,37.43742]]]}},{"type":"Feature","properties":{"geoid":"06085511707","name":"Unincorporated Santa Clara","city":"","county":"Santa Clara","centroid":[-122.11414511888114,37.29872228671329]},"geometry":{"type":"Polygon","coordinates":[[[-122.202598,37.363217],[-122.200706,37.371964],[-122.190505,37.385253],[-122.190016,37.394857],[-122.191848,37.397187],[-122.194331,37.408867],[-122.18905,37.40636],[-122.17628,37.39373],[-122.168904,37.39193],[-122.171862,37.379746],[-122.167824,37.377503],[-122.171342,37.366986],[-122.167,37.36589],[-122.16908,37.36289],[-122.17182,37.36279],[-122.16448,37.35811],[-122.166323,37.357979],[-122.15987,37.35417],[-122.15414,37.35442],[-122.14973,37.35211],[-122.14111,37.35329],[-122.1412,37.35226],[-122.13968,37.35244],[-122.14088,37.35158],[-122.13873,37.35102],[-122.141983,37.349984],[-122.142909,37.347336],[-122.141613,37.34774],[-122.138421,37.345542],[-122.136396,37.3462],[-122.133969,37.344446],[-122.132185,37.345512],[-122.126948,37.344376],[-122.125869,37.340783],[-122.113211,37.337868],[-122.10094,37.33778],[-122.099822,37.341054],[-122.095406,37.342468],[-122.098649,37.345698],[-122.100987,37.346835],[-122.102586,37.345475],[-122.109284,37.350818],[-122.110719,37.35004],[-122.10746,37.35288],[-122.103119,37.348228],[-122.07873,37.33405],[-122.068515,37.33419],[-122.07136,37.33217],[-122.07214,37.32695],[-122.075431,37.323512],[-122.07827,37.323058],[-122.081497,37.320526],[-122.093623,37.306095],[-122.096192,37.300928],[-122.089901,37.300574],[-122.087225,37.297287],[-122.080572,37.294442],[-122.079872,37.288242],[-122.077872,37.287942],[-122.077343,37.284447],[-122.075281,37.283823],[-122.07513,37.28171],[-122.071049,37.279042],[-122.071798,37.277462],[-122.07086,37.27823],[-122.06958,37.27529],[-122.067846,37.275142],[-122.067913,37.265401],[-122.079118,37.265446],[-122.083472,37.261943],[-122.083772,37.258643],[-122.075272,37.261043],[-122.068096,37.257751],[-122.064267,37.252075],[-122.05772,37.25245],[-122.053159,37.250993],[-122.048832,37.252037],[-122.052871,37.250778],[-122.055069,37.245599],[-122.048218,37.239631],[-122.048514,37.237087],[-122.045931,37.231697],[-122.04085,37.23323],[-122.03766,37.23141],[-122.039031,37.23039],[-122.03991,37.22647],[-122.03675,37.22416],[-122.03716,37.22316],[-122.03341,37.21957],[-122.03326,37.21775],[-122.0288,37.217522],[-122.030254,37.209067],[-122.028565,37.207369],[-122.03185,37.204122],[-122.044121,37.200495],[-122.047548,37.204936],[-122.054608,37.210009],[-122.055087,37.212497],[-122.05939,37.212985],[-122.062775,37.210365],[-122.065933,37.210413],[-122.07001,37.216672],[-122.076616,37.220194],[-122.078774,37.222974],[-122.08981,37.22327],[-122.092667,37.22544],[-122.093369,37.22924],[-122.09951,37.2332],[-122.10423,37.23427],[-122.10557,37.24074],[-122.121638,37.25856],[-122.12393,37.25972],[-122.12839,37.25922],[-122.13166,37.26093],[-122.13585,37.26574],[-122.14415,37.27021],[-122.148362,37.275451],[-122.150539,37.275883],[-122.14869,37.281],[-122.151119,37.283523],[-122.15339,37.28971],[-122.158125,37.292639],[-122.166838,37.295237],[-122.162727,37.300731],[-122.163627,37.301479],[-122.16207,37.304233],[-122.166584,37.305617],[-122.171178,37.312118],[-122.175817,37.312749],[-122.181755,37.309566],[-122.183846,37.310039],[-122.18557,37.31167],[-122.186597,37.315548],[-122.193062,37.318277],[-122.186516,37.322031],[-122.183038,37.327314],[-122.178546,37.325158],[-122.175075,37.325741],[-122.182844,37.33297],[-122.185954,37.338701],[-122.19521,37.347025],[-122.196064,37.35131],[-122.202377,37.359969],[-122.202598,37.363217]]]}},{"type":"Feature","properties":{"geoid":"06085511704","name":"Los Altos Hills","city":"Los Altos Hills","county":"Santa Clara","centroid":[-122.13509295454547,37.35513638636364]},"geometry":{"type":"Polygon","coordinates":[[[-122.171435,37.381437],[-122.168904,37.39193],[-122.15509,37.38747],[-122.152654,37.385023],[-122.150447,37.378316],[-122.14022,37.36831],[-122.12258,37.36332],[-122.11609,37.35614],[-122.10746,37.35288],[-122.110719,37.35004],[-122.109284,37.350818],[-122.102586,37.345475],[-122.100987,37.346835],[-122.098649,37.345698],[-122.095406,37.342468],[-122.099716,37.341136],[-122.10094,37.33778],[-122.103199,37.337219],[-122.10706,37.338524],[-122.106544,37.337126],[-122.11958,37.338949],[-122.126078,37.340866],[-122.126948,37.344376],[-122.132185,37.345512],[-122.133969,37.344446],[-122.136396,37.3462],[-122.138421,37.345542],[-122.141613,37.34774],[-122.142909,37.347336],[-122.141983,37.349984],[-122.13873,37.35102],[-122.14088,37.35158],[-122.13968,37.35244],[-122.1412,37.35226],[-122.14111,37.35329],[-122.14961,37.3521],[-122.15414,37.35442],[-122.15995,37.35421],[-122.1718,37.36266],[-122.16891,37.363],[-122.167,37.36589],[-122.171342,37.366986],[-122.167824,37.377503],[-122.171862,37.379746],[-122.171435,37.381437]]]}},{"type":"Feature","properties":{"geoid":"06085511609","name":"Southgate","city":"Palo Alto","county":"Santa Clara","centroid":[-122.17620552941175,37.43754799999999]},"geometry":{"type":"Polygon","coordinates":[[[-122.190526,37.431286],[-122.184559,37.434093],[-122.182175,37.439478],[-122.180135,37.439313],[-122.17979,37.441021],[-122.175704,37.441884],[-122.174525,37.444471],[-122.170303,37.447185],[-122.15614,37.43826],[-122.16021,37.437297],[-122.16763,37.44363],[-122.17043,37.44111],[-122.17497,37.4308],[-122.17812,37.43172],[-122.17811,37.43344],[-122.182288,37.434498],[-122.189879,37.42883],[-122.190526,37.431286]]]}},{"type":"Feature","properties":{"geoid":"06085512510","name":"Glen Loma Ranch","city":"Gilroy","county":"Santa Clara","centroid":[-121.58925137837835,36.98106764864866]},"geometry":{"type":"Polygon","coordinates":[[[-121.621672,36.977156],[-121.616269,36.98198],[-121.616393,36.989606],[-121.613388,36.992747],[-121.611597,36.997763],[-121.613253,37.003035],[-121.612791,37.007662],[-121.613893,37.008477],[-121.61275,37.01011],[-121.61116,37.01021],[-121.61094,37.0119],[-121.586674,37.013505],[-121.58655,37.00355],[-121.58801,37.00104],[-121.58458,36.99941],[-121.58752,36.99536],[-121.58778,36.98703],[-121.5867,36.98401],[-121.58553,36.98307],[-121.5803,36.98461],[-121.57345,36.98214],[-121.56901,36.97631],[-121.56458,36.97684],[-121.56299,36.97369],[-121.555304,36.975885],[-121.55093,36.9612],[-121.552639,36.9429],[-121.565445,36.945789],[-121.568456,36.948325],[-121.57239,36.94774],[-121.580327,36.952921],[-121.58282,36.95848],[-121.58516,36.95687],[-121.59274,36.95905],[-121.59319,36.96216],[-121.600813,36.966509],[-121.604307,36.970463],[-121.621672,36.977156]]]}},{"type":"Feature","properties":{"geoid":"06085512509","name":"Unincorporated Santa Clara","city":"","county":"Santa Clara","centroid":[-121.57168666666666,36.985926400000004]},"geometry":{"type":"Polygon","coordinates":[[[-121.58778,36.98719],[-121.58742,36.99582],[-121.58458,36.99941],[-121.580466,36.995701],[-121.56578,37.00026],[-121.56056,36.98829],[-121.55826,36.98675],[-121.55831,36.98277],[-121.555304,36.975885],[-121.56299,36.97369],[-121.56458,36.97684],[-121.56901,36.97631],[-121.57345,36.98214],[-121.58068,36.98465],[-121.58613,36.98319],[-121.58778,36.98719]]]}},{"type":"Feature","properties":{"geoid":"06085512310","name":"Unincorporated Santa Clara","city":"","county":"Santa Clara","centroid":[-121.632763,37.1141325]},"geometry":{"type":"Polygon","coordinates":[[[-121.64846,37.12595],[-121.63375,37.13154],[-121.62406,37.11521],[-121.620195,37.111185],[-121.628744,37.108335],[-121.616181,37.095665],[-121.64072,37.11097],[-121.63697,37.11369],[-121.63771,37.11501],[-121.64084,37.11377],[-121.64846,37.12595]]]}},{"type":"Feature","properties":{"geoid":"06085503331","name":"San Jose","city":"San Jose","county":"Santa Clara","centroid":[-121.7569052222222,37.294276333333336]},"geometry":{"type":"Polygon","coordinates":[[[-121.771341,37.299344],[-121.761775,37.297779],[-121.757785,37.299507],[-121.744061,37.293458],[-121.747051,37.293266],[-121.747948,37.291739],[-121.753914,37.292041],[-121.76297,37.290364],[-121.765302,37.290989],[-121.771341,37.299344]]]}},{"type":"Feature","properties":{"geoid":"06085510600","name":"Barron Park","city":"Palo Alto","county":"Santa Clara","centroid":[-122.13189254545456,37.406157636363645]},"geometry":{"type":"Polygon","coordinates":[[[-122.140053,37.412609],[-122.13451,37.41905],[-122.12711,37.41481],[-122.120047,37.405942],[-122.124471,37.401268],[-122.12997,37.40076],[-122.13476,37.39877],[-122.136183,37.39933],[-122.136089,37.401609],[-122.133655,37.405026],[-122.13397,37.40856],[-122.140053,37.412609]]]}},{"type":"Feature","properties":{"geoid":"06085511705","name":"Unincorporated Santa Clara","city":"","county":"Santa Clara","centroid":[-122.16322885714287,37.40888642857143]},"geometry":{"type":"Polygon","coordinates":[[[-122.194195,37.409088],[-122.192338,37.413912],[-122.187647,37.414747],[-122.187159,37.416335],[-122.190163,37.418196],[-122.187915,37.420187],[-122.188384,37.422467],[-122.19075,37.42436],[-122.17722,37.42046],[-122.16974,37.41405],[-122.16318,37.41173],[-122.15597,37.40632],[-122.149713,37.413921],[-122.153338,37.415988],[-122.14588,37.42499],[-122.13451,37.41905],[-122.14007,37.41259],[-122.13397,37.40856],[-122.133655,37.405026],[-122.136089,37.401609],[-122.136183,37.39933],[-122.13476,37.39877],[-122.14995,37.39205],[-122.15202,37.38738],[-122.15368,37.38644],[-122.167299,37.391604],[-122.17558,37.3933],[-122.18905,37.40636],[-122.194195,37.409088]]]}},{"type":"Feature","properties":{"geoid":"06085513000","name":"College Terrace","city":"Stanford","county":"Santa Clara","centroid":[-122.16580581818184,37.425869000000006]},"geometry":{"type":"Polygon","coordinates":[[[-122.17373,37.42636],[-122.16904,37.43123],[-122.165424,37.441929],[-122.14924,37.42769],[-122.15636,37.41911],[-122.16141,37.42256],[-122.16539,37.42286],[-122.16836,37.4214],[-122.16905,37.42252],[-122.17315,37.42275],[-122.17271,37.42615],[-122.17373,37.42636]]]}},{"type":"Feature","properties":{"geoid":"06085512053","name":"Parkview","city":"San Jose","county":"Santa Clara","centroid":[-121.85685825,37.242638750000005]},"geometry":{"type":"Polygon","coordinates":[[[-121.862851,37.240226],[-121.862397,37.241656],[-121.860267,37.242261],[-121.857941,37.240472],[-121.854426,37.250315],[-121.846752,37.250573],[-121.851128,37.237301],[-121.859104,37.238306],[-121.862851,37.240226]]]}},{"type":"Feature","properties":{"geoid":"06075020300","name":"Haight-Ashbury","city":"San Francisco","county":"San Francisco","centroid":[-122.42934766666667,37.764915]},"geometry":{"type":"Polygon","coordinates":[[[-122.435193,37.762727],[-122.426713,37.768982],[-122.426137,37.763036],[-122.435193,37.762727]]]}},{"type":"Feature","properties":{"geoid":"06075020900","name":"Mission","city":"San Francisco","county":"San Francisco","centroid":[-122.41842075,37.75182275]},"geometry":{"type":"Polygon","coordinates":[[[-122.420964,37.755295],[-122.416567,37.755568],[-122.41587,37.748267],[-122.420282,37.748161],[-122.420964,37.755295]]]}},{"type":"Feature","properties":{"geoid":"06075021000","name":"Noe Valley","city":"San Francisco","county":"San Francisco","centroid":[-122.422832,37.75158225]},"geometry":{"type":"Polygon","coordinates":[[[-122.425384,37.755035],[-122.420964,37.755295],[-122.420282,37.748161],[-122.424698,37.747838],[-122.425384,37.755035]]]}},{"type":"Feature","properties":{"geoid":"06075021100","name":"Noe Valley","city":"San Francisco","county":"San Francisco","centroid":[-122.42981624999999,37.753969500000004]},"geometry":{"type":"Polygon","coordinates":[[[-122.434546,37.756093],[-122.425532,37.756636],[-122.425097,37.751845],[-122.43409,37.751304],[-122.434546,37.756093]]]}},{"type":"Feature","properties":{"geoid":"06075021200","name":"Noe Valley","city":"San Francisco","county":"San Francisco","centroid":[-122.43804850000001,37.75339]},"geometry":{"type":"Polygon","coordinates":[[[-122.443213,37.750935],[-122.440345,37.755228],[-122.434546,37.756093],[-122.43409,37.751304],[-122.443213,37.750935]]]}},{"type":"Feature","properties":{"geoid":"06075021300","name":"Noe Valley","city":"San Francisco","county":"San Francisco","centroid":[-122.43898971428573,37.74867842857144]},"geometry":{"type":"Polygon","coordinates":[[[-122.444857,37.747025],[-122.443255,37.750769],[-122.43409,37.751304],[-122.433697,37.747297],[-122.43809,37.74705],[-122.438246,37.748665],[-122.440693,37.748639],[-122.444857,37.747025]]]}},{"type":"Feature","properties":{"geoid":"06075021400","name":"Noe Valley","city":"San Francisco","county":"San Francisco","centroid":[-122.4293955,37.749571]},"geometry":{"type":"Polygon","coordinates":[[[-122.43409,37.751304],[-122.425097,37.751845],[-122.424698,37.747838],[-122.433697,37.747297],[-122.43409,37.751304]]]}},{"type":"Feature","properties":{"geoid":"06075021500","name":"Noe Valley","city":"San Francisco","county":"San Francisco","centroid":[-122.42707275,37.74488925]},"geometry":{"type":"Polygon","coordinates":[[[-122.431477,37.747434],[-122.422565,37.748],[-122.423361,37.74229],[-122.430888,37.741833],[-122.431477,37.747434]]]}},{"type":"Feature","properties":{"geoid":"06075021600","name":"Noe Valley","city":"San Francisco","county":"San Francisco","centroid":[-122.43871345454545,37.74548336363636]},"geometry":{"type":"Polygon","coordinates":[[[-122.447399,37.746596],[-122.443961,37.746765],[-122.441408,37.74861],[-122.438246,37.748665],[-122.43809,37.74705],[-122.431477,37.747434],[-122.430888,37.741833],[-122.434622,37.743218],[-122.43556,37.74155],[-122.440049,37.745299],[-122.444148,37.743297],[-122.447399,37.746596]]]}},{"type":"Feature","properties":{"geoid":"06075021700","name":"Diamond Heights","city":"San Francisco","county":"San Francisco","centroid":[-122.43828235294119,37.74090582352942]},"geometry":{"type":"Polygon","coordinates":[[[-122.451692,37.745629],[-122.447399,37.746596],[-122.444148,37.743297],[-122.440049,37.745299],[-122.43556,37.74155],[-122.435559,37.743161],[-122.43332,37.743296],[-122.433259,37.741903],[-122.430888,37.741833],[-122.431308,37.739278],[-122.428726,37.738326],[-122.432535,37.735854],[-122.434697,37.737256],[-122.435852,37.733837],[-122.443628,37.735671],[-122.442597,37.739548],[-122.449583,37.743065],[-122.451692,37.745629]]]}},{"type":"Feature","properties":{"geoid":"06075021800","name":"Glen Park","city":"San Francisco","county":"San Francisco","centroid":[-122.43032969999999,37.73757479999999]},"geometry":{"type":"Polygon","coordinates":[[[-122.43584,37.733875],[-122.434697,37.737256],[-122.432535,37.735854],[-122.428726,37.738326],[-122.431759,37.739803],[-122.430888,37.741833],[-122.423361,37.74229],[-122.425082,37.737851],[-122.427874,37.735537],[-122.432535,37.733123],[-122.43584,37.733875]]]}},{"type":"Feature","properties":{"geoid":"06075022600","name":"Pier 70","city":"San Francisco","county":"San Francisco","centroid":[-122.38722862499999,37.762904999999996]},"geometry":{"type":"Polygon","coordinates":[[[-122.394303,37.766593],[-122.388164,37.766958],[-122.387917,37.764379],[-122.385823,37.767255],[-122.379681,37.767629],[-122.377981,37.753629],[-122.391231,37.75263],[-122.392729,37.764167],[-122.394303,37.766593]]]}},{"type":"Feature","properties":{"geoid":"06075022802","name":"Noe Valley","city":"San Francisco","county":"San Francisco","centroid":[-122.40568766666668,37.759183]},"geometry":{"type":"Polygon","coordinates":[[[-122.408424,37.764427],[-122.40509,37.764628],[-122.406492,37.760255],[-122.403544,37.756804],[-122.403127,37.754478],[-122.407449,37.754506],[-122.408424,37.764427]]]}},{"type":"Feature","properties":{"geoid":"06075022902","name":"Bernal Heights","city":"San Francisco","county":"San Francisco","centroid":[-122.4103745,37.75134225]},"geometry":{"type":"Polygon","coordinates":[[[-122.412047,37.75423],[-122.409253,37.754398],[-122.40871,37.748397],[-122.411488,37.748344],[-122.412047,37.75423]]]}},{"type":"Feature","properties":{"geoid":"06075022903","name":"Potrero Terrace","city":"San Francisco","county":"San Francisco","centroid":[-122.40621499999999,37.7516425]},"geometry":{"type":"Polygon","coordinates":[[[-122.409239,37.754262],[-122.403127,37.754478],[-122.403784,37.749433],[-122.40871,37.748397],[-122.409239,37.754262]]]}},{"type":"Feature","properties":{"geoid":"06075023001","name":"Silver Terrace","city":"San Francisco","county":"San Francisco","centroid":[-122.40126024999999,37.73588125]},"geometry":{"type":"Polygon","coordinates":[[[-122.407009,37.738002],[-122.399982,37.739949],[-122.395945,37.737784],[-122.402105,37.72779],[-122.407009,37.738002]]]}},{"type":"Feature","properties":{"geoid":"06075023003","name":"Silver Terrace","city":"San Francisco","county":"San Francisco","centroid":[-122.39538157142856,37.732789000000004]},"geometry":{"type":"Polygon","coordinates":[[[-122.400293,37.731478],[-122.396515,37.737156],[-122.392776,37.735038],[-122.393904,37.733788],[-122.391617,37.732487],[-122.392699,37.729284],[-122.399867,37.730292],[-122.400293,37.731478]]]}},{"type":"Feature","properties":{"geoid":"06013359103","name":"Pinole","city":"Pinole","county":"Contra Costa","centroid":[-122.29299516666664,38.00533825]},"geometry":{"type":"Polygon","coordinates":[[[-122.302435,37.995087],[-122.298481,38.004323],[-122.299566,38.005723],[-122.299508,38.016207],[-122.293098,38.015231],[-122.294764,38.013355],[-122.290731,38.007931],[-122.284979,38.009081],[-122.281647,38.004107],[-122.279746,38.004006],[-122.288938,37.995567],[-122.302049,37.993441],[-122.302435,37.995087]]]}},{"type":"Feature","properties":{"geoid":"06013317000","name":"Unincorporated Contra Costa","city":"","county":"Contra Costa","centroid":[-122.12818480000003,38.01777506666667]},"geometry":{"type":"Polygon","coordinates":[[[-122.13674,38.013772],[-122.133936,38.015442],[-122.13482,38.016581],[-122.133045,38.015842],[-122.130533,38.017221],[-122.134877,38.020031],[-122.128412,38.023318],[-122.12823,38.021777],[-122.125703,38.021539],[-122.124463,38.023858],[-122.117954,38.025188],[-122.117928,38.014396],[-122.119881,38.013492],[-122.123729,38.014826],[-122.132521,38.009343],[-122.13674,38.013772]]]}},{"type":"Feature","properties":{"geoid":"06013328000","name":"Four Corners","city":"Concord","county":"Contra Costa","centroid":[-122.03662045454547,37.97481527272727]},"geometry":{"type":"Polygon","coordinates":[[[-122.047479,37.971173],[-122.043319,37.978992],[-122.038594,37.977992],[-122.031081,37.981595],[-122.028856,37.97679],[-122.028664,37.975462],[-122.033786,37.97424],[-122.032756,37.971788],[-122.035965,37.9717],[-122.037298,37.973331],[-122.045027,37.969905],[-122.047479,37.971173]]]}},{"type":"Feature","properties":{"geoid":"06001450744","name":"Pleasanton","city":"Pleasanton","county":"Alameda","centroid":[-121.86121100000001,37.69648233333333]},"geometry":{"type":"Polygon","coordinates":[[[-121.878828,37.70116],[-121.849501,37.701354],[-121.848315,37.699585],[-121.848239,37.69396],[-121.864237,37.693942],[-121.878146,37.688893],[-121.878828,37.70116]]]}},{"type":"Feature","properties":{"geoid":"06001405901","name":"San Antonio","city":"Oakland","county":"Alameda","centroid":[-122.235823,37.7879205]},"geometry":{"type":"Polygon","coordinates":[[[-122.240966,37.786564],[-122.235512,37.792267],[-122.230914,37.789441],[-122.2359,37.78341],[-122.240966,37.786564]]]}},{"type":"Feature","properties":{"geoid":"06001450101","name":"Hacienda","city":"Dublin","county":"Alameda","centroid":[-121.88734728571428,37.706121]},"geometry":{"type":"Polygon","coordinates":[[[-121.903818,37.705805],[-121.893189,37.70624],[-121.893203,37.708982],[-121.878348,37.708556],[-121.87201,37.709806],[-121.872208,37.701578],[-121.898655,37.70188],[-121.903818,37.705805]]]}},{"type":"Feature","properties":{"geoid":"06013330000","name":"Concord","city":"Concord","county":"Contra Costa","centroid":[-122.02522400000001,37.99119877777778]},"geometry":{"type":"Polygon","coordinates":[[[-122.033746,37.988925],[-122.032712,37.992599],[-122.025327,38.002871],[-122.024677,37.998188],[-122.0212,37.994137],[-122.023079,37.99333],[-122.021148,37.988859],[-122.015534,37.983335],[-122.029593,37.978545],[-122.033746,37.988925]]]}},{"type":"Feature","properties":{"geoid":"06013332000","name":"Concord","city":"Concord","county":"Contra Costa","centroid":[-122.00078489999999,37.9832387]},"geometry":{"type":"Polygon","coordinates":[[[-122.012087,37.985181],[-122.010111,37.986847],[-122.009696,37.990515],[-122.006199,37.992332],[-122.004545,37.991051],[-122.00317,37.992452],[-121.981603,37.976618],[-121.989426,37.970009],[-121.994954,37.974135],[-121.996058,37.973247],[-122.012087,37.985181]]]}},{"type":"Feature","properties":{"geoid":"06013371000","name":"East Richmond","city":"Richmond","county":"Contra Costa","centroid":[-122.329447875,37.941452875]},"geometry":{"type":"Polygon","coordinates":[[[-122.336936,37.934342],[-122.334702,37.943652],[-122.329037,37.943691],[-122.331638,37.949088],[-122.326394,37.949154],[-122.323865,37.94317],[-122.326877,37.935843],[-122.326134,37.932683],[-122.336936,37.934342]]]}},{"type":"Feature","properties":{"geoid":"06013372000","name":"East Richmond","city":"Richmond","county":"Contra Costa","centroid":[-122.34075100000001,37.950133625]},"geometry":{"type":"Polygon","coordinates":[[[-122.347473,37.944549],[-122.346821,37.956277],[-122.342529,37.955353],[-122.340315,37.952483],[-122.338854,37.953423],[-122.333508,37.951664],[-122.329037,37.943691],[-122.347471,37.943629],[-122.347473,37.944549]]]}},{"type":"Feature","properties":{"geoid":"06013373000","name":"Iron Triangle","city":"Richmond","county":"Contra Costa","centroid":[-122.35505871428573,37.94970242857143]},"geometry":{"type":"Polygon","coordinates":[[[-122.360067,37.950321],[-122.358224,37.954744],[-122.356921,37.95473],[-122.35713,37.950335],[-122.347409,37.950324],[-122.347471,37.943832],[-122.358189,37.943631],[-122.360067,37.950321]]]}},{"type":"Feature","properties":{"geoid":"06013310000","name":"Pittsburg","city":"Pittsburg","county":"Contra Costa","centroid":[-121.88959799999999,38.02719272727273]},"geometry":{"type":"Polygon","coordinates":[[[-121.917842,38.027783],[-121.916341,38.02951],[-121.893571,38.029425],[-121.892973,38.030882],[-121.891321,38.03089],[-121.881233,38.028812],[-121.878501,38.027797],[-121.878712,38.025761],[-121.871814,38.024262],[-121.873916,38.019524],[-121.889354,38.024474],[-121.917842,38.027783]]]}},{"type":"Feature","properties":{"geoid":"06013374000","name":"Easter Hill Village","city":"Richmond","county":"Contra Costa","centroid":[-122.34166725,37.93936275]},"geometry":{"type":"Polygon","coordinates":[[[-122.347546,37.935945],[-122.347471,37.943629],[-122.334702,37.943652],[-122.33695,37.934225],[-122.347546,37.935945]]]}},{"type":"Feature","properties":{"geoid":"06013375000","name":"Iron Triangle","city":"Richmond","county":"Contra Costa","centroid":[-122.3514145,37.93973075]},"geometry":{"type":"Polygon","coordinates":[[[-122.358152,37.943673],[-122.347471,37.943832],[-122.347547,37.935718],[-122.352488,37.9357],[-122.358152,37.943673]]]}},{"type":"Feature","properties":{"geoid":"06013376000","name":"Iron Triangle","city":"Richmond","county":"Contra Costa","centroid":[-122.35937933333334,37.939618833333334]},"geometry":{"type":"Polygon","coordinates":[[[-122.371857,37.936898],[-122.360067,37.950321],[-122.357534,37.942274],[-122.352488,37.9357],[-122.357127,37.935703],[-122.357203,37.936817],[-122.371857,37.936898]]]}},{"type":"Feature","properties":{"geoid":"06013377000","name":"Iron Triangle","city":"Richmond","county":"Contra Costa","centroid":[-122.36057750000002,37.934659833333335]},"geometry":{"type":"Polygon","coordinates":[[[-122.377515,37.931358],[-122.37189,37.936837],[-122.357203,37.936817],[-122.357127,37.935703],[-122.352488,37.9357],[-122.347242,37.931544],[-122.377515,37.931358]]]}},{"type":"Feature","properties":{"geoid":"06013383000","name":"Richmond Annex","city":"Richmond","county":"Contra Costa","centroid":[-122.30984558333334,37.90639216666667]},"geometry":{"type":"Polygon","coordinates":[[[-122.317537,37.919103],[-122.314852,37.919083],[-122.311757,37.915994],[-122.305392,37.90673],[-122.304319,37.904412],[-122.309891,37.902024],[-122.308632,37.900913],[-122.307054,37.902504],[-122.307323,37.90065],[-122.305407,37.898163],[-122.309261,37.897728],[-122.316722,37.909402],[-122.317537,37.919103]]]}},{"type":"Feature","properties":{"geoid":"06013385200","name":"East Richmond","city":"El Cerrito","county":"Contra Costa","centroid":[-122.30866215384614,37.92784815384615]},"geometry":{"type":"Polygon","coordinates":[[[-122.316423,37.926385],[-122.31355,37.926779],[-122.311147,37.929684],[-122.311137,37.931561],[-122.308611,37.932402],[-122.306813,37.932279],[-122.306089,37.929615],[-122.304343,37.929734],[-122.30245,37.927093],[-122.305193,37.924417],[-122.306823,37.923898],[-122.308078,37.924945],[-122.311951,37.923234],[-122.316423,37.926385]]]}},{"type":"Feature","properties":{"geoid":"06013387000","name":"Richmond Annex","city":"El Cerrito","county":"Contra Costa","centroid":[-122.30713071428572,37.917777428571426]},"geometry":{"type":"Polygon","coordinates":[[[-122.311577,37.915739],[-122.309169,37.916799],[-122.311388,37.919968],[-122.305824,37.92269],[-122.30422,37.922542],[-122.299248,37.915431],[-122.308489,37.911273],[-122.311577,37.915739]]]}},{"type":"Feature","properties":{"geoid":"06013345101","name":"San Ramon","city":"San Ramon","county":"Contra Costa","centroid":[-121.9385815,37.732069749999994]},"geometry":{"type":"Polygon","coordinates":[[[-121.950184,37.73718],[-121.938124,37.740767],[-121.925823,37.726848],[-121.940195,37.723484],[-121.950184,37.73718]]]}},{"type":"Feature","properties":{"geoid":"06013391000","name":"Thousand Oaks","city":"Kensington","county":"Contra Costa","centroid":[-122.28584036363637,37.90760190909091]},"geometry":{"type":"Polygon","coordinates":[[[-122.291041,37.904153],[-122.288456,37.905623],[-122.289055,37.909076],[-122.287181,37.909913],[-122.289084,37.914253],[-122.284705,37.917373],[-122.279943,37.911285],[-122.2807,37.908827],[-122.277282,37.901721],[-122.288169,37.897835],[-122.288628,37.903562],[-122.291041,37.904153]]]}},{"type":"Feature","properties":{"geoid":"06013315000","name":"Unincorporated Contra Costa","city":"","county":"Contra Costa","centroid":[-122.0249253181818,38.03514559090909]},"geometry":{"type":"Polygon","coordinates":[[[-122.095261,38.048507],[-122.07743,38.054005],[-122.067298,38.060077],[-122.061103,38.062137],[-122.050874,38.060201],[-122.028411,38.05919],[-122.015175,38.063481],[-121.987567,38.066809],[-121.987824,38.036111],[-121.977885,38.033188],[-121.972526,38.029144],[-121.962071,38.02542],[-121.965781,38.0231],[-121.972049,38.024021],[-121.977437,38.023251],[-121.99792,38.013825],[-122.028981,38.008941],[-122.039956,38.00442],[-122.057078,38.000077],[-122.069168,38.014997],[-122.07095,38.027035],[-122.085612,38.035266],[-122.095261,38.048507]]]}},{"type":"Feature","properties":{"geoid":"06013347000","name":"Unincorporated Contra Costa","city":"","county":"Contra Costa","centroid":[-122.12558889705879,37.9270541617647]},"geometry":{"type":"Polygon","coordinates":[[[-122.164542,37.921303],[-122.162717,37.925778],[-122.152132,37.928595],[-122.149221,37.930846],[-122.148242,37.933735],[-122.142056,37.934983],[-122.140838,37.937268],[-122.13755,37.937964],[-122.13831,37.939212],[-122.134242,37.946124],[-122.135518,37.946401],[-122.13492,37.947823],[-122.136445,37.949591],[-122.134955,37.953482],[-122.135294,37.956203],[-122.138193,37.958329],[-122.13519,37.957465],[-122.133256,37.958318],[-122.132153,37.962456],[-122.129396,37.963715],[-122.128023,37.966228],[-122.119911,37.967276],[-122.109801,37.959867],[-122.10699,37.956],[-122.093217,37.955063],[-122.091161,37.95651],[-122.087837,37.95416],[-122.089805,37.950806],[-122.089993,37.936878],[-122.097147,37.931925],[-122.095812,37.926362],[-122.097237,37.92089],[-122.100011,37.91896],[-122.098415,37.912372],[-122.100519,37.908205],[-122.111637,37.913979],[-122.121217,37.916508],[-122.121228,37.911216],[-122.115851,37.911031],[-122.116533,37.909629],[-122.113322,37.908483],[-122.114101,37.907116],[-122.111068,37.904893],[-122.10487,37.907944],[-122.102999,37.906489],[-122.100715,37.907011],[-122.099207,37.903034],[-122.107671,37.90123],[-122.112975,37.90574],[-122.114869,37.904125],[-122.116634,37.905367],[-122.12496,37.905827],[-122.125086,37.906729],[-122.127226,37.9067],[-122.12743,37.903037],[-122.128529,37.909405],[-122.141775,37.909467],[-122.143472,37.911474],[-122.143973,37.909453],[-122.147775,37.909456],[-122.146718,37.911123],[-122.151902,37.911135],[-122.150049,37.913558],[-122.141629,37.916107],[-122.149879,37.922296],[-122.160838,37.920409],[-122.160877,37.918226],[-122.161981,37.920393],[-122.164542,37.921303]]]}},{"type":"Feature","properties":{"geoid":"06013350000","name":"Rheem Valley","city":"Lafayette","county":"Contra Costa","centroid":[-122.13394589473687,37.88090405263158]},"geometry":{"type":"Polygon","coordinates":[[[-122.1624,37.869054],[-122.157162,37.882459],[-122.159188,37.883457],[-122.154176,37.888796],[-122.154398,37.891824],[-122.135573,37.890369],[-122.120981,37.893764],[-122.120277,37.891811],[-122.118728,37.892024],[-122.118003,37.886381],[-122.11913,37.882348],[-122.121484,37.880694],[-122.12605,37.880453],[-122.123678,37.877751],[-122.127231,37.875576],[-122.123741,37.871855],[-122.125198,37.868414],[-122.12433,37.860202],[-122.153244,37.869945],[-122.1624,37.869054]]]}},{"type":"Feature","properties":{"geoid":"06013359102","name":"Pinole","city":"Pinole","county":"Contra Costa","centroid":[-122.30894099999999,38.004522058823525]},"geometry":{"type":"Polygon","coordinates":[[[-122.317725,38.000879],[-122.316273,38.001542],[-122.316938,38.00231],[-122.31188,38.004441],[-122.312938,38.005611],[-122.314386,38.004769],[-122.312916,38.015364],[-122.304651,38.015388],[-122.302511,38.017636],[-122.299508,38.016207],[-122.299566,38.005723],[-122.298481,38.004323],[-122.302379,37.99529],[-122.307279,37.996421],[-122.308668,37.995371],[-122.310217,37.998693],[-122.315681,37.996907],[-122.317725,38.000879]]]}},{"type":"Feature","properties":{"geoid":"06013362000","name":"East Richmond","city":"East Richmond Heights","county":"Contra Costa","centroid":[-122.31566084210527,37.94592852631579]},"geometry":{"type":"Polygon","coordinates":[[[-122.324435,37.953485],[-122.318284,37.954923],[-122.316131,37.953218],[-122.316691,37.951012],[-122.315642,37.949715],[-122.311776,37.94723],[-122.311614,37.944079],[-122.307602,37.94273],[-122.303189,37.939123],[-122.303575,37.938204],[-122.313257,37.940025],[-122.317152,37.93894],[-122.318122,37.940976],[-122.316783,37.943335],[-122.318183,37.943252],[-122.319363,37.945607],[-122.320385,37.945044],[-122.323295,37.949748],[-122.322077,37.951996],[-122.324435,37.953485]]]}},{"type":"Feature","properties":{"geoid":"06013379000","name":"Easter Hill Village","city":"Richmond","county":"Contra Costa","centroid":[-122.35664775,37.92832775000001]},"geometry":{"type":"Polygon","coordinates":[[[-122.375039,37.931362],[-122.347242,37.931544],[-122.338535,37.925159],[-122.365775,37.925246],[-122.375039,37.931362]]]}},{"type":"Feature","properties":{"geoid":"06013382000","name":"Richmond Annex","city":"Richmond","county":"Contra Costa","centroid":[-122.32016425000002,37.91376725]},"geometry":{"type":"Polygon","coordinates":[[[-122.338431,37.92516],[-122.3207,37.925442],[-122.32069,37.919237],[-122.317537,37.919103],[-122.317207,37.910347],[-122.309261,37.897728],[-122.311359,37.89749],[-122.326129,37.915631],[-122.338431,37.92516]]]}},{"type":"Feature","properties":{"geoid":"06013388000","name":"Richmond Annex","city":"El Cerrito","county":"Contra Costa","centroid":[-122.302491,37.9091745]},"geometry":{"type":"Polygon","coordinates":[[[-122.308413,37.911303],[-122.302276,37.914045],[-122.295004,37.907048],[-122.304271,37.904302],[-122.308413,37.911303]]]}},{"type":"Feature","properties":{"geoid":"06013389100","name":"Albany Hill","city":"El Cerrito","county":"Contra Costa","centroid":[-122.29834175,37.901962]},"geometry":{"type":"Polygon","coordinates":[[[-122.304271,37.904302],[-122.295004,37.907048],[-122.292655,37.898338],[-122.301437,37.89816],[-122.304271,37.904302]]]}},{"type":"Feature","properties":{"geoid":"06013389200","name":"Albany Hill","city":"El Cerrito","county":"Contra Costa","centroid":[-122.30634671428572,37.90099685714285]},"geometry":{"type":"Polygon","coordinates":[[[-122.309891,37.902024],[-122.304319,37.904412],[-122.301437,37.89816],[-122.305771,37.898315],[-122.307323,37.90065],[-122.307054,37.902504],[-122.308632,37.900913],[-122.309891,37.902024]]]}},{"type":"Feature","properties":{"geoid":"06013390100","name":"Richmond Annex","city":"El Cerrito","county":"Contra Costa","centroid":[-122.2918276,37.9130594]},"geometry":{"type":"Polygon","coordinates":[[[-122.302276,37.914045],[-122.293552,37.918151],[-122.286548,37.919287],[-122.284705,37.917373],[-122.289084,37.914253],[-122.287805,37.911335],[-122.292444,37.909724],[-122.292443,37.908523],[-122.293424,37.909533],[-122.295995,37.90837],[-122.302276,37.914045]]]}},{"type":"Feature","properties":{"geoid":"06013390200","name":"Thousand Oaks","city":"El Cerrito","county":"Contra Costa","centroid":[-122.29062766666668,37.90630625000001]},"geometry":{"type":"Polygon","coordinates":[[[-122.295995,37.90837],[-122.293424,37.909533],[-122.292443,37.908523],[-122.292444,37.909724],[-122.287805,37.911335],[-122.287181,37.909913],[-122.289055,37.909076],[-122.288456,37.905623],[-122.291041,37.904153],[-122.288596,37.90349],[-122.288437,37.897597],[-122.292655,37.898338],[-122.295995,37.90837]]]}},{"type":"Feature","properties":{"geoid":"06013333200","name":"Turtle Creek","city":"Concord","county":"Contra Costa","centroid":[-121.98420362499999,37.9714205]},"geometry":{"type":"Polygon","coordinates":[[[-122.001815,37.96841],[-121.994954,37.974135],[-121.989426,37.970009],[-121.981603,37.976618],[-121.977639,37.973711],[-121.975476,37.975529],[-121.970023,37.971742],[-121.982693,37.96121],[-122.001815,37.96841]]]}},{"type":"Feature","properties":{"geoid":"06013334001","name":"Turtle Creek","city":"Concord","county":"Contra Costa","centroid":[-122.00152499999999,37.9623476]},"geometry":{"type":"Polygon","coordinates":[[[-122.009362,37.970005],[-121.992637,37.964794],[-121.995983,37.959836],[-122.001615,37.95545],[-122.008028,37.961653],[-122.009362,37.970005]]]}},{"type":"Feature","properties":{"geoid":"06085503123","name":"Communications Hill","city":"San Jose","county":"Santa Clara","centroid":[-121.87749671428571,37.297978]},"geometry":{"type":"Polygon","coordinates":[[[-121.882149,37.30347],[-121.878612,37.304342],[-121.873771,37.297051],[-121.872864,37.294715],[-121.874027,37.293416],[-121.880689,37.292242],[-121.880365,37.30061],[-121.882149,37.30347]]]}},{"type":"Feature","properties":{"geoid":"06013335000","name":"Four Corners","city":"Concord","county":"Contra Costa","centroid":[-122.02225899999999,37.970078799999996]},"geometry":{"type":"Polygon","coordinates":[[[-122.033345,37.974451],[-122.028664,37.975462],[-122.009362,37.970005],[-122.007953,37.961776],[-122.031971,37.9687],[-122.033345,37.974451]]]}},{"type":"Feature","properties":{"geoid":"06013336101","name":"Four Corners","city":"Concord","county":"Contra Costa","centroid":[-122.03618259999999,37.968143999999995]},"geometry":{"type":"Polygon","coordinates":[[[-122.039388,37.972504],[-122.037298,37.973331],[-122.035965,37.9717],[-122.032589,37.971862],[-122.030172,37.962521],[-122.033643,37.960066],[-122.039116,37.966194],[-122.038154,37.966735],[-122.038852,37.967725],[-122.036649,37.968802],[-122.039388,37.972504]]]}},{"type":"Feature","properties":{"geoid":"06013338201","name":"Walnut Creek","city":"Walnut Creek","county":"Contra Costa","centroid":[-122.03125874999999,37.9313765]},"geometry":{"type":"Polygon","coordinates":[[[-122.04688,37.934066],[-122.02914,37.943145],[-122.014678,37.927466],[-122.034337,37.920829],[-122.04688,37.934066]]]}},{"type":"Feature","properties":{"geoid":"06013338301","name":"Walnut Creek","city":"Walnut Creek","county":"Contra Costa","centroid":[-122.01737533333335,37.919988666666676]},"geometry":{"type":"Polygon","coordinates":[[[-122.034337,37.920829],[-122.014678,37.927466],[-122.011503,37.923967],[-122.010314,37.917548],[-122.007638,37.914283],[-122.025782,37.915839],[-122.034337,37.920829]]]}},{"type":"Feature","properties":{"geoid":"06013311000","name":"Pittsburg","city":"Pittsburg","county":"Contra Costa","centroid":[-121.89448600000001,38.02133633333333]},"geometry":{"type":"Polygon","coordinates":[[[-121.906899,38.020168],[-121.906669,38.026155],[-121.890439,38.024653],[-121.880402,38.021831],[-121.882969,38.015536],[-121.899538,38.019675],[-121.906899,38.020168]]]}},{"type":"Feature","properties":{"geoid":"06013312000","name":"Pittsburg","city":"Pittsburg","county":"Contra Costa","centroid":[-121.86406266666667,38.01341283333333]},"geometry":{"type":"Polygon","coordinates":[[[-121.882969,38.015536],[-121.880402,38.021831],[-121.854998,38.013139],[-121.855877,38.010797],[-121.853949,38.010062],[-121.856181,38.009112],[-121.882969,38.015536]]]}},{"type":"Feature","properties":{"geoid":"06013345102","name":"San Ramon","city":"San Ramon","county":"Contra Costa","centroid":[-121.9487302,37.746310400000006]},"geometry":{"type":"Polygon","coordinates":[[[-121.956934,37.747463],[-121.951323,37.752419],[-121.947117,37.753711],[-121.937838,37.740878],[-121.950439,37.737081],[-121.956934,37.747463]]]}},{"type":"Feature","properties":{"geoid":"06013352201","name":"Rheem Valley","city":"Orinda","county":"Contra Costa","centroid":[-122.14403475,37.85416358333334]},"geometry":{"type":"Polygon","coordinates":[[[-122.156334,37.869297],[-122.155231,37.870132],[-122.147541,37.868591],[-122.12433,37.860202],[-122.127275,37.84248],[-122.125666,37.836506],[-122.127504,37.834027],[-122.151439,37.846348],[-122.152713,37.84888],[-122.151933,37.853327],[-122.155374,37.85637],[-122.153077,37.863803],[-122.156334,37.869297]]]}},{"type":"Feature","properties":{"geoid":"06013353002","name":"Glorietta","city":"Orinda","county":"Contra Costa","centroid":[-122.167232,37.88103925]},"geometry":{"type":"Polygon","coordinates":[[[-122.182611,37.879414],[-122.176952,37.887668],[-122.172458,37.890877],[-122.163911,37.892787],[-122.154398,37.891824],[-122.154176,37.888796],[-122.159188,37.883457],[-122.157162,37.882459],[-122.16217,37.869465],[-122.168441,37.862208],[-122.175657,37.866348],[-122.17966,37.877168],[-122.182611,37.879414]]]}},{"type":"Feature","properties":{"geoid":"06013356001","name":"Unincorporated Contra Costa","city":"","county":"Contra Costa","centroid":[-122.22853753333334,38.02514153333333]},"geometry":{"type":"Polygon","coordinates":[[[-122.262315,38.02273],[-122.24764,38.038456],[-122.238234,38.045168],[-122.231918,38.043483],[-122.227179,38.044747],[-122.223187,38.043078],[-122.207329,38.028878],[-122.198754,38.025381],[-122.190378,38.015431],[-122.205336,38.008795],[-122.216197,38.007198],[-122.224682,38.008336],[-122.242109,38.015005],[-122.256687,38.013779],[-122.256118,38.016658],[-122.262315,38.02273]]]}},{"type":"Feature","properties":{"geoid":"06013358000","name":"Rodeo","city":"Rodeo","county":"Contra Costa","centroid":[-122.25761118181818,38.04813754545455]},"geometry":{"type":"Polygon","coordinates":[[[-122.276059,38.04349],[-122.269618,38.044414],[-122.268932,38.04543],[-122.269578,38.060404],[-122.265347,38.059918],[-122.245251,38.063969],[-122.226413,38.061073],[-122.22683,38.053676],[-122.24764,38.038456],[-122.262315,38.02273],[-122.27574,38.035953],[-122.276059,38.04349]]]}},{"type":"Feature","properties":{"geoid":"06013990000","name":"Richmond","city":"Richmond","county":"Contra Costa","centroid":[-122.36384908928571,37.97691351785715]},"geometry":{"type":"Polygon","coordinates":[[[-122.441584,37.973923],[-122.392783,38.027021],[-122.37598,38.048466],[-122.347454,38.07326],[-122.269578,38.060404],[-122.270062,38.056105],[-122.268367,38.049624],[-122.269456,38.044477],[-122.279258,38.041824],[-122.281154,38.038647],[-122.281154,38.031689],[-122.28676,38.030386],[-122.288694,38.026797],[-122.291879,38.026574],[-122.294823,38.024382],[-122.296598,38.019934],[-122.301276,38.018631],[-122.304651,38.015388],[-122.319813,38.015769],[-122.331237,38.006425],[-122.331023,38.003783],[-122.36363,38.017307],[-122.36783,38.016931],[-122.370812,38.014247],[-122.373352,38.008591],[-122.370978,37.995958],[-122.368277,37.991319],[-122.377306,37.980496],[-122.384884,37.980273],[-122.392646,37.974451],[-122.399823,37.972582],[-122.403227,37.967771],[-122.435065,37.967066],[-122.435397,37.961074],[-122.426527,37.951684],[-122.428391,37.947875],[-122.427766,37.944592],[-122.419731,37.940324],[-122.419898,37.93599],[-122.417802,37.932514],[-122.410976,37.927425],[-122.406439,37.926637],[-122.402693,37.923682],[-122.399072,37.92296],[-122.393335,37.918117],[-122.396539,37.907677],[-122.390884,37.904476],[-122.382187,37.903393],[-122.38098,37.898796],[-122.376071,37.89502],[-122.364089,37.895086],[-122.359328,37.891137],[-122.358981,37.887225],[-122.373782,37.883725],[-122.432283,37.929824],[-122.440984,37.957423],[-122.441584,37.973923]]]}},{"type":"Feature","properties":{"geoid":"06013359204","name":"Hercules","city":"Hercules","county":"Contra Costa","centroid":[-122.26238133333334,37.99775175]},"geometry":{"type":"Polygon","coordinates":[[[-122.281715,38.00099],[-122.272711,38.011538],[-122.267266,38.006336],[-122.249877,37.998897],[-122.246942,37.995497],[-122.248853,37.995338],[-122.249966,37.992076],[-122.253677,37.993614],[-122.259538,37.99176],[-122.26507,37.991872],[-122.274881,37.995064],[-122.27808,38.000039],[-122.281715,38.00099]]]}},{"type":"Feature","properties":{"geoid":"06013360200","name":"Richmond","city":"Richmond","county":"Contra Costa","centroid":[-122.29276100000001,37.96746345454545]},"geometry":{"type":"Polygon","coordinates":[[[-122.309435,37.966868],[-122.306653,37.970462],[-122.295148,37.978148],[-122.291555,37.976905],[-122.286871,37.969021],[-122.282282,37.965972],[-122.281131,37.961705],[-122.283204,37.960101],[-122.286483,37.96252],[-122.294953,37.963553],[-122.302656,37.966843],[-122.309435,37.966868]]]}},{"type":"Feature","properties":{"geoid":"06013364002","name":"Tara Hills","city":"Tara Hills","county":"Contra Costa","centroid":[-122.31551693333331,37.99527533333333]},"geometry":{"type":"Polygon","coordinates":[[[-122.332727,37.990883],[-122.323715,37.998866],[-122.316938,38.00231],[-122.316273,38.001542],[-122.317724,38.000813],[-122.315681,37.996907],[-122.310217,37.998693],[-122.308668,37.995371],[-122.307279,37.996421],[-122.302379,37.99529],[-122.302049,37.993441],[-122.309078,37.991544],[-122.314876,37.986746],[-122.32506,37.990399],[-122.33009,37.989904],[-122.332727,37.990883]]]}},{"type":"Feature","properties":{"geoid":"06013366001","name":"San Pablo","city":"San Pablo","county":"Contra Costa","centroid":[-122.3472555,37.975602]},"geometry":{"type":"Polygon","coordinates":[[[-122.353236,37.978816],[-122.352953,37.979904],[-122.346711,37.981555],[-122.338327,37.981558],[-122.342057,37.976118],[-122.34415,37.9674],[-122.346694,37.968071],[-122.345889,37.969174],[-122.35179,37.975136],[-122.350748,37.978288],[-122.353236,37.978816]]]}},{"type":"Feature","properties":{"geoid":"06013313102","name":"Pittsburg","city":"Pittsburg","county":"Contra Costa","centroid":[-121.86528375,38.0052795]},"geometry":{"type":"Polygon","coordinates":[[[-121.873982,37.99936],[-121.870384,38.009486],[-121.868789,38.011089],[-121.866939,38.011835],[-121.855551,38.009245],[-121.85663,38.00525],[-121.856032,37.998],[-121.873963,37.997971],[-121.873982,37.99936]]]}},{"type":"Feature","properties":{"geoid":"06013314102","name":"Pittsburg","city":"Pittsburg","county":"Contra Costa","centroid":[-121.917475875,38.0311758125]},"geometry":{"type":"Polygon","coordinates":[[[-121.93282,38.028096],[-121.931735,38.03053],[-121.92805,38.029815],[-121.928097,38.046983],[-121.90857,38.04502],[-121.908779,38.039085],[-121.899905,38.03853],[-121.902005,38.034551],[-121.901146,38.030918],[-121.917564,38.028689],[-121.917913,38.02753],[-121.906669,38.026155],[-121.906899,38.020168],[-121.92824,38.019182],[-121.928366,38.026781],[-121.932856,38.02678],[-121.93282,38.028096]]]}},{"type":"Feature","properties":{"geoid":"06013316000","name":"Martinez","city":"Martinez","county":"Contra Costa","centroid":[-122.13940564705881,38.0209165882353]},"geometry":{"type":"Polygon","coordinates":[[[-122.158155,38.024883],[-122.146674,38.023585],[-122.146866,38.031727],[-122.139366,38.032177],[-122.130174,38.034718],[-122.128412,38.023318],[-122.134877,38.020031],[-122.130533,38.017221],[-122.133045,38.015842],[-122.13482,38.016581],[-122.133936,38.015442],[-122.13674,38.013772],[-122.13783,38.014852],[-122.139194,38.014032],[-122.142332,38.017281],[-122.148512,38.019223],[-122.14843,38.020897],[-122.158155,38.024883]]]}},{"type":"Feature","properties":{"geoid":"06013366002","name":"San Pablo","city":"San Pablo","county":"Contra Costa","centroid":[-122.35020290909092,37.968922727272734]},"geometry":{"type":"Polygon","coordinates":[[[-122.356485,37.966767],[-122.353258,37.978731],[-122.350748,37.978288],[-122.35179,37.975136],[-122.345889,37.969174],[-122.346694,37.968071],[-122.34415,37.9674],[-122.345425,37.962844],[-122.3512,37.963285],[-122.351764,37.964513],[-122.354829,37.963941],[-122.356485,37.966767]]]}},{"type":"Feature","properties":{"geoid":"06013367200","name":"Richmond","city":"Richmond","county":"Contra Costa","centroid":[-122.33436433333334,37.96683675]},"geometry":{"type":"Polygon","coordinates":[[[-122.345508,37.963547],[-122.343162,37.972053],[-122.340078,37.972277],[-122.337008,37.969324],[-122.337016,37.967774],[-122.33398,37.966364],[-122.326563,37.969453],[-122.321927,37.969181],[-122.322552,37.966332],[-122.329778,37.962087],[-122.334628,37.962811],[-122.340172,37.960838],[-122.345508,37.963547]]]}}]}